run_id,peer_count,block_id,serial_position,tx_id,timestamp,latency_ms,rbac_overhead_ms,host_id,session_id
PEER-04-R1,4,770119,0,76844bfff4ae721f01898832,2025-10-01T09:00:00+01:00,1221.8,319.2,bench-host-01,peer-scaling-2025-10
PEER-04-R1,4,770119,1,ced4019f4f8c0e0e7288e10c,2025-10-01T09:00:00+01:00,1198.8,321.8,bench-host-01,peer-scaling-2025-10
PEER-04-R1,4,770119,2,123326069619f5b4038bf145,2025-10-01T09:00:01+01:00,1210.7,312.3,bench-host-01,peer-scaling-2025-10
PEER-04-R1,4,770119,3,5a77a6e75c7f1d180398ef86,2025-10-01T09:00:01+01:00,1174.3,325.4,bench-host-01,peer-scaling-2025-10
PEER-04-R1,4,770119,4,48257a0a5412b95917ba9695,2025-10-01T09:00:02+01:00,1199.8,319.4,bench-host-01,peer-scaling-2025-10
PEER-04-R1,4,770119,5,ebe7be92e7834dd90f3dd595,2025-10-01T09:00:03+01:00,1074.6,316.8,bench-host-01,peer-scaling-2025-10
PEER-04-R1,4,770119,6,30c5596ef48bfe1787aa86ab,2025-10-01T09:00:03+01:00,1147.7,322.5,bench-host-01,peer-scaling-2025-10
PEER-04-R1,4,770119,7,7fda3eea103861547196c2d0,2025-10-01T09:00:04+01:00,1137.3,316.7,bench-host-01,peer-scaling-2025-10
PEER-04-R1,4,770120,8,21d88987795b464c6a37632a,2025-10-01T09:00:04+01:00,1218.2,316.4,bench-host-01,peer-scaling-2025-10
PEER-04-R1,4,770120,9,18f0a3742ad85c3b7866c964,2025-10-01T09:00:05+01:00,1248.6,316.4,bench-host-01,peer-scaling-2025-10
PEER-04-R1,4,770120,10,1dde381a53702dac16e49246,2025-10-01T09:00:06+01:00,1209.8,321.1,bench-host-01,peer-scaling-2025-10
PEER-04-R1,4,770120,11,dfa31b5e16a7931b921f0d4c,2025-10-01T09:00:06+01:00,1232.0,330.4,bench-host-01,peer-scaling-2025-10
PEER-04-R1,4,770120,12,9d332d16984f4fcbd648dddd,2025-10-01T09:00:07+01:00,1261.7,330.9,bench-host-01,peer-scaling-2025-10
PEER-04-R1,4,770120,13,17bd95885ac1acc61aa8aaac,2025-10-01T09:00:07+01:00,1192.5,323.6,bench-host-01,peer-scaling-2025-10
PEER-04-R1,4,770120,14,269051cbbe0a511b6569f6e3,2025-10-01T09:00:08+01:00,1225.8,324.7,bench-host-01,peer-scaling-2025-10
PEER-04-R1,4,770120,15,c22b497e55d7fe59e98897a4,2025-10-01T09:00:09+01:00,1096.6,323.4,bench-host-01,peer-scaling-2025-10
PEER-04-R1,4,770121,16,967b208d7210ff5a66b43e03,2025-10-01T09:00:09+01:00,1277.8,324.2,bench-host-01,peer-scaling-2025-10
PEER-04-R1,4,770121,17,a0d0bfd393ac86f2f4e6d491,2025-10-01T09:00:10+01:00,1238.9,318.8,bench-host-01,peer-scaling-2025-10
PEER-04-R1,4,770121,18,c0e74c1da42cec0edc327e73,2025-10-01T09:00:10+01:00,1078.6,323.6,bench-host-01,peer-scaling-2025-10
PEER-04-R1,4,770121,19,3489fcd5c3850d36d2956bac,2025-10-01T09:00:11+01:00,1131.3,325.5,bench-host-01,peer-scaling-2025-10
PEER-04-R1,4,770121,20,5e69362d550a9059671534f0,2025-10-01T09:00:12+01:00,1131.2,318.1,bench-host-01,peer-scaling-2025-10
PEER-04-R1,4,770121,21,dcacb5ff131e045c9be1276a,2025-10-01T09:00:12+01:00,1190.6,317.3,bench-host-01,peer-scaling-2025-10
PEER-04-R1,4,770121,22,9269d002222cc32a4726bf82,2025-10-01T09:00:13+01:00,1187.5,316.6,bench-host-01,peer-scaling-2025-10
PEER-04-R1,4,770121,23,a7c9efd0bfda4a5f6616a563,2025-10-01T09:00:13+01:00,1190.0,323.5,bench-host-01,peer-scaling-2025-10
PEER-04-R1,4,770121,24,59b5ba2849f01d75340a6dac,2025-10-01T09:00:14+01:00,1220.3,330.9,bench-host-01,peer-scaling-2025-10
PEER-04-R1,4,770121,25,ee10d8f606188aed1fc58f22,2025-10-01T09:00:15+01:00,1303.9,326.0,bench-host-01,peer-scaling-2025-10
PEER-04-R1,4,770122,26,bce97aa908418314dee9c792,2025-10-01T09:00:15+01:00,1231.5,321.3,bench-host-01,peer-scaling-2025-10
PEER-04-R1,4,770122,27,48d8414060503af4a4d89878,2025-10-01T09:00:16+01:00,1171.7,322.8,bench-host-01,peer-scaling-2025-10
PEER-04-R1,4,770122,28,7055a9cfe80f8d230df30177,2025-10-01T09:00:16+01:00,1191.2,325.8,bench-host-01,peer-scaling-2025-10
PEER-04-R1,4,770122,29,e5b92733bb5a1331a1363a0a,2025-10-01T09:00:17+01:00,1110.5,327.2,bench-host-01,peer-scaling-2025-10
PEER-04-R1,4,770123,30,b0dca47e7453d8b03f7473e6,2025-10-01T09:00:18+01:00,1146.3,321.6,bench-host-01,peer-scaling-2025-10
PEER-04-R1,4,770123,31,9bda827ae92d96c72a3fbc1f,2025-10-01T09:00:18+01:00,1184.4,321.9,bench-host-01,peer-scaling-2025-10
PEER-04-R1,4,770123,32,59058bc1f5f344715463b176,2025-10-01T09:00:19+01:00,1197.7,328.0,bench-host-01,peer-scaling-2025-10
PEER-04-R1,4,770123,33,3d83f487532e95981e03bd6a,2025-10-01T09:00:19+01:00,1204.9,316.3,bench-host-01,peer-scaling-2025-10
PEER-04-R1,4,770123,34,cf8977e67e940a9e6873c729,2025-10-01T09:00:20+01:00,1234.2,323.8,bench-host-01,peer-scaling-2025-10
PEER-04-R1,4,770123,35,ded47336f8e57af87a4e1beb,2025-10-01T09:00:21+01:00,1246.1,328.8,bench-host-01,peer-scaling-2025-10
PEER-04-R1,4,770123,36,70afb41265fb43c02b312243,2025-10-01T09:00:21+01:00,1255.9,318.8,bench-host-01,peer-scaling-2025-10
PEER-04-R1,4,770123,37,5f3ca39c9717b2b48519836b,2025-10-01T09:00:22+01:00,1242.2,318.6,bench-host-01,peer-scaling-2025-10
PEER-04-R1,4,770123,38,177ba817af3341c5b8eb2314,2025-10-01T09:00:22+01:00,1172.1,324.1,bench-host-01,peer-scaling-2025-10
PEER-04-R1,4,770124,39,73f454349f9677146bd933be,2025-10-01T09:00:23+01:00,1168.4,327.9,bench-host-01,peer-scaling-2025-10
PEER-04-R1,4,770124,40,378ca7a91a3c521cd787041a,2025-10-01T09:00:24+01:00,1173.0,325.5,bench-host-01,peer-scaling-2025-10
PEER-04-R1,4,770124,41,2d2dea8c972b7e343f3b7ebe,2025-10-01T09:00:24+01:00,1129.5,322.4,bench-host-01,peer-scaling-2025-10
PEER-04-R1,4,770124,42,3bc82cbc5d101997dc82a009,2025-10-01T09:00:25+01:00,1320.0,320.3,bench-host-01,peer-scaling-2025-10
PEER-04-R1,4,770124,43,f6881ab7899fc3bad16ee1bf,2025-10-01T09:00:25+01:00,1150.6,318.3,bench-host-01,peer-scaling-2025-10
PEER-04-R1,4,770124,44,9b752e1af778523b0a079b32,2025-10-01T09:00:26+01:00,1216.8,319.9,bench-host-01,peer-scaling-2025-10
PEER-04-R1,4,770125,45,f498e45d30301b5f2945b4bf,2025-10-01T09:00:27+01:00,1204.6,318.7,bench-host-01,peer-scaling-2025-10
PEER-04-R1,4,770125,46,148f159a34812f0c337d26aa,2025-10-01T09:00:27+01:00,1264.9,317.3,bench-host-01,peer-scaling-2025-10
PEER-04-R1,4,770125,47,e15447ae84133dd1fd6f9a12,2025-10-01T09:00:28+01:00,1255.6,320.8,bench-host-01,peer-scaling-2025-10
PEER-04-R1,4,770125,48,a1c954fa5d7e98bfb71cf8a6,2025-10-01T09:00:28+01:00,1176.3,319.1,bench-host-01,peer-scaling-2025-10
PEER-04-R1,4,770125,49,6c56653abda3cdeb8da0faa9,2025-10-01T09:00:29+01:00,1215.1,322.2,bench-host-01,peer-scaling-2025-10
PEER-04-R1,4,770125,50,91f0741b6951036604ac2ef9,2025-10-01T09:00:30+01:00,1160.5,318.7,bench-host-01,peer-scaling-2025-10
PEER-04-R1,4,770125,51,7e3b816a9e211d0e6e36454b,2025-10-01T09:00:30+01:00,1224.9,323.4,bench-host-01,peer-scaling-2025-10
PEER-04-R1,4,770125,52,17850238eb4b6e3670cada73,2025-10-01T09:00:31+01:00,1207.6,320.9,bench-host-01,peer-scaling-2025-10
PEER-04-R1,4,770125,53,9e53cda0c78864feebdde004,2025-10-01T09:00:31+01:00,1190.3,322.6,bench-host-01,peer-scaling-2025-10
PEER-04-R1,4,770125,54,b9baa5440c901b7981fac19e,2025-10-01T09:00:32+01:00,1199.1,323.7,bench-host-01,peer-scaling-2025-10
PEER-04-R1,4,770125,55,ea70acc5ab3c3630a679c57f,2025-10-01T09:00:33+01:00,1133.7,314.3,bench-host-01,peer-scaling-2025-10
PEER-04-R1,4,770125,56,a76bb84722bdd117299d46f8,2025-10-01T09:00:33+01:00,1263.2,317.4,bench-host-01,peer-scaling-2025-10
PEER-04-R1,4,770125,57,218d16898638267f2696abde,2025-10-01T09:00:34+01:00,1225.3,327.5,bench-host-01,peer-scaling-2025-10
PEER-04-R1,4,770125,58,af2f7680b1b88104a809cdec,2025-10-01T09:00:34+01:00,1186.9,322.0,bench-host-01,peer-scaling-2025-10
PEER-04-R1,4,770125,59,bdb9bc339bcd8affa7a222cd,2025-10-01T09:00:35+01:00,1161.3,317.4,bench-host-01,peer-scaling-2025-10
PEER-04-R1,4,770125,60,e90bf5bc09bb7779418a2229,2025-10-01T09:00:36+01:00,1216.4,318.8,bench-host-01,peer-scaling-2025-10
PEER-04-R1,4,770125,61,7187b6497f7b16dd2a2d59d6,2025-10-01T09:00:36+01:00,1190.6,322.5,bench-host-01,peer-scaling-2025-10
PEER-04-R1,4,770125,62,1152dbbbeffa7afe1181fdaa,2025-10-01T09:00:37+01:00,1202.6,305.6,bench-host-01,peer-scaling-2025-10
PEER-04-R1,4,770125,63,6bcc676ce1dbafcbd75b483b,2025-10-01T09:00:37+01:00,1276.8,318.0,bench-host-01,peer-scaling-2025-10
PEER-04-R1,4,770125,64,0b0270979e9a754f5f6594ca,2025-10-01T09:00:38+01:00,1170.8,318.4,bench-host-01,peer-scaling-2025-10
PEER-04-R1,4,770125,65,4b42cf345f936fa3147598d0,2025-10-01T09:00:39+01:00,1147.8,318.8,bench-host-01,peer-scaling-2025-10
PEER-04-R1,4,770125,66,3e76629941675c85dcfbfb76,2025-10-01T09:00:39+01:00,1179.6,330.1,bench-host-01,peer-scaling-2025-10
PEER-04-R1,4,770125,67,41b83046da917d197dc4ceb6,2025-10-01T09:00:40+01:00,1169.1,312.7,bench-host-01,peer-scaling-2025-10
PEER-04-R1,4,770125,68,6332434789c2c5ab1e0e59e5,2025-10-01T09:00:40+01:00,1242.5,311.0,bench-host-01,peer-scaling-2025-10
PEER-04-R1,4,770125,69,1f62560591499b9d175d2493,2025-10-01T09:00:41+01:00,1218.3,324.7,bench-host-01,peer-scaling-2025-10
PEER-04-R1,4,770126,70,a844742a462b06558b801223,2025-10-01T09:00:42+01:00,1250.7,326.2,bench-host-01,peer-scaling-2025-10
PEER-04-R1,4,770126,71,a7c3f7a68199e22b10dea131,2025-10-01T09:00:42+01:00,1224.9,314.5,bench-host-01,peer-scaling-2025-10
PEER-04-R1,4,770126,72,f24794f7247debb0bf80cd18,2025-10-01T09:00:43+01:00,1253.0,335.6,bench-host-01,peer-scaling-2025-10
PEER-04-R1,4,770126,73,6c4e4f3523d753b884f3242f,2025-10-01T09:00:43+01:00,1188.7,323.3,bench-host-01,peer-scaling-2025-10
PEER-04-R1,4,770126,74,b4d9b7009bf154c8f9b8b5d9,2025-10-01T09:00:44+01:00,1217.8,313.5,bench-host-01,peer-scaling-2025-10
PEER-04-R1,4,770126,75,91ff81f9ed3a7c378370ade6,2025-10-01T09:00:45+01:00,1104.2,316.5,bench-host-01,peer-scaling-2025-10
PEER-04-R1,4,770126,76,26bf33409141459f3f217fdc,2025-10-01T09:00:45+01:00,1070.5,311.6,bench-host-01,peer-scaling-2025-10
PEER-04-R1,4,770126,77,701b2563f2ebe8c204c7f26f,2025-10-01T09:00:46+01:00,1149.1,326.8,bench-host-01,peer-scaling-2025-10
PEER-04-R1,4,770126,78,e44137a0126821412ec7637e,2025-10-01T09:00:46+01:00,1208.2,323.7,bench-host-01,peer-scaling-2025-10
PEER-04-R1,4,770126,79,e1639afa75629a9f8a307fb1,2025-10-01T09:00:47+01:00,1259.6,319.1,bench-host-01,peer-scaling-2025-10
PEER-04-R1,4,770127,80,96ac9eb85f8432239755a3b3,2025-10-01T09:00:48+01:00,1192.6,315.7,bench-host-01,peer-scaling-2025-10
PEER-04-R1,4,770127,81,3e6e9510565f5b35f0aa2d97,2025-10-01T09:00:48+01:00,1191.7,318.9,bench-host-01,peer-scaling-2025-10
PEER-04-R1,4,770127,82,0637c587df39ddf80ef957e5,2025-10-01T09:00:49+01:00,1139.4,320.6,bench-host-01,peer-scaling-2025-10
PEER-04-R1,4,770127,83,41969a658e1db63e4c0d829f,2025-10-01T09:00:49+01:00,1224.8,321.4,bench-host-01,peer-scaling-2025-10
PEER-04-R1,4,770127,84,8aceabcf386bd9532f6836e3,2025-10-01T09:00:50+01:00,1171.3,324.2,bench-host-01,peer-scaling-2025-10
PEER-04-R1,4,770127,85,f2ca8b9de35f7ae5d50ec3c8,2025-10-01T09:00:51+01:00,1168.0,325.6,bench-host-01,peer-scaling-2025-10
PEER-04-R1,4,770127,86,d2919751c6357725e31b40f4,2025-10-01T09:00:51+01:00,1259.7,321.6,bench-host-01,peer-scaling-2025-10
PEER-04-R1,4,770127,87,c3f1a61a5a4b00301bda0ec5,2025-10-01T09:00:52+01:00,1212.0,323.9,bench-host-01,peer-scaling-2025-10
PEER-04-R1,4,770127,88,c622ffa226700275a4e91501,2025-10-01T09:00:53+01:00,1176.6,322.7,bench-host-01,peer-scaling-2025-10
PEER-04-R1,4,770127,89,71ea7d9f8e65f36cb1628bde,2025-10-01T09:00:53+01:00,1275.4,324.2,bench-host-01,peer-scaling-2025-10
PEER-04-R1,4,770127,90,cc7180e48e5671c9d4c6bca5,2025-10-01T09:00:54+01:00,1069.6,322.8,bench-host-01,peer-scaling-2025-10
PEER-04-R1,4,770128,91,dea2cb0d961d5db8b3ed9132,2025-10-01T09:00:54+01:00,1250.7,322.2,bench-host-01,peer-scaling-2025-10
PEER-04-R1,4,770128,92,11b8f55aa05d5503c7c4720e,2025-10-01T09:00:55+01:00,1149.2,321.7,bench-host-01,peer-scaling-2025-10
PEER-04-R1,4,770128,93,b24e5db5a0f38d7d15260646,2025-10-01T09:00:56+01:00,1202.2,315.8,bench-host-01,peer-scaling-2025-10
PEER-04-R1,4,770128,94,6695fd7fd7cc0e025fcd1631,2025-10-01T09:00:56+01:00,1192.0,318.7,bench-host-01,peer-scaling-2025-10
PEER-04-R1,4,770128,95,166114b20dcd4b4a5d2422ab,2025-10-01T09:00:57+01:00,1183.7,322.5,bench-host-01,peer-scaling-2025-10
PEER-04-R1,4,770128,96,1ead6025449f390a1087f2c2,2025-10-01T09:00:57+01:00,1200.3,324.6,bench-host-01,peer-scaling-2025-10
PEER-04-R1,4,770128,97,7b58e39f7815f1326b315940,2025-10-01T09:00:58+01:00,1156.5,318.3,bench-host-01,peer-scaling-2025-10
PEER-04-R1,4,770128,98,1f9dbd078291a81e2376a8fe,2025-10-01T09:00:59+01:00,1167.2,311.4,bench-host-01,peer-scaling-2025-10
PEER-04-R1,4,770129,99,3fcfdf1cedf780fe3df7c1ac,2025-10-01T09:00:59+01:00,1193.7,325.5,bench-host-01,peer-scaling-2025-10
PEER-04-R1,4,770129,100,993dec569e1cfa33c33d1379,2025-10-01T09:01:00+01:00,1072.9,313.5,bench-host-01,peer-scaling-2025-10
PEER-04-R1,4,770129,101,d2e416933c2e296497e6b60d,2025-10-01T09:01:00+01:00,1286.6,317.6,bench-host-01,peer-scaling-2025-10
PEER-04-R1,4,770129,102,7ec0c62a89d126f180562edd,2025-10-01T09:01:01+01:00,1276.2,319.9,bench-host-01,peer-scaling-2025-10
PEER-04-R1,4,770129,103,fcf18e3010affd7d2ca77453,2025-10-01T09:01:02+01:00,1147.8,315.7,bench-host-01,peer-scaling-2025-10
PEER-04-R1,4,770129,104,5711dfaa062593436f6779ec,2025-10-01T09:01:02+01:00,1213.5,319.2,bench-host-01,peer-scaling-2025-10
PEER-04-R1,4,770129,105,2521010e8c9d050d59b1bb9f,2025-10-01T09:01:03+01:00,1275.5,332.4,bench-host-01,peer-scaling-2025-10
PEER-04-R1,4,770129,106,d9121e9fdde60d934b21ab2e,2025-10-01T09:01:03+01:00,1256.7,322.5,bench-host-01,peer-scaling-2025-10
PEER-04-R1,4,770129,107,bb1adc0afef5d483ff50d079,2025-10-01T09:01:04+01:00,1189.2,315.6,bench-host-01,peer-scaling-2025-10
PEER-04-R1,4,770130,108,6671fa48ab1351acd023d162,2025-10-01T09:01:05+01:00,1261.7,316.7,bench-host-01,peer-scaling-2025-10
PEER-04-R1,4,770130,109,c6f8435d374d130ca3ef1939,2025-10-01T09:01:05+01:00,1200.6,323.0,bench-host-01,peer-scaling-2025-10
PEER-04-R1,4,770131,110,d1f9e042d7311d81262ccafb,2025-10-01T09:01:06+01:00,1252.7,314.1,bench-host-01,peer-scaling-2025-10
PEER-04-R1,4,770131,111,72b8df1edc8fca4a25a418fc,2025-10-01T09:01:06+01:00,1223.9,327.7,bench-host-01,peer-scaling-2025-10
PEER-04-R1,4,770131,112,d96298c04953e6f2e516c188,2025-10-01T09:01:07+01:00,1349.5,320.4,bench-host-01,peer-scaling-2025-10
PEER-04-R1,4,770131,113,6a47d69d77b52163f6553c6a,2025-10-01T09:01:08+01:00,1197.6,317.9,bench-host-01,peer-scaling-2025-10
PEER-04-R1,4,770131,114,0f60ae887c3fc32960d9bc92,2025-10-01T09:01:08+01:00,1216.7,315.7,bench-host-01,peer-scaling-2025-10
PEER-04-R1,4,770131,115,7ef6ca5240893a84bc648263,2025-10-01T09:01:09+01:00,1218.5,318.7,bench-host-01,peer-scaling-2025-10
PEER-04-R1,4,770131,116,243d1614eb0a6677abc4ce1a,2025-10-01T09:01:09+01:00,1168.1,322.9,bench-host-01,peer-scaling-2025-10
PEER-04-R1,4,770131,117,9865e8eb3a94ae46a5bef13b,2025-10-01T09:01:10+01:00,1112.4,324.8,bench-host-01,peer-scaling-2025-10
PEER-04-R1,4,770131,118,513ea5bbe52db1cf012076a4,2025-10-01T09:01:11+01:00,1197.6,322.3,bench-host-01,peer-scaling-2025-10
PEER-04-R1,4,770131,119,4ff033572350cbe4ab328511,2025-10-01T09:01:11+01:00,1169.7,318.3,bench-host-01,peer-scaling-2025-10
PEER-04-R1,4,770131,120,129a187aa694fa616b2b05e9,2025-10-01T09:01:12+01:00,1192.0,317.7,bench-host-01,peer-scaling-2025-10
PEER-04-R1,4,770131,121,ec4506097c8a2af6245f3def,2025-10-01T09:01:12+01:00,1198.2,326.8,bench-host-01,peer-scaling-2025-10
PEER-04-R1,4,770131,122,4c6c2c675eb7d835ea93f555,2025-10-01T09:01:13+01:00,1272.8,324.5,bench-host-01,peer-scaling-2025-10
PEER-04-R1,4,770131,123,73e2901920d4803ec889ea72,2025-10-01T09:01:14+01:00,1146.2,317.2,bench-host-01,peer-scaling-2025-10
PEER-04-R1,4,770131,124,12d54b85bc41975297d0be36,2025-10-01T09:01:14+01:00,1135.2,313.1,bench-host-01,peer-scaling-2025-10
PEER-04-R1,4,770131,125,48fa5b0bb74ab51c0b767fed,2025-10-01T09:01:15+01:00,1251.8,319.4,bench-host-01,peer-scaling-2025-10
PEER-04-R1,4,770131,126,899e0a151ac43b529159b734,2025-10-01T09:01:15+01:00,1263.9,319.8,bench-host-01,peer-scaling-2025-10
PEER-04-R1,4,770131,127,14f9a96ee5cfbbc3459d6f92,2025-10-01T09:01:16+01:00,1247.4,326.2,bench-host-01,peer-scaling-2025-10
PEER-04-R1,4,770132,128,8fdff8d6180251a8b08c8f60,2025-10-01T09:01:17+01:00,1296.5,323.9,bench-host-01,peer-scaling-2025-10
PEER-04-R1,4,770132,129,a57d27a314d863f154e1ad16,2025-10-01T09:01:17+01:00,1226.8,319.1,bench-host-01,peer-scaling-2025-10
PEER-08-R1,8,163681,0,e18a377551825a9c315fdb19,2025-10-01T14:01:18+01:00,1127.6,321.8,bench-host-01,peer-scaling-2025-10
PEER-08-R1,8,163681,1,dbfaa8d67cab0af7f112a580,2025-10-01T14:01:18+01:00,1203.2,310.3,bench-host-01,peer-scaling-2025-10
PEER-08-R1,8,163681,2,6490172c7bac002250c396ae,2025-10-01T14:01:19+01:00,1114.5,319.9,bench-host-01,peer-scaling-2025-10
PEER-08-R1,8,163681,3,7f4dde56a120da5fde5b2ee2,2025-10-01T14:01:20+01:00,1073.1,316.0,bench-host-01,peer-scaling-2025-10
PEER-08-R1,8,163681,4,5402c818f7bed93c17710ce1,2025-10-01T14:01:20+01:00,1212.9,310.4,bench-host-01,peer-scaling-2025-10
PEER-08-R1,8,163681,5,b05a877e52bd302095d49329,2025-10-01T14:01:21+01:00,1223.6,326.3,bench-host-01,peer-scaling-2025-10
PEER-08-R1,8,163681,6,8e6b4be02a157d2351c9e52d,2025-10-01T14:01:21+01:00,1212.0,316.4,bench-host-01,peer-scaling-2025-10
PEER-08-R1,8,163681,7,94e97ae2b9959fd1ec86c4c5,2025-10-01T14:01:22+01:00,1144.7,318.3,bench-host-01,peer-scaling-2025-10
PEER-08-R1,8,163681,8,6df327b79004718ad1ae3d3f,2025-10-01T14:01:22+01:00,1110.6,324.6,bench-host-01,peer-scaling-2025-10
PEER-08-R1,8,163681,9,007d45f68de4f7e929a79a58,2025-10-01T14:01:23+01:00,1061.7,319.6,bench-host-01,peer-scaling-2025-10
PEER-08-R1,8,163681,10,770a30aeed5b61fb04eacc75,2025-10-01T14:01:24+01:00,1133.4,312.9,bench-host-01,peer-scaling-2025-10
PEER-08-R1,8,163681,11,3fc69e5e8c175ebd875d47fb,2025-10-01T14:01:24+01:00,1213.4,315.2,bench-host-01,peer-scaling-2025-10
PEER-08-R1,8,163681,12,6fd41de02c1d0b4affeae995,2025-10-01T14:01:25+01:00,1079.4,329.7,bench-host-01,peer-scaling-2025-10
PEER-08-R1,8,163682,13,6cbac4925abbc02518257845,2025-10-01T14:01:25+01:00,1263.6,327.8,bench-host-01,peer-scaling-2025-10
PEER-08-R1,8,163682,14,2feb2845149cd54a87cfa99e,2025-10-01T14:01:26+01:00,1101.8,315.7,bench-host-01,peer-scaling-2025-10
PEER-08-R1,8,163682,15,e06fcd4a02aec3d040700770,2025-10-01T14:01:26+01:00,1174.0,315.1,bench-host-01,peer-scaling-2025-10
PEER-08-R1,8,163682,16,ae7e3beff2036232d4f0039b,2025-10-01T14:01:27+01:00,1102.6,316.7,bench-host-01,peer-scaling-2025-10
PEER-08-R1,8,163682,17,632b18c937abf70d0f7b1f64,2025-10-01T14:01:28+01:00,1142.8,328.6,bench-host-01,peer-scaling-2025-10
PEER-08-R1,8,163682,18,3235e646d3e9537b27cdbbaf,2025-10-01T14:01:28+01:00,1083.5,316.4,bench-host-01,peer-scaling-2025-10
PEER-08-R1,8,163682,19,595ad4d903c21e17d1d0cf12,2025-10-01T14:01:29+01:00,1128.1,327.1,bench-host-01,peer-scaling-2025-10
PEER-08-R1,8,163682,20,05bd35e437a716f14cfa4523,2025-10-01T14:01:29+01:00,1128.1,321.3,bench-host-01,peer-scaling-2025-10
PEER-08-R1,8,163682,21,fe4bc40e3594e40ff517c145,2025-10-01T14:01:30+01:00,1146.3,321.5,bench-host-01,peer-scaling-2025-10
PEER-08-R1,8,163682,22,695db02e09235212b3f166a8,2025-10-01T14:01:30+01:00,1045.7,319.9,bench-host-01,peer-scaling-2025-10
PEER-08-R1,8,163682,23,6aaa9b0591ce410344907fa3,2025-10-01T14:01:31+01:00,1128.2,319.0,bench-host-01,peer-scaling-2025-10
PEER-08-R1,8,163683,24,ef986207236a74f1fc531d69,2025-10-01T14:01:32+01:00,1208.2,323.7,bench-host-01,peer-scaling-2025-10
PEER-08-R1,8,163683,25,1ce8dcaeb7f4d15e5bef252b,2025-10-01T14:01:32+01:00,1137.8,313.4,bench-host-01,peer-scaling-2025-10
PEER-08-R1,8,163683,26,6a01ddd822363dbbc354e77f,2025-10-01T14:01:33+01:00,1080.1,321.6,bench-host-01,peer-scaling-2025-10
PEER-08-R1,8,163683,27,89ea761627f2010a7fca3354,2025-10-01T14:01:33+01:00,1158.3,321.9,bench-host-01,peer-scaling-2025-10
PEER-08-R1,8,163683,28,a852bab5a8c38c93b1595ba7,2025-10-01T14:01:34+01:00,1099.2,321.9,bench-host-01,peer-scaling-2025-10
PEER-08-R1,8,163683,29,4584d01e756ef48dc6146295,2025-10-01T14:01:34+01:00,1156.9,320.1,bench-host-01,peer-scaling-2025-10
PEER-08-R1,8,163683,30,5fb7f59cc7948104e77d5e87,2025-10-01T14:01:35+01:00,1109.1,322.3,bench-host-01,peer-scaling-2025-10
PEER-08-R1,8,163683,31,ecfb5e8183c522df35c518d1,2025-10-01T14:01:36+01:00,1123.1,317.4,bench-host-01,peer-scaling-2025-10
PEER-08-R1,8,163683,32,1a7210e30cbb608ea54c62b5,2025-10-01T14:01:36+01:00,1148.9,327.5,bench-host-01,peer-scaling-2025-10
PEER-08-R1,8,163684,33,45eb585731e4977486710af3,2025-10-01T14:01:37+01:00,1077.1,320.6,bench-host-01,peer-scaling-2025-10
PEER-08-R1,8,163684,34,9c2f5d0cf83c74263bbc83e8,2025-10-01T14:01:37+01:00,1105.6,318.6,bench-host-01,peer-scaling-2025-10
PEER-08-R1,8,163684,35,77622e4a3d5604450f74ee17,2025-10-01T14:01:38+01:00,1090.0,322.6,bench-host-01,peer-scaling-2025-10
PEER-08-R1,8,163684,36,130fb54ffc2052da8d622eb1,2025-10-01T14:01:39+01:00,1110.2,324.3,bench-host-01,peer-scaling-2025-10
PEER-08-R1,8,163684,37,58d83dbd4dca17aa3590c81f,2025-10-01T14:01:39+01:00,1179.0,313.8,bench-host-01,peer-scaling-2025-10
PEER-08-R1,8,163684,38,f6a1a45b496cca67c55d2a95,2025-10-01T14:01:40+01:00,1025.7,320.9,bench-host-01,peer-scaling-2025-10
PEER-08-R1,8,163684,39,a577ba0ef6098b0d25948e06,2025-10-01T14:01:40+01:00,1107.0,324.4,bench-host-01,peer-scaling-2025-10
PEER-08-R1,8,163685,40,c729b8874f22c2c02be41e34,2025-10-01T14:01:41+01:00,1185.4,319.0,bench-host-01,peer-scaling-2025-10
PEER-08-R1,8,163685,41,4adf37899f1f80a5e29b3547,2025-10-01T14:01:41+01:00,1065.9,319.4,bench-host-01,peer-scaling-2025-10
PEER-08-R1,8,163685,42,1b082b134c41edddd15ffd3c,2025-10-01T14:01:42+01:00,1088.9,320.6,bench-host-01,peer-scaling-2025-10
PEER-08-R1,8,163685,43,824e75534908802e7bd13604,2025-10-01T14:01:43+01:00,1134.2,318.3,bench-host-01,peer-scaling-2025-10
PEER-08-R1,8,163685,44,ade3cdaf01d93e08bd7cb50b,2025-10-01T14:01:43+01:00,1165.0,317.6,bench-host-01,peer-scaling-2025-10
PEER-08-R1,8,163685,45,daf43d10c65b61a77a503649,2025-10-01T14:01:44+01:00,1104.0,316.9,bench-host-01,peer-scaling-2025-10
PEER-08-R1,8,163685,46,ba8c2619acc5ed39596d4d62,2025-10-01T14:01:44+01:00,1160.8,325.4,bench-host-01,peer-scaling-2025-10
PEER-08-R1,8,163685,47,a907f7189f764cdf7b469402,2025-10-01T14:01:45+01:00,1046.3,320.1,bench-host-01,peer-scaling-2025-10
PEER-08-R1,8,163685,48,1fbe3951ac2f8f006cc3dea9,2025-10-01T14:01:45+01:00,1101.1,321.1,bench-host-01,peer-scaling-2025-10
PEER-08-R1,8,163685,49,15e9bd31e2769b7425d02220,2025-10-01T14:01:46+01:00,1086.6,320.4,bench-host-01,peer-scaling-2025-10
PEER-08-R1,8,163685,50,99761ef3fc856f013a5b5dcb,2025-10-01T14:01:47+01:00,1124.9,319.6,bench-host-01,peer-scaling-2025-10
PEER-08-R1,8,163685,51,02669f5debcf2bf88f597efb,2025-10-01T14:01:47+01:00,1119.7,324.8,bench-host-01,peer-scaling-2025-10
PEER-08-R1,8,163685,52,95cac4331c0a9a077c67ca83,2025-10-01T14:01:48+01:00,1149.6,320.4,bench-host-01,peer-scaling-2025-10
PEER-08-R1,8,163685,53,cfaf98d0dcfcc28efd1dd9fd,2025-10-01T14:01:48+01:00,1181.7,322.3,bench-host-01,peer-scaling-2025-10
PEER-08-R1,8,163685,54,b907548ab429fcf1af61578b,2025-10-01T14:01:49+01:00,1075.7,315.4,bench-host-01,peer-scaling-2025-10
PEER-08-R1,8,163686,55,00d98d41b4552a512cc33144,2025-10-01T14:01:49+01:00,1142.6,321.1,bench-host-01,peer-scaling-2025-10
PEER-08-R1,8,163687,56,687b083ba381251fb4d944d6,2025-10-01T14:01:50+01:00,1148.4,321.1,bench-host-01,peer-scaling-2025-10
PEER-08-R1,8,163687,57,ce52833ac247963346419020,2025-10-01T14:01:51+01:00,1106.3,321.4,bench-host-01,peer-scaling-2025-10
PEER-08-R1,8,163687,58,43ab104e0edce4d3ba9c6317,2025-10-01T14:01:51+01:00,1098.5,327.5,bench-host-01,peer-scaling-2025-10
PEER-08-R1,8,163687,59,87ec77c16b2dca3efa37cc00,2025-10-01T14:01:52+01:00,1187.8,325.2,bench-host-01,peer-scaling-2025-10
PEER-08-R1,8,163687,60,cc832f87e367830c45bf29f0,2025-10-01T14:01:52+01:00,1014.9,318.2,bench-host-01,peer-scaling-2025-10
PEER-08-R1,8,163687,61,74bc045f7a899416831d0e34,2025-10-01T14:01:53+01:00,1119.0,316.5,bench-host-01,peer-scaling-2025-10
PEER-08-R1,8,163687,62,7be192bb23c82abcbf966e30,2025-10-01T14:01:53+01:00,1166.2,322.3,bench-host-01,peer-scaling-2025-10
PEER-08-R1,8,163687,63,ae69ae778a8a84d9ffa39a16,2025-10-01T14:01:54+01:00,1165.4,314.7,bench-host-01,peer-scaling-2025-10
PEER-08-R1,8,163687,64,0f2040b07f0eb71bd53780e3,2025-10-01T14:01:55+01:00,1246.0,315.1,bench-host-01,peer-scaling-2025-10
PEER-08-R1,8,163687,65,6a96d6a7783e41d5915d9b1b,2025-10-01T14:01:55+01:00,1185.8,316.6,bench-host-01,peer-scaling-2025-10
PEER-08-R1,8,163687,66,3cf8d0871796ef8987145944,2025-10-01T14:01:56+01:00,1048.6,322.7,bench-host-01,peer-scaling-2025-10
PEER-08-R1,8,163687,67,badd8fcc8c283b1590e3ea86,2025-10-01T14:01:56+01:00,1254.0,315.2,bench-host-01,peer-scaling-2025-10
PEER-08-R1,8,163687,68,ec3411cbfaba33f179f2e019,2025-10-01T14:01:57+01:00,1119.6,314.7,bench-host-01,peer-scaling-2025-10
PEER-08-R1,8,163687,69,129aa33cd00d8ee518a3cb20,2025-10-01T14:01:57+01:00,1097.4,320.9,bench-host-01,peer-scaling-2025-10
PEER-08-R1,8,163687,70,869635ab160f48f743bfcd8f,2025-10-01T14:01:58+01:00,1226.3,327.2,bench-host-01,peer-scaling-2025-10
PEER-08-R1,8,163687,71,6b0ebc51e5ef349e40636861,2025-10-01T14:01:59+01:00,1171.1,318.3,bench-host-01,peer-scaling-2025-10
PEER-08-R1,8,163688,72,0af4c8d9a42b1678948de36c,2025-10-01T14:01:59+01:00,1167.8,328.2,bench-host-01,peer-scaling-2025-10
PEER-08-R1,8,163688,73,a6819787f47af6dc3d72a687,2025-10-01T14:02:00+01:00,1220.3,330.5,bench-host-01,peer-scaling-2025-10
PEER-08-R1,8,163688,74,97b467538d69b6a69dea465d,2025-10-01T14:02:00+01:00,1101.2,319.4,bench-host-01,peer-scaling-2025-10
PEER-08-R1,8,163688,75,5a61327a9106ab73f87398af,2025-10-01T14:02:01+01:00,1166.8,322.6,bench-host-01,peer-scaling-2025-10
PEER-08-R1,8,163688,76,61479bf60f349b8c581c3077,2025-10-01T14:02:01+01:00,1241.0,325.3,bench-host-01,peer-scaling-2025-10
PEER-08-R1,8,163688,77,8b3fcd0f17e6b6f223916c87,2025-10-01T14:02:02+01:00,1295.4,314.8,bench-host-01,peer-scaling-2025-10
PEER-08-R1,8,163688,78,68718a48f09f610618228f8d,2025-10-01T14:02:03+01:00,1192.1,325.1,bench-host-01,peer-scaling-2025-10
PEER-08-R1,8,163688,79,c81abd4500e14d6676a53a27,2025-10-01T14:02:03+01:00,1115.3,316.7,bench-host-01,peer-scaling-2025-10
PEER-08-R1,8,163688,80,c59a92d0d503b8f500c9aaf5,2025-10-01T14:02:04+01:00,1215.0,311.0,bench-host-01,peer-scaling-2025-10
PEER-08-R1,8,163688,81,9d64dde7ae4eaabe7b96e12a,2025-10-01T14:02:04+01:00,1156.1,319.5,bench-host-01,peer-scaling-2025-10
PEER-08-R1,8,163688,82,932be43eef1c88b97aa95beb,2025-10-01T14:02:05+01:00,1183.5,313.1,bench-host-01,peer-scaling-2025-10
PEER-08-R1,8,163688,83,1507a1c07bd3e3470e949c39,2025-10-01T14:02:06+01:00,1208.6,318.8,bench-host-01,peer-scaling-2025-10
PEER-08-R1,8,163689,84,95bd50def37ab5a0b2565eff,2025-10-01T14:02:06+01:00,1220.9,322.2,bench-host-01,peer-scaling-2025-10
PEER-08-R1,8,163689,85,75e38436d0fdf4e5cf8ac272,2025-10-01T14:02:07+01:00,1177.2,325.6,bench-host-01,peer-scaling-2025-10
PEER-08-R1,8,163689,86,1914b80fb8bd3b851ebb42ff,2025-10-01T14:02:07+01:00,1169.8,322.9,bench-host-01,peer-scaling-2025-10
PEER-08-R1,8,163689,87,8d7a065ea9ed9770bd886327,2025-10-01T14:02:08+01:00,1219.2,317.8,bench-host-01,peer-scaling-2025-10
PEER-08-R1,8,163689,88,bb836add03cce80f567804be,2025-10-01T14:02:08+01:00,1123.3,326.1,bench-host-01,peer-scaling-2025-10
PEER-08-R1,8,163689,89,4883e1d39da541cfc5309ea4,2025-10-01T14:02:09+01:00,1105.2,325.5,bench-host-01,peer-scaling-2025-10
PEER-08-R1,8,163689,90,6bb2fdcc9e15d01127df6b14,2025-10-01T14:02:10+01:00,1188.7,315.0,bench-host-01,peer-scaling-2025-10
PEER-08-R1,8,163689,91,550c120608f83577cd1212d6,2025-10-01T14:02:10+01:00,1107.7,318.2,bench-host-01,peer-scaling-2025-10
PEER-08-R1,8,163689,92,af41687e6e5472d6e1c123b1,2025-10-01T14:02:11+01:00,1158.5,317.9,bench-host-01,peer-scaling-2025-10
PEER-08-R1,8,163689,93,0005e24dfb9c0ffd96ad1987,2025-10-01T14:02:11+01:00,1129.9,321.9,bench-host-01,peer-scaling-2025-10
PEER-08-R1,8,163689,94,623df1236a991aa002990e0a,2025-10-01T14:02:12+01:00,1201.4,313.1,bench-host-01,peer-scaling-2025-10
PEER-08-R1,8,163689,95,7acda9610117fa1f93ca55a2,2025-10-01T14:02:12+01:00,1237.4,317.3,bench-host-01,peer-scaling-2025-10
PEER-08-R1,8,163689,96,4a1f73cda79434f6b6e911b7,2025-10-01T14:02:13+01:00,1066.6,324.0,bench-host-01,peer-scaling-2025-10
PEER-08-R1,8,163689,97,01090407165234efb2d4a385,2025-10-01T14:02:14+01:00,1034.8,318.5,bench-host-01,peer-scaling-2025-10
PEER-08-R1,8,163689,98,d8b23d726d7de535ed2dbf42,2025-10-01T14:02:14+01:00,1059.9,320.6,bench-host-01,peer-scaling-2025-10
PEER-08-R1,8,163689,99,08b79f59c63f8b0690b4ca95,2025-10-01T14:02:15+01:00,1172.7,319.8,bench-host-01,peer-scaling-2025-10
PEER-08-R1,8,163689,100,975b250c2bc555b860af31e0,2025-10-01T14:02:15+01:00,1201.3,320.0,bench-host-01,peer-scaling-2025-10
PEER-08-R1,8,163689,101,856320f9d0bebdd6dccba1de,2025-10-01T14:02:16+01:00,1107.8,314.6,bench-host-01,peer-scaling-2025-10
PEER-08-R1,8,163689,102,00c3eb0efb200449e7c2b0ad,2025-10-01T14:02:16+01:00,1137.5,324.0,bench-host-01,peer-scaling-2025-10
PEER-08-R1,8,163689,103,d126d4226c03dd2106dd6c18,2025-10-01T14:02:17+01:00,1170.6,307.7,bench-host-01,peer-scaling-2025-10
PEER-08-R1,8,163690,104,d4293a3e390565ea4c864741,2025-10-01T14:02:18+01:00,1078.3,322.6,bench-host-01,peer-scaling-2025-10
PEER-08-R1,8,163690,105,3741166499002b47c1d271cb,2025-10-01T14:02:18+01:00,1166.7,316.7,bench-host-01,peer-scaling-2025-10
PEER-08-R1,8,163690,106,cae9a06b728614f28fe7d3fd,2025-10-01T14:02:19+01:00,1244.9,317.2,bench-host-01,peer-scaling-2025-10
PEER-08-R1,8,163690,107,2d54aa0d0d9d71ed7dec542d,2025-10-01T14:02:19+01:00,1168.9,330.3,bench-host-01,peer-scaling-2025-10
PEER-08-R1,8,163691,108,8dbdc0e588181b95f15e3c03,2025-10-01T14:02:20+01:00,1137.2,312.8,bench-host-01,peer-scaling-2025-10
PEER-08-R1,8,163691,109,69146f2137955625fa28d1cc,2025-10-01T14:02:20+01:00,1079.4,327.7,bench-host-01,peer-scaling-2025-10
PEER-08-R1,8,163691,110,300a71b608dbca32ae0d207c,2025-10-01T14:02:21+01:00,1113.2,318.2,bench-host-01,peer-scaling-2025-10
PEER-08-R1,8,163691,111,85ee2451dea10c64b15680b1,2025-10-01T14:02:22+01:00,1205.6,318.8,bench-host-01,peer-scaling-2025-10
PEER-08-R1,8,163691,112,5e27a13fc7868589c558c0ed,2025-10-01T14:02:22+01:00,1060.2,322.2,bench-host-01,peer-scaling-2025-10
PEER-08-R1,8,163691,113,b422962186ef88e59e279371,2025-10-01T14:02:23+01:00,1128.3,322.3,bench-host-01,peer-scaling-2025-10
PEER-08-R1,8,163691,114,b087bfeaf62c952b5923457c,2025-10-01T14:02:23+01:00,1182.2,316.9,bench-host-01,peer-scaling-2025-10
PEER-08-R1,8,163691,115,46165791e8d45801ac879dd2,2025-10-01T14:02:24+01:00,1130.3,320.0,bench-host-01,peer-scaling-2025-10
PEER-08-R1,8,163691,116,7d34f2ebdea4d7724e3e4b7b,2025-10-01T14:02:24+01:00,1136.9,311.5,bench-host-01,peer-scaling-2025-10
PEER-08-R1,8,163691,117,3a82d285a5c203aa4eae15c0,2025-10-01T14:02:25+01:00,1179.4,312.9,bench-host-01,peer-scaling-2025-10
PEER-08-R1,8,163691,118,8df7ace62ded58832069eab1,2025-10-01T14:02:26+01:00,1196.0,312.8,bench-host-01,peer-scaling-2025-10
PEER-08-R1,8,163691,119,613527f0b6c3c0b4c0760ae6,2025-10-01T14:02:26+01:00,1118.7,317.6,bench-host-01,peer-scaling-2025-10
PEER-08-R1,8,163691,120,61a3bdef7287b4aff615ca26,2025-10-01T14:02:27+01:00,1123.0,327.0,bench-host-01,peer-scaling-2025-10
PEER-08-R1,8,163691,121,5d2b26a0d22c863318978c92,2025-10-01T14:02:27+01:00,1175.4,322.4,bench-host-01,peer-scaling-2025-10
PEER-08-R1,8,163691,122,28cdcff7018c47f6791c665d,2025-10-01T14:02:28+01:00,1048.8,312.9,bench-host-01,peer-scaling-2025-10
PEER-08-R1,8,163691,123,1c1d60b39d9d6726b0a105e3,2025-10-01T14:02:29+01:00,1242.6,319.5,bench-host-01,peer-scaling-2025-10
PEER-08-R1,8,163691,124,00fe9998dc872ee91eeb96ea,2025-10-01T14:02:29+01:00,1163.8,313.8,bench-host-01,peer-scaling-2025-10
PEER-08-R1,8,163691,125,5f81e8370e96c5b962906421,2025-10-01T14:02:30+01:00,1122.3,312.0,bench-host-01,peer-scaling-2025-10
PEER-08-R1,8,163691,126,675d176f21f3167768988657,2025-10-01T14:02:30+01:00,1013.8,314.2,bench-host-01,peer-scaling-2025-10
PEER-08-R1,8,163691,127,f92dc003e73f4f68407f9714,2025-10-01T14:02:31+01:00,1036.1,320.0,bench-host-01,peer-scaling-2025-10
PEER-08-R1,8,163691,128,1bf47ae9e9b0e76889960016,2025-10-01T14:02:31+01:00,1157.6,322.8,bench-host-01,peer-scaling-2025-10
PEER-08-R1,8,163691,129,2bfb0e09c02b48cbe2f95630,2025-10-01T14:02:32+01:00,1177.3,321.1,bench-host-01,peer-scaling-2025-10
PEER-16-R1,16,296677,0,e9d325d85d20473b17bdc360,2025-10-01T19:02:33+01:00,996.8,319.1,bench-host-01,peer-scaling-2025-10
PEER-16-R1,16,296677,1,1bf73b6bcb297c717675678e,2025-10-01T19:02:33+01:00,1176.5,332.4,bench-host-01,peer-scaling-2025-10
PEER-16-R1,16,296677,2,025e55b1269855119debbc4d,2025-10-01T19:02:34+01:00,1190.1,325.8,bench-host-01,peer-scaling-2025-10
PEER-16-R1,16,296677,3,6adfe0ae0889dcf57341877d,2025-10-01T19:02:34+01:00,1083.0,320.7,bench-host-01,peer-scaling-2025-10
PEER-16-R1,16,296677,4,78d51dfab1fc606184fa9818,2025-10-01T19:02:35+01:00,1012.5,330.2,bench-host-01,peer-scaling-2025-10
PEER-16-R1,16,296677,5,59217ce579ba04d0dc681a4b,2025-10-01T19:02:35+01:00,975.5,321.6,bench-host-01,peer-scaling-2025-10
PEER-16-R1,16,296677,6,a3c62f0cd33e6ab74b4b4113,2025-10-01T19:02:36+01:00,979.9,324.8,bench-host-01,peer-scaling-2025-10
PEER-16-R1,16,296677,7,efd8b0f4227b63d36575ab8d,2025-10-01T19:02:36+01:00,1046.8,325.1,bench-host-01,peer-scaling-2025-10
PEER-16-R1,16,296678,8,279e49cf3b87328852b9d37d,2025-10-01T19:02:37+01:00,1063.0,328.0,bench-host-01,peer-scaling-2025-10
PEER-16-R1,16,296678,9,228d5b5e0a3595deaf5cfd0d,2025-10-01T19:02:37+01:00,1092.0,329.6,bench-host-01,peer-scaling-2025-10
PEER-16-R1,16,296678,10,0ac49291d15296699056651a,2025-10-01T19:02:38+01:00,1044.9,315.7,bench-host-01,peer-scaling-2025-10
PEER-16-R1,16,296678,11,599cc16f368eb42761f8c836,2025-10-01T19:02:38+01:00,1088.4,316.4,bench-host-01,peer-scaling-2025-10
PEER-16-R1,16,296679,12,89b6f58a5cf35367ca322951,2025-10-01T19:02:39+01:00,988.5,325.9,bench-host-01,peer-scaling-2025-10
PEER-16-R1,16,296679,13,5a89049874e2251567dd52ec,2025-10-01T19:02:39+01:00,1082.8,327.4,bench-host-01,peer-scaling-2025-10
PEER-16-R1,16,296679,14,ef45cc94ced1a897cafec300,2025-10-01T19:02:40+01:00,1049.9,319.8,bench-host-01,peer-scaling-2025-10
PEER-16-R1,16,296679,15,288312ed28c7c23a089eb545,2025-10-01T19:02:40+01:00,1034.5,322.4,bench-host-01,peer-scaling-2025-10
PEER-16-R1,16,296679,16,eaa7a1bbbb6a7a73b2aef0df,2025-10-01T19:02:41+01:00,1056.5,315.7,bench-host-01,peer-scaling-2025-10
PEER-16-R1,16,296679,17,ae6613ffd9b16e4b3b3200d2,2025-10-01T19:02:42+01:00,1109.9,322.0,bench-host-01,peer-scaling-2025-10
PEER-16-R1,16,296679,18,f7236b2befa385068b15eb0a,2025-10-01T19:02:42+01:00,995.2,319.6,bench-host-01,peer-scaling-2025-10
PEER-16-R1,16,296679,19,9701940358c828cf60197b6d,2025-10-01T19:02:43+01:00,1033.6,329.1,bench-host-01,peer-scaling-2025-10
PEER-16-R1,16,296679,20,c36f3185ed650da4893f617d,2025-10-01T19:02:43+01:00,1005.8,311.8,bench-host-01,peer-scaling-2025-10
PEER-16-R1,16,296679,21,ce38632bac9043eb15b8ff9e,2025-10-01T19:02:44+01:00,994.5,327.1,bench-host-01,peer-scaling-2025-10
PEER-16-R1,16,296679,22,b66ee1a9e6624eb903e25e22,2025-10-01T19:02:44+01:00,1000.7,326.9,bench-host-01,peer-scaling-2025-10
PEER-16-R1,16,296679,23,4bbe5dc8efcb57208225671b,2025-10-01T19:02:45+01:00,971.5,324.2,bench-host-01,peer-scaling-2025-10
PEER-16-R1,16,296679,24,2df47375fb0d80861c892c3b,2025-10-01T19:02:45+01:00,1118.2,319.0,bench-host-01,peer-scaling-2025-10
PEER-16-R1,16,296679,25,11bf976e6b15f9acc34f615c,2025-10-01T19:02:46+01:00,1024.8,335.7,bench-host-01,peer-scaling-2025-10
PEER-16-R1,16,296679,26,3ffcd14dbb5b24cd7048c16e,2025-10-01T19:02:46+01:00,965.7,317.1,bench-host-01,peer-scaling-2025-10
PEER-16-R1,16,296679,27,c039840e16139279650af55a,2025-10-01T19:02:47+01:00,1141.8,321.4,bench-host-01,peer-scaling-2025-10
PEER-16-R1,16,296679,28,a3521a55ab00a4b2f1bd2511,2025-10-01T19:02:47+01:00,1111.0,316.8,bench-host-01,peer-scaling-2025-10
PEER-16-R1,16,296679,29,068aec7ed892096be91ed297,2025-10-01T19:02:48+01:00,1164.0,313.7,bench-host-01,peer-scaling-2025-10
PEER-16-R1,16,296680,30,26e8934cebc202f17768662f,2025-10-01T19:02:48+01:00,1041.9,322.4,bench-host-01,peer-scaling-2025-10
PEER-16-R1,16,296680,31,76e7cd6bf6f8cad800adc68b,2025-10-01T19:02:49+01:00,1177.5,319.1,bench-host-01,peer-scaling-2025-10
PEER-16-R1,16,296680,32,cc20c1a4536749f8999d1d06,2025-10-01T19:02:49+01:00,1129.8,328.8,bench-host-01,peer-scaling-2025-10
PEER-16-R1,16,296680,33,af11af7ecbcb4595b9fda883,2025-10-01T19:02:50+01:00,1132.9,313.6,bench-host-01,peer-scaling-2025-10
PEER-16-R1,16,296680,34,ffd249b13258f088f7f316a6,2025-10-01T19:02:50+01:00,1046.0,319.0,bench-host-01,peer-scaling-2025-10
PEER-16-R1,16,296680,35,97d5223d44cf9060515ac3ee,2025-10-01T19:02:51+01:00,1068.9,315.4,bench-host-01,peer-scaling-2025-10
PEER-16-R1,16,296680,36,d28382c8fd5e9afcc75a6045,2025-10-01T19:02:52+01:00,1055.8,330.3,bench-host-01,peer-scaling-2025-10
PEER-16-R1,16,296680,37,4f10d9aef042e5cb50b77054,2025-10-01T19:02:52+01:00,1153.0,328.1,bench-host-01,peer-scaling-2025-10
PEER-16-R1,16,296680,38,ee50221b27b33e10b6ee6e72,2025-10-01T19:02:53+01:00,1028.8,321.4,bench-host-01,peer-scaling-2025-10
PEER-16-R1,16,296680,39,1d9040a2e09c68b30feeb158,2025-10-01T19:02:53+01:00,968.1,322.0,bench-host-01,peer-scaling-2025-10
PEER-16-R1,16,296681,40,a2b19fdb98b313bb2889f687,2025-10-01T19:02:54+01:00,994.7,319.6,bench-host-01,peer-scaling-2025-10
PEER-16-R1,16,296681,41,609659e610d478a8c673e5a5,2025-10-01T19:02:54+01:00,1053.2,323.8,bench-host-01,peer-scaling-2025-10
PEER-16-R1,16,296681,42,0016a551325806046e41eb3b,2025-10-01T19:02:55+01:00,1092.3,320.1,bench-host-01,peer-scaling-2025-10
PEER-16-R1,16,296681,43,23bcd51d70de172fa897c5f8,2025-10-01T19:02:55+01:00,1030.5,328.8,bench-host-01,peer-scaling-2025-10
PEER-16-R1,16,296681,44,5f8adee917a00768f1e9eee2,2025-10-01T19:02:56+01:00,981.2,315.8,bench-host-01,peer-scaling-2025-10
PEER-16-R1,16,296682,45,5d0167f01e5196bc04b05e77,2025-10-01T19:02:56+01:00,1031.9,328.6,bench-host-01,peer-scaling-2025-10
PEER-16-R1,16,296682,46,9ff1458f9d0acc2ded327294,2025-10-01T19:02:57+01:00,993.1,316.1,bench-host-01,peer-scaling-2025-10
PEER-16-R1,16,296682,47,60f4d5dcaa851155fd569875,2025-10-01T19:02:57+01:00,1028.9,329.9,bench-host-01,peer-scaling-2025-10
PEER-16-R1,16,296682,48,e3d18afbf393bb6a681209cb,2025-10-01T19:02:58+01:00,1140.7,318.1,bench-host-01,peer-scaling-2025-10
PEER-16-R1,16,296682,49,c8a48d6536af7dcf0384c857,2025-10-01T19:02:58+01:00,1064.2,325.6,bench-host-01,peer-scaling-2025-10
PEER-16-R1,16,296682,50,1fca9ee433ffce94fdfc67a1,2025-10-01T19:02:59+01:00,951.7,331.0,bench-host-01,peer-scaling-2025-10
PEER-16-R1,16,296682,51,3f59f4fe99c7037dcc7e8e12,2025-10-01T19:02:59+01:00,1036.7,320.9,bench-host-01,peer-scaling-2025-10
PEER-16-R1,16,296682,52,436019bcc47586fc3b43bc16,2025-10-01T19:03:00+01:00,1047.6,322.2,bench-host-01,peer-scaling-2025-10
PEER-16-R1,16,296682,53,10134261d411af1560d5898f,2025-10-01T19:03:01+01:00,1082.5,319.1,bench-host-01,peer-scaling-2025-10
PEER-16-R1,16,296682,54,7c69dff18e6bc5868c10564b,2025-10-01T19:03:01+01:00,943.8,327.2,bench-host-01,peer-scaling-2025-10
PEER-16-R1,16,296682,55,6cab85fe4d81805910c1cdcc,2025-10-01T19:03:02+01:00,1092.1,319.0,bench-host-01,peer-scaling-2025-10
PEER-16-R1,16,296682,56,ac46257fc1b904de08f0b47a,2025-10-01T19:03:02+01:00,1148.9,325.1,bench-host-01,peer-scaling-2025-10
PEER-16-R1,16,296682,57,3dafa8eaf21ece6e733050e1,2025-10-01T19:03:03+01:00,990.8,325.9,bench-host-01,peer-scaling-2025-10
PEER-16-R1,16,296682,58,1bc99a401ea4f1777ba7c7c1,2025-10-01T19:03:03+01:00,1034.6,325.6,bench-host-01,peer-scaling-2025-10
PEER-16-R1,16,296682,59,c579311bc71f623fe27da04d,2025-10-01T19:03:04+01:00,1115.5,324.2,bench-host-01,peer-scaling-2025-10
PEER-16-R1,16,296682,60,83ca243782e7d2752beb031d,2025-10-01T19:03:04+01:00,1063.1,318.9,bench-host-01,peer-scaling-2025-10
PEER-16-R1,16,296682,61,ce9670a44728b67ec88ec4f5,2025-10-01T19:03:05+01:00,1063.9,316.2,bench-host-01,peer-scaling-2025-10
PEER-16-R1,16,296682,62,6725a6786ac0f24c01fd1ca8,2025-10-01T19:03:05+01:00,1016.3,311.9,bench-host-01,peer-scaling-2025-10
PEER-16-R1,16,296682,63,4c1df17d638fb675bc357ad3,2025-10-01T19:03:06+01:00,1130.0,334.8,bench-host-01,peer-scaling-2025-10
PEER-16-R1,16,296682,64,89b59f739d8e743610a5e3fa,2025-10-01T19:03:06+01:00,1026.7,318.2,bench-host-01,peer-scaling-2025-10
PEER-16-R1,16,296682,65,504550fc68efd23c52e0a4aa,2025-10-01T19:03:07+01:00,1134.0,320.1,bench-host-01,peer-scaling-2025-10
PEER-16-R1,16,296682,66,25dfcc9d4a2e876bb601da67,2025-10-01T19:03:07+01:00,1142.3,317.2,bench-host-01,peer-scaling-2025-10
PEER-16-R1,16,296682,67,35996200fa0f657037b8fd0b,2025-10-01T19:03:08+01:00,1142.3,322.0,bench-host-01,peer-scaling-2025-10
PEER-16-R1,16,296682,68,ee8289e7a3f7ff55ab51c3f3,2025-10-01T19:03:08+01:00,1024.7,327.1,bench-host-01,peer-scaling-2025-10
PEER-16-R1,16,296682,69,7f01cfd3f8a1918aa12e74b0,2025-10-01T19:03:09+01:00,1074.2,329.2,bench-host-01,peer-scaling-2025-10
PEER-16-R1,16,296682,70,521cb32b87e5efce782fc7f2,2025-10-01T19:03:10+01:00,991.9,323.5,bench-host-01,peer-scaling-2025-10
PEER-16-R1,16,296682,71,66436d0a3ee9cb6401fb92f3,2025-10-01T19:03:10+01:00,961.5,318.1,bench-host-01,peer-scaling-2025-10
PEER-16-R1,16,296682,72,31deaea70d07cbbb644dca3c,2025-10-01T19:03:11+01:00,1079.2,332.2,bench-host-01,peer-scaling-2025-10
PEER-16-R1,16,296682,73,37e096306a26dc0b1e0c5dae,2025-10-01T19:03:11+01:00,1025.6,325.1,bench-host-01,peer-scaling-2025-10
PEER-16-R1,16,296682,74,ecdfedc0c32c2926383d1251,2025-10-01T19:03:12+01:00,1035.8,325.8,bench-host-01,peer-scaling-2025-10
PEER-16-R1,16,296682,75,8bb3774eeb27b85785de39b9,2025-10-01T19:03:12+01:00,1078.0,327.9,bench-host-01,peer-scaling-2025-10
PEER-16-R1,16,296682,76,c02435045b6a0849c20fdd16,2025-10-01T19:03:13+01:00,1078.8,331.0,bench-host-01,peer-scaling-2025-10
PEER-16-R1,16,296682,77,a93a25fd9a258b4b0c73cd9f,2025-10-01T19:03:13+01:00,1053.0,322.4,bench-host-01,peer-scaling-2025-10
PEER-16-R1,16,296683,78,e7b6272d385d6aa5f3e859df,2025-10-01T19:03:14+01:00,1064.2,318.8,bench-host-01,peer-scaling-2025-10
PEER-16-R1,16,296683,79,c30150857e3b08e6f1b1445a,2025-10-01T19:03:14+01:00,1003.6,323.2,bench-host-01,peer-scaling-2025-10
PEER-16-R1,16,296683,80,07f92148439323cdaaa3ea63,2025-10-01T19:03:15+01:00,1007.0,326.9,bench-host-01,peer-scaling-2025-10
PEER-16-R1,16,296683,81,376039fe27060ba189cf3ddb,2025-10-01T19:03:15+01:00,1072.8,324.1,bench-host-01,peer-scaling-2025-10
PEER-16-R1,16,296683,82,bf0ae7bd34964990189b3d07,2025-10-01T19:03:16+01:00,1045.3,322.8,bench-host-01,peer-scaling-2025-10
PEER-16-R1,16,296683,83,ffef358eb072ff99421b2d6b,2025-10-01T19:03:16+01:00,997.4,315.0,bench-host-01,peer-scaling-2025-10
PEER-16-R1,16,296683,84,79604f25febc94a753d6b668,2025-10-01T19:03:17+01:00,1033.6,318.7,bench-host-01,peer-scaling-2025-10
PEER-16-R1,16,296683,85,8015d5039d3e97ad6d81bac2,2025-10-01T19:03:17+01:00,1105.3,329.8,bench-host-01,peer-scaling-2025-10
PEER-16-R1,16,296683,86,032c44ac2a08f50e2fa2aa70,2025-10-01T19:03:18+01:00,1069.6,333.2,bench-host-01,peer-scaling-2025-10
PEER-16-R1,16,296683,87,495985ab8c20e81a75285f75,2025-10-01T19:03:19+01:00,1176.7,324.0,bench-host-01,peer-scaling-2025-10
PEER-16-R1,16,296683,88,80c99a95aa7716fb369af1d4,2025-10-01T19:03:19+01:00,1136.2,325.6,bench-host-01,peer-scaling-2025-10
PEER-16-R1,16,296683,89,1e9d562ba1da2e193f9f09a1,2025-10-01T19:03:20+01:00,1024.9,324.5,bench-host-01,peer-scaling-2025-10
PEER-16-R1,16,296684,90,60ccf9f5e3b3b94d75a5b921,2025-10-01T19:03:20+01:00,1087.3,323.3,bench-host-01,peer-scaling-2025-10
PEER-16-R1,16,296684,91,538cd4fe2b41373d04a2aa67,2025-10-01T19:03:21+01:00,1089.0,328.5,bench-host-01,peer-scaling-2025-10
PEER-16-R1,16,296684,92,e2bdb560254cb0ce702df880,2025-10-01T19:03:21+01:00,1012.3,321.6,bench-host-01,peer-scaling-2025-10
PEER-16-R1,16,296684,93,680747ba46a405504857d3c2,2025-10-01T19:03:22+01:00,1090.9,329.9,bench-host-01,peer-scaling-2025-10
PEER-16-R1,16,296684,94,4a4e36316e0b7e46b7324c97,2025-10-01T19:03:22+01:00,1096.2,331.5,bench-host-01,peer-scaling-2025-10
PEER-16-R1,16,296684,95,27e2acb867208c0e9712a2a2,2025-10-01T19:03:23+01:00,1010.7,319.9,bench-host-01,peer-scaling-2025-10
PEER-16-R1,16,296685,96,3001d7e4364b3741afc99a7c,2025-10-01T19:03:23+01:00,1138.5,324.2,bench-host-01,peer-scaling-2025-10
PEER-16-R1,16,296685,97,053dc555b24ecb4785d73f99,2025-10-01T19:03:24+01:00,1034.7,324.4,bench-host-01,peer-scaling-2025-10
PEER-16-R1,16,296685,98,ba02dffc3dbbf850f90e2757,2025-10-01T19:03:24+01:00,1095.6,325.1,bench-host-01,peer-scaling-2025-10
PEER-16-R1,16,296685,99,2ea180d54e8037b54d1efab8,2025-10-01T19:03:25+01:00,1067.5,330.5,bench-host-01,peer-scaling-2025-10
PEER-16-R1,16,296685,100,74653b1bfa57170fb1a7edcb,2025-10-01T19:03:25+01:00,1108.7,320.5,bench-host-01,peer-scaling-2025-10
PEER-16-R1,16,296685,101,c7cde457f54e0c687e333ff5,2025-10-01T19:03:26+01:00,1041.1,328.0,bench-host-01,peer-scaling-2025-10
PEER-16-R1,16,296685,102,9df95d99026ec15553fabfa3,2025-10-01T19:03:26+01:00,997.5,317.5,bench-host-01,peer-scaling-2025-10
PEER-16-R1,16,296685,103,d56f4e393161b70d18547acc,2025-10-01T19:03:27+01:00,1047.9,320.3,bench-host-01,peer-scaling-2025-10
PEER-16-R1,16,296686,104,e6771046205a35231721c94c,2025-10-01T19:03:27+01:00,1004.1,322.6,bench-host-01,peer-scaling-2025-10
PEER-16-R1,16,296686,105,c96b4fccdacf770fb018fc3f,2025-10-01T19:03:28+01:00,1147.8,325.1,bench-host-01,peer-scaling-2025-10
PEER-16-R1,16,296686,106,9f7a5cd7b6090ff700cc6116,2025-10-01T19:03:29+01:00,1093.8,320.8,bench-host-01,peer-scaling-2025-10
PEER-16-R1,16,296686,107,5f6e0379c6993b5e8ee0b5f9,2025-10-01T19:03:29+01:00,1128.6,326.5,bench-host-01,peer-scaling-2025-10
PEER-16-R1,16,296687,108,f9231bfee7e20496f9ea9026,2025-10-01T19:03:30+01:00,1022.9,321.5,bench-host-01,peer-scaling-2025-10
PEER-16-R1,16,296687,109,fc121d59460208ac51b7d1bd,2025-10-01T19:03:30+01:00,938.7,321.7,bench-host-01,peer-scaling-2025-10
PEER-16-R1,16,296687,110,deaa1ed1bac3a17b207512f9,2025-10-01T19:03:31+01:00,1110.1,319.2,bench-host-01,peer-scaling-2025-10
PEER-16-R1,16,296687,111,5b99e1cd2274d0bd6f5651ee,2025-10-01T19:03:31+01:00,1139.0,317.0,bench-host-01,peer-scaling-2025-10
PEER-16-R1,16,296688,112,2346c41bc4617d1d25b514e1,2025-10-01T19:03:32+01:00,1112.3,318.2,bench-host-01,peer-scaling-2025-10
PEER-16-R1,16,296688,113,9f949a6175dc3a4d799040a9,2025-10-01T19:03:32+01:00,1047.6,324.1,bench-host-01,peer-scaling-2025-10
PEER-16-R1,16,296688,114,4b67a6b1e04a3112f871a1bc,2025-10-01T19:03:33+01:00,1056.8,317.8,bench-host-01,peer-scaling-2025-10
PEER-16-R1,16,296688,115,d583f0dd74bc35755287fc78,2025-10-01T19:03:33+01:00,959.3,322.1,bench-host-01,peer-scaling-2025-10
PEER-16-R1,16,296688,116,866e325fd32460b4f1b82453,2025-10-01T19:03:34+01:00,1049.5,324.3,bench-host-01,peer-scaling-2025-10
PEER-16-R1,16,296688,117,b22a9de422bb1df3e440ee18,2025-10-01T19:03:34+01:00,1046.0,320.3,bench-host-01,peer-scaling-2025-10
PEER-16-R1,16,296688,118,45ff69107a9e34eb800d4333,2025-10-01T19:03:35+01:00,1056.4,325.5,bench-host-01,peer-scaling-2025-10
PEER-16-R1,16,296688,119,8a70954b4b30437fcadd120b,2025-10-01T19:03:35+01:00,1115.7,311.5,bench-host-01,peer-scaling-2025-10
PEER-16-R1,16,296689,120,2a229925458ba6665767034c,2025-10-01T19:03:36+01:00,998.7,330.2,bench-host-01,peer-scaling-2025-10
PEER-16-R1,16,296689,121,bf48cd43225f0de572e05407,2025-10-01T19:03:36+01:00,1062.0,321.1,bench-host-01,peer-scaling-2025-10
PEER-16-R1,16,296689,122,b7e490145bc3c451c81be34d,2025-10-01T19:03:37+01:00,1052.1,320.6,bench-host-01,peer-scaling-2025-10
PEER-16-R1,16,296689,123,4477f27d9f3e7103b5363e4a,2025-10-01T19:03:38+01:00,980.4,330.2,bench-host-01,peer-scaling-2025-10
PEER-16-R1,16,296689,124,2f88ca849f63e00f7703e4b6,2025-10-01T19:03:38+01:00,1016.3,318.4,bench-host-01,peer-scaling-2025-10
PEER-16-R1,16,296689,125,c829ed9415dfeb768e2fd917,2025-10-01T19:03:39+01:00,1148.5,312.8,bench-host-01,peer-scaling-2025-10
PEER-16-R1,16,296689,126,32f325544f5843575136af42,2025-10-01T19:03:39+01:00,1075.5,332.6,bench-host-01,peer-scaling-2025-10
PEER-16-R1,16,296689,127,f1e11043fd1abbab7b031e1f,2025-10-01T19:03:40+01:00,971.5,325.3,bench-host-01,peer-scaling-2025-10
PEER-16-R1,16,296689,128,6547bb1453fd8cccc0972b5f,2025-10-01T19:03:40+01:00,1062.2,322.2,bench-host-01,peer-scaling-2025-10
PEER-16-R1,16,296689,129,497d62dc0100647c28a59e29,2025-10-01T19:03:41+01:00,1080.0,321.4,bench-host-01,peer-scaling-2025-10
PEER-32-R1,32,202931,0,137fecba8a0d64bf5cb1e942,2025-10-02T00:03:41+01:00,817.2,321.9,bench-host-01,peer-scaling-2025-10
PEER-32-R1,32,202931,1,3272740b8d2cb2af30bdbe40,2025-10-02T00:03:42+01:00,760.6,321.6,bench-host-01,peer-scaling-2025-10
PEER-32-R1,32,202931,2,4597d078540101312342a8fa,2025-10-02T00:03:42+01:00,747.2,315.0,bench-host-01,peer-scaling-2025-10
PEER-32-R1,32,202931,3,6eb50012489950915cee18b4,2025-10-02T00:03:42+01:00,832.1,321.6,bench-host-01,peer-scaling-2025-10
PEER-32-R1,32,202931,4,be2bfc188b1d7c7a95470938,2025-10-02T00:03:43+01:00,837.4,304.8,bench-host-01,peer-scaling-2025-10
PEER-32-R1,32,202931,5,8611018ff4f697975e7dd764,2025-10-02T00:03:43+01:00,885.5,311.5,bench-host-01,peer-scaling-2025-10
PEER-32-R1,32,202931,6,1906760466f754201c3595ea,2025-10-02T00:03:44+01:00,781.6,320.6,bench-host-01,peer-scaling-2025-10
PEER-32-R1,32,202931,7,f1e952cd91e9010497d7b6e3,2025-10-02T00:03:44+01:00,729.8,316.8,bench-host-01,peer-scaling-2025-10
PEER-32-R1,32,202931,8,99449568657e352fcf9bdf56,2025-10-02T00:03:44+01:00,892.0,326.6,bench-host-01,peer-scaling-2025-10
PEER-32-R1,32,202931,9,c0f51a73c49e796c980838fa,2025-10-02T00:03:45+01:00,800.7,318.6,bench-host-01,peer-scaling-2025-10
PEER-32-R1,32,202931,10,f75a0cd58996e491ed357969,2025-10-02T00:03:45+01:00,816.7,319.8,bench-host-01,peer-scaling-2025-10
PEER-32-R1,32,202931,11,97af216bea1c036c51bc8a16,2025-10-02T00:03:46+01:00,752.6,326.6,bench-host-01,peer-scaling-2025-10
PEER-32-R1,32,202931,12,7b979579f1e854f4e558e50e,2025-10-02T00:03:46+01:00,823.2,317.2,bench-host-01,peer-scaling-2025-10
PEER-32-R1,32,202931,13,f02f37e0d56046cfd8001f62,2025-10-02T00:03:47+01:00,724.2,315.9,bench-host-01,peer-scaling-2025-10
PEER-32-R1,32,202931,14,aa5de2cc6ad63b037d1caa15,2025-10-02T00:03:47+01:00,832.4,314.8,bench-host-01,peer-scaling-2025-10
PEER-32-R1,32,202931,15,c01f81fc70eff0ed466ba4e2,2025-10-02T00:03:47+01:00,824.9,306.0,bench-host-01,peer-scaling-2025-10
PEER-32-R1,32,202931,16,49a125f2e2a548bfff98dcb6,2025-10-02T00:03:48+01:00,739.3,306.9,bench-host-01,peer-scaling-2025-10
PEER-32-R1,32,202931,17,ccbf43f81feb087a89d5471b,2025-10-02T00:03:48+01:00,754.5,309.5,bench-host-01,peer-scaling-2025-10
PEER-32-R1,32,202931,18,078ccae684dace002bcb50f1,2025-10-02T00:03:49+01:00,804.1,314.7,bench-host-01,peer-scaling-2025-10
PEER-32-R1,32,202931,19,a7d5ae7c2fc0b17a851a4e0d,2025-10-02T00:03:49+01:00,821.4,317.3,bench-host-01,peer-scaling-2025-10
PEER-32-R1,32,202931,20,cc17a2351863200b95a33712,2025-10-02T00:03:49+01:00,805.1,314.6,bench-host-01,peer-scaling-2025-10
PEER-32-R1,32,202931,21,d595ba15e007153a906d4ffc,2025-10-02T00:03:50+01:00,861.0,316.7,bench-host-01,peer-scaling-2025-10
PEER-32-R1,32,202931,22,895fab40e9d5584642c0610a,2025-10-02T00:03:50+01:00,836.2,311.0,bench-host-01,peer-scaling-2025-10
PEER-32-R1,32,202931,23,2e37fc9866d04702be6df1ab,2025-10-02T00:03:51+01:00,947.1,310.2,bench-host-01,peer-scaling-2025-10
PEER-32-R1,32,202932,24,5d6b60832cacd00c86d97e48,2025-10-02T00:03:51+01:00,875.8,318.7,bench-host-01,peer-scaling-2025-10
PEER-32-R1,32,202932,25,15bd5cc651194a54a04dcdf4,2025-10-02T00:03:51+01:00,818.5,320.2,bench-host-01,peer-scaling-2025-10
PEER-32-R1,32,202932,26,eb5a422a9eb488711f43d700,2025-10-02T00:03:52+01:00,838.8,316.1,bench-host-01,peer-scaling-2025-10
PEER-32-R1,32,202932,27,f58e28d9fe389079225090ec,2025-10-02T00:03:52+01:00,870.1,317.3,bench-host-01,peer-scaling-2025-10
PEER-32-R1,32,202932,28,032617f064c8cffbcbbf4d9c,2025-10-02T00:03:53+01:00,797.8,317.6,bench-host-01,peer-scaling-2025-10
PEER-32-R1,32,202932,29,725ed3778240acb24ccd8697,2025-10-02T00:03:53+01:00,774.5,322.7,bench-host-01,peer-scaling-2025-10
PEER-32-R1,32,202932,30,20579412e7a3fa776c4ff801,2025-10-02T00:03:53+01:00,811.9,310.1,bench-host-01,peer-scaling-2025-10
PEER-32-R1,32,202932,31,f877edb435a4c6fbae530a99,2025-10-02T00:03:54+01:00,755.2,320.1,bench-host-01,peer-scaling-2025-10
PEER-32-R1,32,202932,32,e943c0acbada0ad7d4fc1721,2025-10-02T00:03:54+01:00,709.7,315.1,bench-host-01,peer-scaling-2025-10
PEER-32-R1,32,202932,33,ed31309b210ce4fb403a8f6b,2025-10-02T00:03:55+01:00,798.7,327.8,bench-host-01,peer-scaling-2025-10
PEER-32-R1,32,202932,34,6195edd808c51f249c1b3d5b,2025-10-02T00:03:55+01:00,826.2,319.8,bench-host-01,peer-scaling-2025-10
PEER-32-R1,32,202932,35,e24c6407f65387a8f79fe6e6,2025-10-02T00:03:55+01:00,822.5,316.1,bench-host-01,peer-scaling-2025-10
PEER-32-R1,32,202933,36,da41e7668eb8fedac7bc65f0,2025-10-02T00:03:56+01:00,800.9,319.2,bench-host-01,peer-scaling-2025-10
PEER-32-R1,32,202933,37,a18bd2942a78653c014567c8,2025-10-02T00:03:56+01:00,833.0,304.2,bench-host-01,peer-scaling-2025-10
PEER-32-R1,32,202933,38,38707a0da373e7d7c1f398f8,2025-10-02T00:03:57+01:00,916.7,313.2,bench-host-01,peer-scaling-2025-10
PEER-32-R1,32,202933,39,f24971d9f443afb3582ad835,2025-10-02T00:03:57+01:00,874.8,314.4,bench-host-01,peer-scaling-2025-10
PEER-32-R1,32,202933,40,df60d82d979a8d3701bb0ef3,2025-10-02T00:03:57+01:00,799.9,314.4,bench-host-01,peer-scaling-2025-10
PEER-32-R1,32,202933,41,3f7df2b79c18074079a4c175,2025-10-02T00:03:58+01:00,909.0,310.3,bench-host-01,peer-scaling-2025-10
PEER-32-R1,32,202933,42,09703daaaffb16620a837a0e,2025-10-02T00:03:58+01:00,835.3,316.7,bench-host-01,peer-scaling-2025-10
PEER-32-R1,32,202933,43,f83a883e8dc6e0c11d57baaf,2025-10-02T00:03:59+01:00,790.9,323.4,bench-host-01,peer-scaling-2025-10
PEER-32-R1,32,202933,44,9bbd2d3e8df42f5782f9149b,2025-10-02T00:03:59+01:00,802.8,320.0,bench-host-01,peer-scaling-2025-10
PEER-32-R1,32,202933,45,488d546c7ce3b572a46a68b4,2025-10-02T00:03:59+01:00,877.7,323.3,bench-host-01,peer-scaling-2025-10
PEER-32-R1,32,202933,46,310b09ef9f5b49ee64d2cc16,2025-10-02T00:04:00+01:00,813.1,314.3,bench-host-01,peer-scaling-2025-10
PEER-32-R1,32,202933,47,62fafcedd1080aada423240f,2025-10-02T00:04:00+01:00,814.6,330.4,bench-host-01,peer-scaling-2025-10
PEER-32-R1,32,202934,48,912ff77682e13dd916596d18,2025-10-02T00:04:01+01:00,787.4,313.3,bench-host-01,peer-scaling-2025-10
PEER-32-R1,32,202934,49,3f30e8c1bdb5ddc72fa6224e,2025-10-02T00:04:01+01:00,765.1,319.8,bench-host-01,peer-scaling-2025-10
PEER-32-R1,32,202934,50,88eda0ccf93d78da6ef8776c,2025-10-02T00:04:02+01:00,796.8,311.2,bench-host-01,peer-scaling-2025-10
PEER-32-R1,32,202934,51,cad81f7d0d9a8817391a2dde,2025-10-02T00:04:02+01:00,708.1,318.2,bench-host-01,peer-scaling-2025-10
PEER-32-R1,32,202934,52,62154da87a703607ca6663f8,2025-10-02T00:04:02+01:00,839.9,317.4,bench-host-01,peer-scaling-2025-10
PEER-32-R1,32,202934,53,a0209573dd31e95a64f71394,2025-10-02T00:04:03+01:00,765.9,324.2,bench-host-01,peer-scaling-2025-10
PEER-32-R1,32,202934,54,ab7a161d7612db5fcacef579,2025-10-02T00:04:03+01:00,759.6,316.3,bench-host-01,peer-scaling-2025-10
PEER-32-R1,32,202934,55,30cc11ce0d5f2bf8f19dd87e,2025-10-02T00:04:04+01:00,814.3,317.6,bench-host-01,peer-scaling-2025-10
PEER-32-R1,32,202934,56,9a304f06a2a3b8f6952d2c4b,2025-10-02T00:04:04+01:00,817.5,322.8,bench-host-01,peer-scaling-2025-10
PEER-32-R1,32,202934,57,cfe7979a861acf94b8fb3620,2025-10-02T00:04:04+01:00,789.8,323.0,bench-host-01,peer-scaling-2025-10
PEER-32-R1,32,202934,58,be2e210969ebd203cfb0539d,2025-10-02T00:04:05+01:00,784.1,314.6,bench-host-01,peer-scaling-2025-10
PEER-32-R1,32,202934,59,715239b1b53f73e290d856a0,2025-10-02T00:04:05+01:00,826.8,314.5,bench-host-01,peer-scaling-2025-10
PEER-32-R1,32,202935,60,685a4e422bdcfcf1b3688644,2025-10-02T00:04:06+01:00,737.5,319.4,bench-host-01,peer-scaling-2025-10
PEER-32-R1,32,202935,61,950c63f880d14ac62a2d0882,2025-10-02T00:04:06+01:00,814.5,316.3,bench-host-01,peer-scaling-2025-10
PEER-32-R1,32,202935,62,bfddfc90145afda4f7a377d1,2025-10-02T00:04:06+01:00,864.6,321.6,bench-host-01,peer-scaling-2025-10
PEER-32-R1,32,202935,63,ba50e1d67bf23139f2d8d13e,2025-10-02T00:04:07+01:00,800.3,309.2,bench-host-01,peer-scaling-2025-10
PEER-32-R1,32,202935,64,726d1fe6eab58c2e12b87431,2025-10-02T00:04:07+01:00,762.1,318.7,bench-host-01,peer-scaling-2025-10
PEER-32-R1,32,202935,65,a689523b34cfcb97089766cd,2025-10-02T00:04:08+01:00,783.7,313.2,bench-host-01,peer-scaling-2025-10
PEER-32-R1,32,202935,66,f5c318bb87fb0bc539d06c3c,2025-10-02T00:04:08+01:00,852.8,315.1,bench-host-01,peer-scaling-2025-10
PEER-32-R1,32,202935,67,a0dc518c6d22d26f736185d5,2025-10-02T00:04:08+01:00,777.6,307.9,bench-host-01,peer-scaling-2025-10
PEER-32-R1,32,202935,68,5f9fd68c1e192be4c24877b8,2025-10-02T00:04:09+01:00,807.3,320.9,bench-host-01,peer-scaling-2025-10
PEER-32-R1,32,202935,69,58dbaa772dd34c5f44751905,2025-10-02T00:04:09+01:00,852.9,322.3,bench-host-01,peer-scaling-2025-10
PEER-32-R1,32,202935,70,f92a55bc7beaf865e55c1964,2025-10-02T00:04:10+01:00,757.4,319.7,bench-host-01,peer-scaling-2025-10
PEER-32-R1,32,202935,71,df0bb14f06b3a4d81d0c95e8,2025-10-02T00:04:10+01:00,828.4,314.4,bench-host-01,peer-scaling-2025-10
PEER-32-R1,32,202936,72,b65a649ec628173b9906c017,2025-10-02T00:04:10+01:00,794.6,320.6,bench-host-01,peer-scaling-2025-10
PEER-32-R1,32,202936,73,ce92dd29a551ee26e4c62cc6,2025-10-02T00:04:11+01:00,760.2,320.3,bench-host-01,peer-scaling-2025-10
PEER-32-R1,32,202936,74,238aec90e7369a0dc44971a0,2025-10-02T00:04:11+01:00,732.1,324.6,bench-host-01,peer-scaling-2025-10
PEER-32-R1,32,202936,75,1aab60fd0c4ff3c668f90f7a,2025-10-02T00:04:12+01:00,809.7,316.1,bench-host-01,peer-scaling-2025-10
PEER-32-R1,32,202936,76,4795fe403dee53dee008649c,2025-10-02T00:04:12+01:00,744.7,313.1,bench-host-01,peer-scaling-2025-10
PEER-32-R1,32,202936,77,e8300df50e1015c697c44ee1,2025-10-02T00:04:12+01:00,743.2,312.9,bench-host-01,peer-scaling-2025-10
PEER-32-R1,32,202936,78,ee3f9ea4b443e5c4ed214a24,2025-10-02T00:04:13+01:00,827.3,315.8,bench-host-01,peer-scaling-2025-10
PEER-32-R1,32,202936,79,6a08a3b0394a589352d6f4e0,2025-10-02T00:04:13+01:00,852.2,307.7,bench-host-01,peer-scaling-2025-10
PEER-32-R1,32,202937,80,80aea77accc0bc452d455355,2025-10-02T00:04:14+01:00,778.5,317.7,bench-host-01,peer-scaling-2025-10
PEER-32-R1,32,202937,81,28366ba665c40cccc1bc6e49,2025-10-02T00:04:14+01:00,753.2,312.8,bench-host-01,peer-scaling-2025-10
PEER-32-R1,32,202937,82,0133ddc977f8c5c694b198d6,2025-10-02T00:04:15+01:00,879.5,316.4,bench-host-01,peer-scaling-2025-10
PEER-32-R1,32,202937,83,5c983c7d59dbb5c07b2a99c2,2025-10-02T00:04:15+01:00,900.7,322.8,bench-host-01,peer-scaling-2025-10
PEER-32-R1,32,202937,84,c7f9a214fca68325b97baebe,2025-10-02T00:04:15+01:00,784.4,318.5,bench-host-01,peer-scaling-2025-10
PEER-32-R1,32,202937,85,a5275a6cae164fe24eb718a8,2025-10-02T00:04:16+01:00,825.1,322.8,bench-host-01,peer-scaling-2025-10
PEER-32-R1,32,202937,86,e291b1db825cd67ecb358201,2025-10-02T00:04:16+01:00,868.6,314.2,bench-host-01,peer-scaling-2025-10
PEER-32-R1,32,202937,87,1dcaacdf1c2a719d4da47373,2025-10-02T00:04:17+01:00,869.2,320.0,bench-host-01,peer-scaling-2025-10
PEER-32-R1,32,202938,88,600e076c7d3973f16e012453,2025-10-02T00:04:17+01:00,847.0,311.9,bench-host-01,peer-scaling-2025-10
PEER-32-R1,32,202938,89,af3123a40f077103e23bc402,2025-10-02T00:04:17+01:00,827.0,324.9,bench-host-01,peer-scaling-2025-10
PEER-32-R1,32,202939,90,278204f271aa104a30bea18c,2025-10-02T00:04:18+01:00,844.5,318.7,bench-host-01,peer-scaling-2025-10
PEER-32-R1,32,202940,91,0a649fd6a82f484a1fc12821,2025-10-02T00:04:18+01:00,800.0,316.5,bench-host-01,peer-scaling-2025-10
PEER-32-R1,32,202940,92,9add18d5f685b92b029ebd74,2025-10-02T00:04:19+01:00,785.8,316.5,bench-host-01,peer-scaling-2025-10
PEER-32-R1,32,202940,93,2cc044f9e96058fc400c8931,2025-10-02T00:04:19+01:00,716.5,312.7,bench-host-01,peer-scaling-2025-10
PEER-32-R1,32,202940,94,fe8dfff1b2859ba93d031716,2025-10-02T00:04:19+01:00,793.0,326.7,bench-host-01,peer-scaling-2025-10
PEER-32-R1,32,202940,95,25f562463bd49359a4d887ff,2025-10-02T00:04:20+01:00,733.0,320.2,bench-host-01,peer-scaling-2025-10
PEER-32-R1,32,202940,96,8af9c550f1eb4bcc722d134e,2025-10-02T00:04:20+01:00,931.9,310.5,bench-host-01,peer-scaling-2025-10
PEER-32-R1,32,202940,97,ead08f11f9c0afd0763d6d02,2025-10-02T00:04:21+01:00,784.0,318.4,bench-host-01,peer-scaling-2025-10
PEER-32-R1,32,202940,98,d2738f5f7a080f8b0313a0ba,2025-10-02T00:04:21+01:00,752.2,311.7,bench-host-01,peer-scaling-2025-10
PEER-32-R1,32,202940,99,43825947c4bf15afcfcd9bf8,2025-10-02T00:04:21+01:00,840.0,305.7,bench-host-01,peer-scaling-2025-10
PEER-32-R1,32,202940,100,80610435d5653e56208ae98d,2025-10-02T00:04:22+01:00,873.4,322.7,bench-host-01,peer-scaling-2025-10
PEER-32-R1,32,202940,101,e620e45cd830549fb0462aed,2025-10-02T00:04:22+01:00,875.7,312.8,bench-host-01,peer-scaling-2025-10
PEER-32-R1,32,202940,102,437bd5a4d7b247612dc365e0,2025-10-02T00:04:23+01:00,840.1,308.7,bench-host-01,peer-scaling-2025-10
PEER-32-R1,32,202940,103,e063c30f0f62e216ad4e5ee8,2025-10-02T00:04:23+01:00,847.3,315.5,bench-host-01,peer-scaling-2025-10
PEER-32-R1,32,202941,104,aec447fb025f84edc62ac116,2025-10-02T00:04:23+01:00,863.3,314.6,bench-host-01,peer-scaling-2025-10
PEER-32-R1,32,202941,105,cc876578678c34806caaa51f,2025-10-02T00:04:24+01:00,736.1,315.4,bench-host-01,peer-scaling-2025-10
PEER-32-R1,32,202941,106,635cf3a086f5da1277a86637,2025-10-02T00:04:24+01:00,807.2,303.3,bench-host-01,peer-scaling-2025-10
PEER-32-R1,32,202941,107,fc8f3a8d715b265b8efc91d6,2025-10-02T00:04:25+01:00,830.9,321.7,bench-host-01,peer-scaling-2025-10
PEER-32-R1,32,202941,108,42e4e7039a45b70ccac3e340,2025-10-02T00:04:25+01:00,792.8,310.4,bench-host-01,peer-scaling-2025-10
PEER-32-R1,32,202941,109,a66dd189913bb7846c2b2a5a,2025-10-02T00:04:25+01:00,828.7,318.6,bench-host-01,peer-scaling-2025-10
PEER-32-R1,32,202941,110,7fe83a1d3de95ad1080f657f,2025-10-02T00:04:26+01:00,801.6,324.6,bench-host-01,peer-scaling-2025-10
PEER-32-R1,32,202941,111,6d93a64f3640878f4aecb556,2025-10-02T00:04:26+01:00,794.2,326.4,bench-host-01,peer-scaling-2025-10
PEER-32-R1,32,202941,112,c800faba2e4f249da79efe67,2025-10-02T00:04:27+01:00,806.9,318.7,bench-host-01,peer-scaling-2025-10
PEER-32-R1,32,202941,113,ef0fcbf500e18927f917f763,2025-10-02T00:04:27+01:00,832.4,311.7,bench-host-01,peer-scaling-2025-10
PEER-32-R1,32,202941,114,4dea7ef9b258955244145818,2025-10-02T00:04:28+01:00,728.1,315.7,bench-host-01,peer-scaling-2025-10
PEER-32-R1,32,202941,115,25063fe56fcab85d07296dd8,2025-10-02T00:04:28+01:00,816.6,310.2,bench-host-01,peer-scaling-2025-10
PEER-32-R1,32,202941,116,6af4d5df4ebb8fcbe8f3fdd2,2025-10-02T00:04:28+01:00,774.1,316.3,bench-host-01,peer-scaling-2025-10
PEER-32-R1,32,202941,117,59990baa8d6bbbc2682511d1,2025-10-02T00:04:29+01:00,864.7,318.9,bench-host-01,peer-scaling-2025-10
PEER-32-R1,32,202941,118,ed2c8791dbadfc50eb232f2a,2025-10-02T00:04:29+01:00,784.0,312.9,bench-host-01,peer-scaling-2025-10
PEER-32-R1,32,202941,119,f5b55e9b219e97b786c19c39,2025-10-02T00:04:30+01:00,815.0,315.6,bench-host-01,peer-scaling-2025-10
PEER-32-R1,32,202941,120,4160bfb5af5e63223fcb130b,2025-10-02T00:04:30+01:00,747.8,315.3,bench-host-01,peer-scaling-2025-10
PEER-32-R1,32,202941,121,7ddfb2bf1d67a588f3544bbc,2025-10-02T00:04:30+01:00,770.9,316.2,bench-host-01,peer-scaling-2025-10
PEER-32-R1,32,202941,122,ce01e7543aff9caf7218f26a,2025-10-02T00:04:31+01:00,819.2,316.5,bench-host-01,peer-scaling-2025-10
PEER-32-R1,32,202941,123,8e0abc175c077a2b84eefc72,2025-10-02T00:04:31+01:00,823.2,306.5,bench-host-01,peer-scaling-2025-10
PEER-32-R1,32,202941,124,1fe63283d91c2eb1e021938a,2025-10-02T00:04:32+01:00,699.3,326.2,bench-host-01,peer-scaling-2025-10
PEER-32-R1,32,202941,125,8cb01b9827b5e96ee9fac93a,2025-10-02T00:04:32+01:00,882.3,317.7,bench-host-01,peer-scaling-2025-10
PEER-32-R1,32,202941,126,6381852ea695fad1a052efb8,2025-10-02T00:04:32+01:00,880.5,323.4,bench-host-01,peer-scaling-2025-10
PEER-32-R1,32,202941,127,06c2d8fac25c7b3c000be8cc,2025-10-02T00:04:33+01:00,921.9,321.5,bench-host-01,peer-scaling-2025-10
PEER-32-R1,32,202941,128,0c11de8ad5304f5f35ccad78,2025-10-02T00:04:33+01:00,885.8,312.8,bench-host-01,peer-scaling-2025-10
PEER-32-R1,32,202941,129,58ab72c5f0cf37714ffe1e38,2025-10-02T00:04:34+01:00,805.9,310.1,bench-host-01,peer-scaling-2025-10
PEER-08-R2,8,700836,0,4f3c33a804a426a02cad7dbe,2025-10-02T05:04:34+01:00,1130.5,315.8,bench-host-01,peer-scaling-2025-10
PEER-08-R2,8,700836,1,55ed5452b6449412a4b997a7,2025-10-02T05:04:35+01:00,1158.8,310.9,bench-host-01,peer-scaling-2025-10
PEER-08-R2,8,700836,2,f21ac2788d260fdd159ea6de,2025-10-02T05:04:35+01:00,1197.1,324.5,bench-host-01,peer-scaling-2025-10
PEER-08-R2,8,700836,3,ef25f1c7169dfb3bfeb73e9d,2025-10-02T05:04:36+01:00,1173.6,311.6,bench-host-01,peer-scaling-2025-10
PEER-08-R2,8,700836,4,45090f8a5abf822bc20fefb6,2025-10-02T05:04:36+01:00,1119.5,313.3,bench-host-01,peer-scaling-2025-10
PEER-08-R2,8,700836,5,c5d3a5ae1a0c4dae55713ec8,2025-10-02T05:04:37+01:00,1179.3,314.1,bench-host-01,peer-scaling-2025-10
PEER-08-R2,8,700836,6,f25dc0d2ad94f63c4aac1214,2025-10-02T05:04:37+01:00,1157.2,313.7,bench-host-01,peer-scaling-2025-10
PEER-08-R2,8,700836,7,8ca1931f24e7db84de1a1c11,2025-10-02T05:04:38+01:00,1159.2,315.1,bench-host-01,peer-scaling-2025-10
PEER-08-R2,8,700836,8,535012625a38b5f2f7a64ceb,2025-10-02T05:04:39+01:00,1092.5,314.5,bench-host-01,peer-scaling-2025-10
PEER-08-R2,8,700836,9,9c7059842b91185e2d323c4e,2025-10-02T05:04:39+01:00,1054.8,321.5,bench-host-01,peer-scaling-2025-10
PEER-08-R2,8,700836,10,a47baddb693aea6011ff35c9,2025-10-02T05:04:40+01:00,1203.5,325.2,bench-host-01,peer-scaling-2025-10
PEER-08-R2,8,700836,11,bb9c0f069b6ca8fb5c9ad703,2025-10-02T05:04:40+01:00,1210.5,320.8,bench-host-01,peer-scaling-2025-10
PEER-08-R2,8,700836,12,ce3b628947e7bc6df6ff6879,2025-10-02T05:04:41+01:00,1166.7,310.6,bench-host-01,peer-scaling-2025-10
PEER-08-R2,8,700836,13,f8fe9e6d96242eb47428bb4d,2025-10-02T05:04:41+01:00,1173.4,321.5,bench-host-01,peer-scaling-2025-10
PEER-08-R2,8,700836,14,e35ba66b99e3c319228a5e4f,2025-10-02T05:04:42+01:00,1077.7,326.2,bench-host-01,peer-scaling-2025-10
PEER-08-R2,8,700836,15,79d78b183fe988393c876db0,2025-10-02T05:04:43+01:00,1078.0,328.6,bench-host-01,peer-scaling-2025-10
PEER-08-R2,8,700836,16,55fb16f6034ebd764ddd0814,2025-10-02T05:04:43+01:00,1187.0,323.8,bench-host-01,peer-scaling-2025-10
PEER-08-R2,8,700836,17,9fbe5b94832093ed26c3d682,2025-10-02T05:04:44+01:00,1131.8,310.3,bench-host-01,peer-scaling-2025-10
PEER-08-R2,8,700836,18,9e140e90e9afb8de32e11897,2025-10-02T05:04:44+01:00,1185.9,327.6,bench-host-01,peer-scaling-2025-10
PEER-08-R2,8,700836,19,0045be0d4935ffd17bb43479,2025-10-02T05:04:45+01:00,1239.8,323.4,bench-host-01,peer-scaling-2025-10
PEER-08-R2,8,700836,20,44ea60ced58392eb200da53c,2025-10-02T05:04:45+01:00,1105.7,316.9,bench-host-01,peer-scaling-2025-10
PEER-08-R2,8,700836,21,9d265a5d7673187685a076ed,2025-10-02T05:04:46+01:00,1141.9,313.9,bench-host-01,peer-scaling-2025-10
PEER-08-R2,8,700836,22,91557ea9c9b688a8a46361f5,2025-10-02T05:04:47+01:00,1189.0,320.2,bench-host-01,peer-scaling-2025-10
PEER-08-R2,8,700836,23,87052e056d2efeb0b3b00d51,2025-10-02T05:04:47+01:00,1123.8,321.8,bench-host-01,peer-scaling-2025-10
PEER-08-R2,8,700837,24,bfd65364911ec3a8726f4c62,2025-10-02T05:04:48+01:00,1162.4,328.3,bench-host-01,peer-scaling-2025-10
PEER-08-R2,8,700837,25,a9796604147811e94351aeec,2025-10-02T05:04:48+01:00,1095.8,317.6,bench-host-01,peer-scaling-2025-10
PEER-08-R2,8,700837,26,b8193470458d7543174e3b44,2025-10-02T05:04:49+01:00,1164.2,316.4,bench-host-01,peer-scaling-2025-10
PEER-08-R2,8,700837,27,132f7058fc4ce1a583019cf0,2025-10-02T05:04:50+01:00,1147.1,313.5,bench-host-01,peer-scaling-2025-10
PEER-08-R2,8,700837,28,3e17040a29d18a1229e7b793,2025-10-02T05:04:50+01:00,1129.4,315.2,bench-host-01,peer-scaling-2025-10
PEER-08-R2,8,700837,29,6475160ca594bb292379b01d,2025-10-02T05:04:51+01:00,1137.8,317.1,bench-host-01,peer-scaling-2025-10
PEER-08-R2,8,700837,30,4acbd1850e44c689b73e53fb,2025-10-02T05:04:51+01:00,1138.6,315.5,bench-host-01,peer-scaling-2025-10
PEER-08-R2,8,700837,31,7fd033c788c0fafabaedd66a,2025-10-02T05:04:52+01:00,1063.5,316.2,bench-host-01,peer-scaling-2025-10
PEER-08-R2,8,700837,32,f2ae1f888e264670d28772e1,2025-10-02T05:04:52+01:00,1142.6,327.7,bench-host-01,peer-scaling-2025-10
PEER-08-R2,8,700837,33,a115b9ee362381a03c063a51,2025-10-02T05:04:53+01:00,1102.7,326.9,bench-host-01,peer-scaling-2025-10
PEER-08-R2,8,700837,34,2c4e8684a246283702dd6a8e,2025-10-02T05:04:54+01:00,1141.1,316.5,bench-host-01,peer-scaling-2025-10
PEER-08-R2,8,700837,35,4650769e276f0ade7f7d9b96,2025-10-02T05:04:54+01:00,1165.4,323.8,bench-host-01,peer-scaling-2025-10
PEER-08-R2,8,700838,36,e021dc1c6281b3d7f05ea877,2025-10-02T05:04:55+01:00,1136.1,325.1,bench-host-01,peer-scaling-2025-10
PEER-08-R2,8,700838,37,dc0c5051d67008ebb3db5826,2025-10-02T05:04:55+01:00,1088.5,323.7,bench-host-01,peer-scaling-2025-10
PEER-08-R2,8,700838,38,d2463cf288b80c7763005232,2025-10-02T05:04:56+01:00,1326.5,323.0,bench-host-01,peer-scaling-2025-10
PEER-08-R2,8,700838,39,2381f422ab78f16160c5f7f5,2025-10-02T05:04:56+01:00,1150.9,310.2,bench-host-01,peer-scaling-2025-10
PEER-08-R2,8,700838,40,368649c82f07eb25007e431f,2025-10-02T05:04:57+01:00,971.1,325.0,bench-host-01,peer-scaling-2025-10
PEER-08-R2,8,700838,41,7ca0c8c550d826e706469a1b,2025-10-02T05:04:58+01:00,1149.4,319.0,bench-host-01,peer-scaling-2025-10
PEER-08-R2,8,700838,42,1c5c252d0292a57cc247cef8,2025-10-02T05:04:58+01:00,1171.7,321.4,bench-host-01,peer-scaling-2025-10
PEER-08-R2,8,700838,43,61df4ff453b02e281fae7d8f,2025-10-02T05:04:59+01:00,1176.7,324.7,bench-host-01,peer-scaling-2025-10
PEER-08-R2,8,700838,44,4b19b1e291216672a88a75a5,2025-10-02T05:04:59+01:00,1168.2,324.9,bench-host-01,peer-scaling-2025-10
PEER-08-R2,8,700839,45,4fa7c8368c4d8703be2c7a68,2025-10-02T05:05:00+01:00,1170.2,318.8,bench-host-01,peer-scaling-2025-10
PEER-08-R2,8,700839,46,c4608ef92ecf0d3eb7405750,2025-10-02T05:05:00+01:00,1112.1,331.9,bench-host-01,peer-scaling-2025-10
PEER-08-R2,8,700839,47,8d46693c965d1fd6607811cc,2025-10-02T05:05:01+01:00,1093.1,324.7,bench-host-01,peer-scaling-2025-10
PEER-08-R2,8,700840,48,1a6671bbdc0aa9cc854147ea,2025-10-02T05:05:02+01:00,1150.0,325.8,bench-host-01,peer-scaling-2025-10
PEER-08-R2,8,700840,49,968f9454d155f6cc44ca3219,2025-10-02T05:05:02+01:00,1132.7,314.8,bench-host-01,peer-scaling-2025-10
PEER-08-R2,8,700840,50,22eba0456fc1388d4431788e,2025-10-02T05:05:03+01:00,1169.7,312.2,bench-host-01,peer-scaling-2025-10
PEER-08-R2,8,700840,51,0708661e5553139f3025aa51,2025-10-02T05:05:03+01:00,1137.7,320.7,bench-host-01,peer-scaling-2025-10
PEER-08-R2,8,700840,52,a852d8fadf4c9af7806e2b64,2025-10-02T05:05:04+01:00,1104.5,316.8,bench-host-01,peer-scaling-2025-10
PEER-08-R2,8,700840,53,07bd7912f4fc52537db0ffbe,2025-10-02T05:05:04+01:00,1181.7,326.9,bench-host-01,peer-scaling-2025-10
PEER-08-R2,8,700840,54,9ea615210095bdb59a6c1dbb,2025-10-02T05:05:05+01:00,1257.4,319.1,bench-host-01,peer-scaling-2025-10
PEER-08-R2,8,700840,55,9bef33e535fbf0e38c9cbc77,2025-10-02T05:05:06+01:00,1085.1,323.0,bench-host-01,peer-scaling-2025-10
PEER-08-R2,8,700841,56,1151ff6e189911f1f33ad443,2025-10-02T05:05:06+01:00,1165.6,327.5,bench-host-01,peer-scaling-2025-10
PEER-08-R2,8,700841,57,af79adf84b6df69db17b3320,2025-10-02T05:05:07+01:00,1093.3,312.4,bench-host-01,peer-scaling-2025-10
PEER-08-R2,8,700841,58,1e2636971ba7d0a4bf4892c1,2025-10-02T05:05:07+01:00,1139.8,310.7,bench-host-01,peer-scaling-2025-10
PEER-08-R2,8,700841,59,8b364035a2be6ab4d1f610b7,2025-10-02T05:05:08+01:00,1095.9,321.7,bench-host-01,peer-scaling-2025-10
PEER-08-R2,8,700841,60,fbad42585b4b212d6c66e051,2025-10-02T05:05:08+01:00,1120.4,317.2,bench-host-01,peer-scaling-2025-10
PEER-08-R2,8,700841,61,02194a6fac1ff336aaf6d4f8,2025-10-02T05:05:09+01:00,1139.0,314.4,bench-host-01,peer-scaling-2025-10
PEER-08-R2,8,700841,62,c8f7a9ca58db942ad7d448df,2025-10-02T05:05:10+01:00,1233.3,317.0,bench-host-01,peer-scaling-2025-10
PEER-08-R2,8,700841,63,23cd2e97d79a9956f88ed41d,2025-10-02T05:05:10+01:00,1172.5,319.7,bench-host-01,peer-scaling-2025-10
PEER-08-R2,8,700841,64,c1ba2e6baba041d9441d08d4,2025-10-02T05:05:11+01:00,1144.0,325.2,bench-host-01,peer-scaling-2025-10
PEER-08-R2,8,700841,65,2f82aa8ab4bef83710a8d1e6,2025-10-02T05:05:11+01:00,1158.6,313.0,bench-host-01,peer-scaling-2025-10
PEER-08-R2,8,700841,66,f18b9fb03d4d7de06c164c47,2025-10-02T05:05:12+01:00,1038.4,314.5,bench-host-01,peer-scaling-2025-10
PEER-08-R2,8,700841,67,f0ce7f5bb9a00148eac6cdf4,2025-10-02T05:05:13+01:00,1135.9,319.0,bench-host-01,peer-scaling-2025-10
PEER-08-R2,8,700841,68,8dffbe53d8ec86765ad87b5f,2025-10-02T05:05:13+01:00,1165.4,310.0,bench-host-01,peer-scaling-2025-10
PEER-08-R2,8,700841,69,5dcbfa5ef99b0feec805c09d,2025-10-02T05:05:14+01:00,1145.2,328.3,bench-host-01,peer-scaling-2025-10
PEER-08-R2,8,700842,70,98bfd4f84ccb23325f8b35fe,2025-10-02T05:05:14+01:00,1227.8,325.0,bench-host-01,peer-scaling-2025-10
PEER-08-R2,8,700842,71,84e62d7a58a3eee7bc5dd54c,2025-10-02T05:05:15+01:00,1146.2,319.3,bench-host-01,peer-scaling-2025-10
PEER-08-R2,8,700842,72,0ce8332cb25493d11ceb610b,2025-10-02T05:05:15+01:00,1212.9,322.3,bench-host-01,peer-scaling-2025-10
PEER-08-R2,8,700842,73,679d3e330aea65445a54e318,2025-10-02T05:05:16+01:00,1060.9,317.2,bench-host-01,peer-scaling-2025-10
PEER-08-R2,8,700842,74,0e623602e36197dd006bbc9b,2025-10-02T05:05:17+01:00,1099.6,319.4,bench-host-01,peer-scaling-2025-10
PEER-08-R2,8,700843,75,195807d54feae24992d9e6da,2025-10-02T05:05:17+01:00,1195.7,319.8,bench-host-01,peer-scaling-2025-10
PEER-08-R2,8,700843,76,26930082fd230a18401882c1,2025-10-02T05:05:18+01:00,1238.3,316.1,bench-host-01,peer-scaling-2025-10
PEER-08-R2,8,700843,77,5037a6953b6c211768f15890,2025-10-02T05:05:18+01:00,1219.5,327.1,bench-host-01,peer-scaling-2025-10
PEER-08-R2,8,700843,78,5069994a386e0f7958568973,2025-10-02T05:05:19+01:00,1133.2,320.1,bench-host-01,peer-scaling-2025-10
PEER-08-R2,8,700843,79,9e996b4a22d8224390661028,2025-10-02T05:05:19+01:00,1241.8,317.6,bench-host-01,peer-scaling-2025-10
PEER-08-R2,8,700843,80,9bf9a867ef32331b2e919f5a,2025-10-02T05:05:20+01:00,1091.1,317.7,bench-host-01,peer-scaling-2025-10
PEER-08-R2,8,700843,81,a11314531a14e6dfb1fa70d1,2025-10-02T05:05:21+01:00,1163.3,319.3,bench-host-01,peer-scaling-2025-10
PEER-08-R2,8,700843,82,8b7ed31161b05af64b7debdd,2025-10-02T05:05:21+01:00,1137.7,316.9,bench-host-01,peer-scaling-2025-10
PEER-08-R2,8,700843,83,093b63160dc8d282c4b36f94,2025-10-02T05:05:22+01:00,1217.8,317.6,bench-host-01,peer-scaling-2025-10
PEER-08-R2,8,700843,84,83968ed1ca06751ece7810f5,2025-10-02T05:05:22+01:00,1139.3,323.3,bench-host-01,peer-scaling-2025-10
PEER-08-R2,8,700843,85,f9b4741e812bea9e40c930c9,2025-10-02T05:05:23+01:00,1156.3,322.6,bench-host-01,peer-scaling-2025-10
PEER-08-R2,8,700843,86,b2cac7fb13d4972aba849090,2025-10-02T05:05:23+01:00,1135.9,314.8,bench-host-01,peer-scaling-2025-10
PEER-08-R2,8,700843,87,23a669f434770bb15673bcf1,2025-10-02T05:05:24+01:00,1176.0,319.9,bench-host-01,peer-scaling-2025-10
PEER-08-R2,8,700843,88,40ef5247f6efcb3af0c0c498,2025-10-02T05:05:25+01:00,1129.0,312.3,bench-host-01,peer-scaling-2025-10
PEER-08-R2,8,700843,89,d2b8a0668a0f8c16a8e75ff1,2025-10-02T05:05:25+01:00,1183.4,319.5,bench-host-01,peer-scaling-2025-10
PEER-08-R2,8,700843,90,571bfd4542f6cdef5740964c,2025-10-02T05:05:26+01:00,1268.7,318.7,bench-host-01,peer-scaling-2025-10
PEER-08-R2,8,700843,91,eb5b1c89c96ca56cc44378d9,2025-10-02T05:05:26+01:00,1022.3,324.2,bench-host-01,peer-scaling-2025-10
PEER-08-R2,8,700843,92,29344ec4a7d5679fb5879444,2025-10-02T05:05:27+01:00,1108.1,328.2,bench-host-01,peer-scaling-2025-10
PEER-08-R2,8,700843,93,09cd935b9ca72057006d9337,2025-10-02T05:05:27+01:00,1117.1,321.1,bench-host-01,peer-scaling-2025-10
PEER-08-R2,8,700843,94,1338f67e01d16118b01cda5b,2025-10-02T05:05:28+01:00,1178.1,323.2,bench-host-01,peer-scaling-2025-10
PEER-08-R2,8,700843,95,b6d679eb1356a4ee0371bc21,2025-10-02T05:05:29+01:00,1133.9,329.8,bench-host-01,peer-scaling-2025-10
PEER-08-R2,8,700844,96,0f490d58a3fb94b63438ac64,2025-10-02T05:05:29+01:00,1086.0,323.9,bench-host-01,peer-scaling-2025-10
PEER-08-R2,8,700844,97,6171bdd68ba584086768173f,2025-10-02T05:05:30+01:00,1166.3,322.8,bench-host-01,peer-scaling-2025-10
PEER-08-R2,8,700844,98,43db918a9484c129e01fe885,2025-10-02T05:05:30+01:00,1184.2,319.8,bench-host-01,peer-scaling-2025-10
PEER-08-R2,8,700844,99,9a084226b637ccbb7165e015,2025-10-02T05:05:31+01:00,1126.2,323.1,bench-host-01,peer-scaling-2025-10
PEER-08-R2,8,700844,100,7dad2327635d6d97c4e60193,2025-10-02T05:05:31+01:00,1147.9,319.0,bench-host-01,peer-scaling-2025-10
PEER-08-R2,8,700844,101,0d443a7804f292208b752751,2025-10-02T05:05:32+01:00,1195.7,324.3,bench-host-01,peer-scaling-2025-10
PEER-08-R2,8,700844,102,5494e1579397b0095db668c2,2025-10-02T05:05:33+01:00,1146.3,318.2,bench-host-01,peer-scaling-2025-10
PEER-08-R2,8,700844,103,4752f45db38e0456e691fe28,2025-10-02T05:05:33+01:00,1130.4,323.6,bench-host-01,peer-scaling-2025-10
PEER-08-R2,8,700844,104,1a2c370b0555ba83c75611ac,2025-10-02T05:05:34+01:00,1125.7,322.1,bench-host-01,peer-scaling-2025-10
PEER-08-R2,8,700844,105,9ec04ad00d6f9ac1a1333a64,2025-10-02T05:05:34+01:00,1182.8,319.4,bench-host-01,peer-scaling-2025-10
PEER-08-R2,8,700844,106,66504daeff53677b4b688c41,2025-10-02T05:05:35+01:00,1138.4,323.5,bench-host-01,peer-scaling-2025-10
PEER-08-R2,8,700844,107,b7143c9782c9aa61260c3a50,2025-10-02T05:05:35+01:00,1182.4,317.3,bench-host-01,peer-scaling-2025-10
PEER-08-R2,8,700845,108,9f7286d7e662a2485252cb35,2025-10-02T05:05:36+01:00,1098.9,314.3,bench-host-01,peer-scaling-2025-10
PEER-08-R2,8,700845,109,fa49fda442faa4341014f58e,2025-10-02T05:05:37+01:00,1215.2,322.9,bench-host-01,peer-scaling-2025-10
PEER-08-R2,8,700845,110,c62ee2cd7fe5b28d9acf58b4,2025-10-02T05:05:37+01:00,1177.8,317.9,bench-host-01,peer-scaling-2025-10
PEER-08-R2,8,700845,111,4a4518618257eaf2d71b701d,2025-10-02T05:05:38+01:00,1162.5,311.8,bench-host-01,peer-scaling-2025-10
PEER-08-R2,8,700845,112,fc82c923bcf52cf7cd5ab50a,2025-10-02T05:05:38+01:00,1175.7,317.0,bench-host-01,peer-scaling-2025-10
PEER-08-R2,8,700845,113,21833354fabeb9d1493c34d3,2025-10-02T05:05:39+01:00,1062.0,315.8,bench-host-01,peer-scaling-2025-10
PEER-08-R2,8,700845,114,093733a96434223b810669c5,2025-10-02T05:05:40+01:00,1088.7,321.4,bench-host-01,peer-scaling-2025-10
PEER-08-R2,8,700845,115,46a8630936a391e0d127562d,2025-10-02T05:05:40+01:00,1082.4,315.3,bench-host-01,peer-scaling-2025-10
PEER-08-R2,8,700845,116,086a2f05b5408c8f29ccf68b,2025-10-02T05:05:41+01:00,1213.5,323.0,bench-host-01,peer-scaling-2025-10
PEER-08-R2,8,700845,117,26e907ce21b724303a4d3acd,2025-10-02T05:05:41+01:00,1170.3,309.7,bench-host-01,peer-scaling-2025-10
PEER-08-R2,8,700845,118,ce0e4ca0dcc8429ddb69a37f,2025-10-02T05:05:42+01:00,1070.0,318.1,bench-host-01,peer-scaling-2025-10
PEER-08-R2,8,700845,119,78584b83608cf4d1dc287e55,2025-10-02T05:05:42+01:00,1112.1,324.6,bench-host-01,peer-scaling-2025-10
PEER-08-R2,8,700845,120,a80bdd3d710bb3bb565accb7,2025-10-02T05:05:43+01:00,1100.8,325.7,bench-host-01,peer-scaling-2025-10
PEER-08-R2,8,700845,121,d78aad98b5b54f99aa5bcdb2,2025-10-02T05:05:44+01:00,1174.7,313.8,bench-host-01,peer-scaling-2025-10
PEER-08-R2,8,700845,122,18d64e6065e3076375fa42f3,2025-10-02T05:05:44+01:00,984.2,307.2,bench-host-01,peer-scaling-2025-10
PEER-08-R2,8,700845,123,7034d4c6c728b7b8802bf4a2,2025-10-02T05:05:45+01:00,1242.9,321.2,bench-host-01,peer-scaling-2025-10
PEER-08-R2,8,700845,124,d197ab3ce34d7a1f85adcf62,2025-10-02T05:05:45+01:00,1141.5,322.7,bench-host-01,peer-scaling-2025-10
PEER-08-R2,8,700845,125,e41a42b7f1775d7c62597286,2025-10-02T05:05:46+01:00,1145.7,315.0,bench-host-01,peer-scaling-2025-10
PEER-08-R2,8,700846,126,15c8e025de84fd2655f0b285,2025-10-02T05:05:46+01:00,1126.7,325.3,bench-host-01,peer-scaling-2025-10
PEER-08-R2,8,700846,127,7d16d33af95a24b379368edb,2025-10-02T05:05:47+01:00,1200.9,318.7,bench-host-01,peer-scaling-2025-10
PEER-08-R2,8,700847,128,c44cfbf48a7f7b63d8def4d3,2025-10-02T05:05:48+01:00,1144.5,314.3,bench-host-01,peer-scaling-2025-10
PEER-08-R2,8,700847,129,ba7ccf030efbf66d1ac0a0f7,2025-10-02T05:05:48+01:00,1089.8,313.5,bench-host-01,peer-scaling-2025-10
PEER-16-R2,16,463973,0,f319a4ee992e293a584bc52f,2025-10-02T10:05:49+01:00,1035.4,322.2,bench-host-01,peer-scaling-2025-10
PEER-16-R2,16,463973,1,4fd0565381ab94eac7a4ddbf,2025-10-02T10:05:49+01:00,1003.0,328.5,bench-host-01,peer-scaling-2025-10
PEER-16-R2,16,463973,2,bfaf0031411a90864e146c8f,2025-10-02T10:05:50+01:00,1103.5,324.0,bench-host-01,peer-scaling-2025-10
PEER-16-R2,16,463973,3,0801d5e12d7a0899261d62d8,2025-10-02T10:05:50+01:00,1062.5,315.6,bench-host-01,peer-scaling-2025-10
PEER-16-R2,16,463973,4,a3f5e52623a52b1f5e37dffa,2025-10-02T10:05:51+01:00,993.8,325.0,bench-host-01,peer-scaling-2025-10
PEER-16-R2,16,463973,5,4a994e0b86d095b70092d9d8,2025-10-02T10:05:51+01:00,1130.3,327.2,bench-host-01,peer-scaling-2025-10
PEER-16-R2,16,463973,6,822bcb1c852caa1d638ea2d0,2025-10-02T10:05:52+01:00,1046.2,316.3,bench-host-01,peer-scaling-2025-10
PEER-16-R2,16,463973,7,dea1edd4eed5da8e8e833bc5,2025-10-02T10:05:52+01:00,1017.9,331.4,bench-host-01,peer-scaling-2025-10
PEER-16-R2,16,463973,8,ab4085fb3d8bb8aef8ef13cb,2025-10-02T10:05:53+01:00,1149.4,323.2,bench-host-01,peer-scaling-2025-10
PEER-16-R2,16,463973,9,ebd7adfa2ebc36f87a8d1c47,2025-10-02T10:05:53+01:00,1054.5,315.5,bench-host-01,peer-scaling-2025-10
PEER-16-R2,16,463973,10,cd95c4a063434e0ff69c43c9,2025-10-02T10:05:54+01:00,1157.0,327.3,bench-host-01,peer-scaling-2025-10
PEER-16-R2,16,463973,11,d749a816eedee0428e647677,2025-10-02T10:05:55+01:00,975.7,316.6,bench-host-01,peer-scaling-2025-10
PEER-16-R2,16,463973,12,dba6b65f336fb0598a71f416,2025-10-02T10:05:55+01:00,1049.5,318.7,bench-host-01,peer-scaling-2025-10
PEER-16-R2,16,463974,13,17263f40a4e1447c4568b66e,2025-10-02T10:05:56+01:00,1025.1,322.1,bench-host-01,peer-scaling-2025-10
PEER-16-R2,16,463974,14,4f84491e4fe5a91f3dc9c9a7,2025-10-02T10:05:56+01:00,1060.7,321.1,bench-host-01,peer-scaling-2025-10
PEER-16-R2,16,463974,15,e96c11324344740a319611a1,2025-10-02T10:05:57+01:00,1180.9,319.2,bench-host-01,peer-scaling-2025-10
PEER-16-R2,16,463974,16,960c622b1d92eb75a78ec090,2025-10-02T10:05:57+01:00,1094.2,320.8,bench-host-01,peer-scaling-2025-10
PEER-16-R2,16,463974,17,0d493a295181b59e7fc74cb4,2025-10-02T10:05:58+01:00,1105.9,317.7,bench-host-01,peer-scaling-2025-10
PEER-16-R2,16,463974,18,b4310af8d10ad9e515eb8b39,2025-10-02T10:05:58+01:00,1044.3,320.9,bench-host-01,peer-scaling-2025-10
PEER-16-R2,16,463974,19,7e34d95398bebba35e6ccdb5,2025-10-02T10:05:59+01:00,1043.8,324.3,bench-host-01,peer-scaling-2025-10
PEER-16-R2,16,463974,20,c08b8fc7408200e3ac89d7a8,2025-10-02T10:05:59+01:00,1043.9,323.4,bench-host-01,peer-scaling-2025-10
PEER-16-R2,16,463974,21,ccdb3a3aa0e14174c70d2b60,2025-10-02T10:06:00+01:00,1071.3,325.8,bench-host-01,peer-scaling-2025-10
PEER-16-R2,16,463974,22,a1859f55126d85941ce76cdd,2025-10-02T10:06:00+01:00,1130.8,331.2,bench-host-01,peer-scaling-2025-10
PEER-16-R2,16,463974,23,504c57ae939c74fe834d06ee,2025-10-02T10:06:01+01:00,1128.1,325.1,bench-host-01,peer-scaling-2025-10
PEER-16-R2,16,463974,24,8b056ce555ef89124843d7c6,2025-10-02T10:06:01+01:00,956.6,324.3,bench-host-01,peer-scaling-2025-10
PEER-16-R2,16,463974,25,14833871c8f5eebb6c0a0373,2025-10-02T10:06:02+01:00,1026.9,332.8,bench-host-01,peer-scaling-2025-10
PEER-16-R2,16,463974,26,980aded546421825d8d76ff5,2025-10-02T10:06:02+01:00,1035.1,317.0,bench-host-01,peer-scaling-2025-10
PEER-16-R2,16,463974,27,815660cf30775fbf3d3f83a8,2025-10-02T10:06:03+01:00,1017.8,318.8,bench-host-01,peer-scaling-2025-10
PEER-16-R2,16,463974,28,93b39322eb13d5830eabbf21,2025-10-02T10:06:04+01:00,1103.8,322.6,bench-host-01,peer-scaling-2025-10
PEER-16-R2,16,463974,29,96bdf37282b9f4c200b34a1e,2025-10-02T10:06:04+01:00,978.8,323.8,bench-host-01,peer-scaling-2025-10
PEER-16-R2,16,463974,30,8e2b99cdad3fd78c82b52aed,2025-10-02T10:06:05+01:00,1097.8,325.4,bench-host-01,peer-scaling-2025-10
PEER-16-R2,16,463974,31,fa1d77a674b660d75f6de6af,2025-10-02T10:06:05+01:00,1105.5,321.3,bench-host-01,peer-scaling-2025-10
PEER-16-R2,16,463974,32,37813365ecb9bdf0050488bb,2025-10-02T10:06:06+01:00,1107.0,322.4,bench-host-01,peer-scaling-2025-10
PEER-16-R2,16,463974,33,b1ee9b35f0bfaa7c13affb79,2025-10-02T10:06:06+01:00,1006.9,325.0,bench-host-01,peer-scaling-2025-10
PEER-16-R2,16,463974,34,169b5ec7f0594d8c70c30d76,2025-10-02T10:06:07+01:00,1055.9,315.2,bench-host-01,peer-scaling-2025-10
PEER-16-R2,16,463974,35,73a2c297655c2771d98415ae,2025-10-02T10:06:07+01:00,1150.4,313.0,bench-host-01,peer-scaling-2025-10
PEER-16-R2,16,463974,36,0f201e3c401c0c0d01f2ddc0,2025-10-02T10:06:08+01:00,1077.9,328.7,bench-host-01,peer-scaling-2025-10
PEER-16-R2,16,463974,37,4416c365241293e60534a065,2025-10-02T10:06:08+01:00,1090.7,315.2,bench-host-01,peer-scaling-2025-10
PEER-16-R2,16,463974,38,64815f670cf944a46c203176,2025-10-02T10:06:09+01:00,1025.7,316.3,bench-host-01,peer-scaling-2025-10
PEER-16-R2,16,463974,39,e8f7ca9075cff7833ddcbe73,2025-10-02T10:06:09+01:00,1149.4,318.9,bench-host-01,peer-scaling-2025-10
PEER-16-R2,16,463975,40,4d37e7c4edc7e53592902fda,2025-10-02T10:06:10+01:00,1010.5,325.1,bench-host-01,peer-scaling-2025-10
PEER-16-R2,16,463975,41,37eb02d5ad0046922f50e07b,2025-10-02T10:06:10+01:00,985.1,324.6,bench-host-01,peer-scaling-2025-10
PEER-16-R2,16,463975,42,cbea2ac87d62e1af65a34a75,2025-10-02T10:06:11+01:00,1023.1,319.6,bench-host-01,peer-scaling-2025-10
PEER-16-R2,16,463975,43,080f2885a262ff490e3ca9f6,2025-10-02T10:06:11+01:00,1028.7,320.7,bench-host-01,peer-scaling-2025-10
PEER-16-R2,16,463975,44,0f641c0556bb2dc4cd984984,2025-10-02T10:06:12+01:00,1149.0,319.7,bench-host-01,peer-scaling-2025-10
PEER-16-R2,16,463975,45,cd055a01f0fc3c66b82aa714,2025-10-02T10:06:12+01:00,1082.7,320.3,bench-host-01,peer-scaling-2025-10
PEER-16-R2,16,463975,46,1c313b2ee8b8c5ce4bfc196b,2025-10-02T10:06:13+01:00,1036.4,323.6,bench-host-01,peer-scaling-2025-10
PEER-16-R2,16,463975,47,f5d387c36c9cd23864846bb5,2025-10-02T10:06:14+01:00,1078.0,319.6,bench-host-01,peer-scaling-2025-10
PEER-16-R2,16,463975,48,87678bda6ac5fb3a4ef43540,2025-10-02T10:06:14+01:00,1122.9,326.5,bench-host-01,peer-scaling-2025-10
PEER-16-R2,16,463975,49,da196038aa17f06712f654b2,2025-10-02T10:06:15+01:00,1009.0,325.0,bench-host-01,peer-scaling-2025-10
PEER-16-R2,16,463975,50,3ba6a6134987316e3ff8f874,2025-10-02T10:06:15+01:00,1096.3,317.8,bench-host-01,peer-scaling-2025-10
PEER-16-R2,16,463975,51,07a32d92577a09a6c3f45bd1,2025-10-02T10:06:16+01:00,982.5,321.8,bench-host-01,peer-scaling-2025-10
PEER-16-R2,16,463975,52,bf873735f972322ff397d86e,2025-10-02T10:06:16+01:00,1120.3,315.8,bench-host-01,peer-scaling-2025-10
PEER-16-R2,16,463975,53,50f5bda588919f20978840ff,2025-10-02T10:06:17+01:00,1119.9,316.8,bench-host-01,peer-scaling-2025-10
PEER-16-R2,16,463975,54,6c35d5db21b6cea25c51a24b,2025-10-02T10:06:17+01:00,984.2,323.7,bench-host-01,peer-scaling-2025-10
PEER-16-R2,16,463975,55,1cd4eca2b677dd5d953e0aca,2025-10-02T10:06:18+01:00,1065.5,327.9,bench-host-01,peer-scaling-2025-10
PEER-16-R2,16,463975,56,49832b976414c5b58758bd3f,2025-10-02T10:06:18+01:00,1075.1,315.9,bench-host-01,peer-scaling-2025-10
PEER-16-R2,16,463975,57,6d236e7e0b5740972660ce09,2025-10-02T10:06:19+01:00,1055.9,327.5,bench-host-01,peer-scaling-2025-10
PEER-16-R2,16,463975,58,c38075ed108fac135cd7d6b4,2025-10-02T10:06:19+01:00,1034.6,316.1,bench-host-01,peer-scaling-2025-10
PEER-16-R2,16,463975,59,397df4a92008ef765c941f79,2025-10-02T10:06:20+01:00,998.3,331.1,bench-host-01,peer-scaling-2025-10
PEER-16-R2,16,463976,60,d851bd5ee2a6b2584d5e53a4,2025-10-02T10:06:20+01:00,1041.5,319.3,bench-host-01,peer-scaling-2025-10
PEER-16-R2,16,463976,61,b596942152d531aad85c8f96,2025-10-02T10:06:21+01:00,1140.5,324.0,bench-host-01,peer-scaling-2025-10
PEER-16-R2,16,463976,62,07a0a1340a4c9f4a31cd01c0,2025-10-02T10:06:21+01:00,1036.4,326.4,bench-host-01,peer-scaling-2025-10
PEER-16-R2,16,463976,63,a4bfebbcc6a7ad6e58dcd4a5,2025-10-02T10:06:22+01:00,1091.8,325.6,bench-host-01,peer-scaling-2025-10
PEER-16-R2,16,463976,64,f1e2323c0e869d2a1d231478,2025-10-02T10:06:23+01:00,1012.3,328.2,bench-host-01,peer-scaling-2025-10
PEER-16-R2,16,463976,65,b417c05d19e74d474dd61173,2025-10-02T10:06:23+01:00,1121.4,323.9,bench-host-01,peer-scaling-2025-10
PEER-16-R2,16,463977,66,ad6beadcc04743bba0f4c196,2025-10-02T10:06:24+01:00,1020.8,323.0,bench-host-01,peer-scaling-2025-10
PEER-16-R2,16,463977,67,b3697eda9e7944c497eb25bd,2025-10-02T10:06:24+01:00,978.4,325.0,bench-host-01,peer-scaling-2025-10
PEER-16-R2,16,463977,68,942bb7ab3239cf425213e4b5,2025-10-02T10:06:25+01:00,1127.1,321.9,bench-host-01,peer-scaling-2025-10
PEER-16-R2,16,463977,69,5257783649fa09bc479f6088,2025-10-02T10:06:25+01:00,1110.5,315.4,bench-host-01,peer-scaling-2025-10
PEER-16-R2,16,463978,70,2b021555c3bb11f02166dcfa,2025-10-02T10:06:26+01:00,1104.1,326.6,bench-host-01,peer-scaling-2025-10
PEER-16-R2,16,463978,71,bf07024271917daba444cfcb,2025-10-02T10:06:26+01:00,1100.4,330.9,bench-host-01,peer-scaling-2025-10
PEER-16-R2,16,463979,72,cc319cc8fd52788d6777db8b,2025-10-02T10:06:27+01:00,982.3,312.2,bench-host-01,peer-scaling-2025-10
PEER-16-R2,16,463979,73,f100c2ba3ccc508bf11b563e,2025-10-02T10:06:27+01:00,1113.1,318.9,bench-host-01,peer-scaling-2025-10
PEER-16-R2,16,463979,74,68641a06d122bf287db33374,2025-10-02T10:06:28+01:00,1090.1,320.8,bench-host-01,peer-scaling-2025-10
PEER-16-R2,16,463979,75,9ccd7a8d3e5916c12f22b41a,2025-10-02T10:06:28+01:00,1108.4,327.3,bench-host-01,peer-scaling-2025-10
PEER-16-R2,16,463979,76,388a3ae88badb456bf12461b,2025-10-02T10:06:29+01:00,1029.6,312.8,bench-host-01,peer-scaling-2025-10
PEER-16-R2,16,463980,77,8f2c5b2b3e045bbec156660f,2025-10-02T10:06:29+01:00,1032.9,328.9,bench-host-01,peer-scaling-2025-10
PEER-16-R2,16,463980,78,32748820b7916cba02f88fdf,2025-10-02T10:06:30+01:00,1046.6,331.4,bench-host-01,peer-scaling-2025-10
PEER-16-R2,16,463980,79,2541c64c0e46cddc6844c1e9,2025-10-02T10:06:30+01:00,1037.8,317.3,bench-host-01,peer-scaling-2025-10
PEER-16-R2,16,463980,80,f5df352c68d3a83fa973a63a,2025-10-02T10:06:31+01:00,1040.7,318.0,bench-host-01,peer-scaling-2025-10
PEER-16-R2,16,463980,81,ec1fc2b385e8e02123d876d8,2025-10-02T10:06:32+01:00,936.3,320.6,bench-host-01,peer-scaling-2025-10
PEER-16-R2,16,463980,82,fdc5cc3e3d94ef043e291201,2025-10-02T10:06:32+01:00,1037.7,326.7,bench-host-01,peer-scaling-2025-10
PEER-16-R2,16,463980,83,b14e8e365fb1fbad6d7bf0d1,2025-10-02T10:06:33+01:00,1155.0,331.1,bench-host-01,peer-scaling-2025-10
PEER-16-R2,16,463981,84,73110ef45a84a2e510459154,2025-10-02T10:06:33+01:00,1153.4,320.3,bench-host-01,peer-scaling-2025-10
PEER-16-R2,16,463981,85,5a63f3f50238bc2d132d84c0,2025-10-02T10:06:34+01:00,977.0,329.2,bench-host-01,peer-scaling-2025-10
PEER-16-R2,16,463981,86,3083fc577014d9925ad23919,2025-10-02T10:06:34+01:00,1104.8,322.6,bench-host-01,peer-scaling-2025-10
PEER-16-R2,16,463981,87,260a28405c723d681ed3cc86,2025-10-02T10:06:35+01:00,1018.6,328.2,bench-host-01,peer-scaling-2025-10
PEER-16-R2,16,463981,88,671c98ddcb2e7dca860fdd4a,2025-10-02T10:06:35+01:00,1000.6,321.7,bench-host-01,peer-scaling-2025-10
PEER-16-R2,16,463981,89,6ec138f2cf82b15f8fa4d876,2025-10-02T10:06:36+01:00,994.6,333.6,bench-host-01,peer-scaling-2025-10
PEER-16-R2,16,463982,90,90be3c4669568f6e8b9ec310,2025-10-02T10:06:36+01:00,1017.6,322.9,bench-host-01,peer-scaling-2025-10
PEER-16-R2,16,463982,91,a6c30ba91b433558b69e061d,2025-10-02T10:06:37+01:00,1072.7,310.4,bench-host-01,peer-scaling-2025-10
PEER-16-R2,16,463982,92,8458dc299891e6d4034be02f,2025-10-02T10:06:37+01:00,1106.0,323.7,bench-host-01,peer-scaling-2025-10
PEER-16-R2,16,463982,93,09680c97c99dd4762b973698,2025-10-02T10:06:38+01:00,1043.5,326.7,bench-host-01,peer-scaling-2025-10
PEER-16-R2,16,463982,94,52002b48e41e783fa9616036,2025-10-02T10:06:38+01:00,1095.5,321.8,bench-host-01,peer-scaling-2025-10
PEER-16-R2,16,463982,95,b007c76898652eb40d9a00a0,2025-10-02T10:06:39+01:00,1024.5,322.6,bench-host-01,peer-scaling-2025-10
PEER-16-R2,16,463982,96,5ad4602d22ea1281f7ed995a,2025-10-02T10:06:39+01:00,1077.4,324.1,bench-host-01,peer-scaling-2025-10
PEER-16-R2,16,463982,97,bafcf288292270611e5e99ad,2025-10-02T10:06:40+01:00,1007.4,329.5,bench-host-01,peer-scaling-2025-10
PEER-16-R2,16,463982,98,f38590df024805956ab00d22,2025-10-02T10:06:41+01:00,1058.2,318.3,bench-host-01,peer-scaling-2025-10
PEER-16-R2,16,463982,99,1012d361965c5c5023781409,2025-10-02T10:06:41+01:00,1002.7,318.9,bench-host-01,peer-scaling-2025-10
PEER-16-R2,16,463982,100,2a3e941bbf2b1b3160d71fa1,2025-10-02T10:06:42+01:00,996.5,331.9,bench-host-01,peer-scaling-2025-10
PEER-16-R2,16,463982,101,d3da5946bca1e1184b70e99e,2025-10-02T10:06:42+01:00,933.1,323.3,bench-host-01,peer-scaling-2025-10
PEER-16-R2,16,463982,102,faa81d07e86c9ae6b3132a4a,2025-10-02T10:06:43+01:00,1154.4,327.5,bench-host-01,peer-scaling-2025-10
PEER-16-R2,16,463982,103,dbcbcf8e594eea93a2349d9e,2025-10-02T10:06:43+01:00,994.6,321.7,bench-host-01,peer-scaling-2025-10
PEER-16-R2,16,463982,104,694d659455f022cd2434c8f7,2025-10-02T10:06:44+01:00,1118.4,330.7,bench-host-01,peer-scaling-2025-10
PEER-16-R2,16,463982,105,5912822f58b07a70829a53a5,2025-10-02T10:06:44+01:00,1100.8,322.1,bench-host-01,peer-scaling-2025-10
PEER-16-R2,16,463982,106,1982f44fa2756918e7a0776a,2025-10-02T10:06:45+01:00,1109.2,324.3,bench-host-01,peer-scaling-2025-10
PEER-16-R2,16,463982,107,ae1671117db57c11b2eb37e8,2025-10-02T10:06:45+01:00,1102.6,316.7,bench-host-01,peer-scaling-2025-10
PEER-16-R2,16,463982,108,5658d3ace7a2f23318087d47,2025-10-02T10:06:46+01:00,1013.2,320.4,bench-host-01,peer-scaling-2025-10
PEER-16-R2,16,463982,109,535e5a97bcdc3ebbd59cfaea,2025-10-02T10:06:46+01:00,1064.0,325.5,bench-host-01,peer-scaling-2025-10
PEER-16-R2,16,463983,110,2bdb1946336313bf7db65af6,2025-10-02T10:06:47+01:00,1055.2,325.6,bench-host-01,peer-scaling-2025-10
PEER-16-R2,16,463983,111,64e16eaac4946befb0c4e6d2,2025-10-02T10:06:47+01:00,1008.4,320.7,bench-host-01,peer-scaling-2025-10
PEER-16-R2,16,463983,112,b99e62e8c295b78b53cf5302,2025-10-02T10:06:48+01:00,1112.5,322.2,bench-host-01,peer-scaling-2025-10
PEER-16-R2,16,463983,113,4bce30ad5164759e27b75438,2025-10-02T10:06:48+01:00,1092.3,324.1,bench-host-01,peer-scaling-2025-10
PEER-16-R2,16,463983,114,ca2d7beca5945877b1551a03,2025-10-02T10:06:49+01:00,1058.4,313.0,bench-host-01,peer-scaling-2025-10
PEER-16-R2,16,463983,115,ced3f4be275900233e5de2a0,2025-10-02T10:06:49+01:00,1017.3,328.9,bench-host-01,peer-scaling-2025-10
PEER-16-R2,16,463983,116,4b7f6f6ba08a80f2f5c179e4,2025-10-02T10:06:50+01:00,1018.4,322.8,bench-host-01,peer-scaling-2025-10
PEER-16-R2,16,463983,117,d3a45e5d14d5b4af5f35fc15,2025-10-02T10:06:51+01:00,1032.0,318.7,bench-host-01,peer-scaling-2025-10
PEER-16-R2,16,463983,118,a8ef6b1cef7cc336e88503ce,2025-10-02T10:06:51+01:00,1021.1,319.9,bench-host-01,peer-scaling-2025-10
PEER-16-R2,16,463983,119,df360a05460fb5ff07e61af5,2025-10-02T10:06:52+01:00,1139.9,324.2,bench-host-01,peer-scaling-2025-10
PEER-16-R2,16,463984,120,5a07949a00245370eb329d82,2025-10-02T10:06:52+01:00,1166.2,325.5,bench-host-01,peer-scaling-2025-10
PEER-16-R2,16,463984,121,9d404e5890043116af18692b,2025-10-02T10:06:53+01:00,975.1,322.6,bench-host-01,peer-scaling-2025-10
PEER-16-R2,16,463984,122,432296d6bb32abd28f173c7d,2025-10-02T10:06:53+01:00,1123.1,317.5,bench-host-01,peer-scaling-2025-10
PEER-16-R2,16,463984,123,d644b0fcb263bbe8623765ac,2025-10-02T10:06:54+01:00,1088.0,322.9,bench-host-01,peer-scaling-2025-10
PEER-16-R2,16,463984,124,5f73d71e0fe0a22ce40f5e95,2025-10-02T10:06:54+01:00,1072.3,323.0,bench-host-01,peer-scaling-2025-10
PEER-16-R2,16,463984,125,5e1d2aed16c33c0741431f54,2025-10-02T10:06:55+01:00,1088.6,318.2,bench-host-01,peer-scaling-2025-10
PEER-16-R2,16,463985,126,82ea59177c9e236d07ae5211,2025-10-02T10:06:55+01:00,1111.2,322.0,bench-host-01,peer-scaling-2025-10
PEER-16-R2,16,463985,127,9288f5a68141af2498416573,2025-10-02T10:06:56+01:00,1108.9,314.0,bench-host-01,peer-scaling-2025-10
PEER-16-R2,16,463985,128,73c91bcdc4608884a6279c72,2025-10-02T10:06:56+01:00,1047.1,315.2,bench-host-01,peer-scaling-2025-10
PEER-16-R2,16,463985,129,f5df9d34b01291b1c12b4a8a,2025-10-02T10:06:57+01:00,1162.7,320.3,bench-host-01,peer-scaling-2025-10
PEER-32-R2,32,784381,0,e9b89ed8ab606c09fe8ba2f6,2025-10-02T15:06:57+01:00,925.1,310.5,bench-host-01,peer-scaling-2025-10
PEER-32-R2,32,784381,1,e3840e2dc2aecbdf55c49d0b,2025-10-02T15:06:58+01:00,791.5,311.6,bench-host-01,peer-scaling-2025-10
PEER-32-R2,32,784381,2,cc44a79f94cd6549830a2217,2025-10-02T15:06:58+01:00,819.7,309.9,bench-host-01,peer-scaling-2025-10
PEER-32-R2,32,784381,3,7e2fb3d2b44be7fa50ac7555,2025-10-02T15:06:59+01:00,819.0,320.6,bench-host-01,peer-scaling-2025-10
PEER-32-R2,32,784381,4,12fa69054f95fdfec00b4aba,2025-10-02T15:06:59+01:00,868.6,317.6,bench-host-01,peer-scaling-2025-10
PEER-32-R2,32,784381,5,9d5ff61b84f0e05374b235ab,2025-10-02T15:06:59+01:00,789.1,318.6,bench-host-01,peer-scaling-2025-10
PEER-32-R2,32,784381,6,919ba6b3e59454dc2ca1b245,2025-10-02T15:07:00+01:00,778.2,316.7,bench-host-01,peer-scaling-2025-10
PEER-32-R2,32,784381,7,9475c6fed6a838e495f8d6d1,2025-10-02T15:07:00+01:00,843.9,314.1,bench-host-01,peer-scaling-2025-10
PEER-32-R2,32,784381,8,bfe6c94833b7f2f0d9b415c9,2025-10-02T15:07:01+01:00,718.5,316.1,bench-host-01,peer-scaling-2025-10
PEER-32-R2,32,784381,9,be7263f79d438fa54824d471,2025-10-02T15:07:01+01:00,949.5,321.2,bench-host-01,peer-scaling-2025-10
PEER-32-R2,32,784381,10,aef2bf23f3a87ced467ce43c,2025-10-02T15:07:01+01:00,829.6,317.4,bench-host-01,peer-scaling-2025-10
PEER-32-R2,32,784381,11,be95e834164d438f8d0ac068,2025-10-02T15:07:02+01:00,875.1,318.8,bench-host-01,peer-scaling-2025-10
PEER-32-R2,32,784381,12,387e15e9738e73721f420e55,2025-10-02T15:07:02+01:00,823.7,319.8,bench-host-01,peer-scaling-2025-10
PEER-32-R2,32,784381,13,c640db03837e2b28ddbd16ce,2025-10-02T15:07:03+01:00,868.9,318.0,bench-host-01,peer-scaling-2025-10
PEER-32-R2,32,784381,14,82647571f1fba5502495746c,2025-10-02T15:07:03+01:00,769.1,311.4,bench-host-01,peer-scaling-2025-10
PEER-32-R2,32,784381,15,76a9cda230f318d37ea802f6,2025-10-02T15:07:03+01:00,871.9,319.6,bench-host-01,peer-scaling-2025-10
PEER-32-R2,32,784381,16,a03bcc9597c38572ee8ce924,2025-10-02T15:07:04+01:00,763.4,317.2,bench-host-01,peer-scaling-2025-10
PEER-32-R2,32,784381,17,a74faa81f1abc0bc6b43c30b,2025-10-02T15:07:04+01:00,731.1,323.0,bench-host-01,peer-scaling-2025-10
PEER-32-R2,32,784381,18,50b2232f118462fd1eb34ba5,2025-10-02T15:07:05+01:00,746.1,313.4,bench-host-01,peer-scaling-2025-10
PEER-32-R2,32,784381,19,96d32c019ac10f1c0bd687d4,2025-10-02T15:07:05+01:00,790.6,314.8,bench-host-01,peer-scaling-2025-10
PEER-32-R2,32,784381,20,866d78b668a6bfeaa3ba0d1c,2025-10-02T15:07:06+01:00,792.2,316.9,bench-host-01,peer-scaling-2025-10
PEER-32-R2,32,784381,21,63d8646353ae064f33052d55,2025-10-02T15:07:06+01:00,724.7,316.1,bench-host-01,peer-scaling-2025-10
PEER-32-R2,32,784381,22,2c3824c0059a4f7f88161704,2025-10-02T15:07:06+01:00,866.2,326.0,bench-host-01,peer-scaling-2025-10
PEER-32-R2,32,784381,23,16086dea23c8fb5f18ab5c26,2025-10-02T15:07:07+01:00,819.6,316.4,bench-host-01,peer-scaling-2025-10
PEER-32-R2,32,784381,24,0c03916c7d9dbd06f38063eb,2025-10-02T15:07:07+01:00,774.4,312.2,bench-host-01,peer-scaling-2025-10
PEER-32-R2,32,784381,25,d5893d25a75cdf974730db7c,2025-10-02T15:07:08+01:00,793.6,315.7,bench-host-01,peer-scaling-2025-10
PEER-32-R2,32,784382,26,ff77c3e46062998910f48a47,2025-10-02T15:07:08+01:00,812.1,326.5,bench-host-01,peer-scaling-2025-10
PEER-32-R2,32,784382,27,faee380fc2c8dfeb8f5339ef,2025-10-02T15:07:08+01:00,822.5,312.8,bench-host-01,peer-scaling-2025-10
PEER-32-R2,32,784382,28,bcb9267c4e843c229585bdb7,2025-10-02T15:07:09+01:00,847.0,320.1,bench-host-01,peer-scaling-2025-10
PEER-32-R2,32,784382,29,c1c8b86825ec74c261d9c330,2025-10-02T15:07:09+01:00,939.2,322.6,bench-host-01,peer-scaling-2025-10
PEER-32-R2,32,784383,30,e329d8a8d36e02aaa0aadfb1,2025-10-02T15:07:10+01:00,785.7,322.4,bench-host-01,peer-scaling-2025-10
PEER-32-R2,32,784383,31,4b2c6dd6b68ec7ed97297dae,2025-10-02T15:07:10+01:00,864.8,324.2,bench-host-01,peer-scaling-2025-10
PEER-32-R2,32,784383,32,ec1fd3823aa0bee697c77d81,2025-10-02T15:07:10+01:00,801.0,316.7,bench-host-01,peer-scaling-2025-10
PEER-32-R2,32,784383,33,89fba5633435ece3c0d676c1,2025-10-02T15:07:11+01:00,833.0,314.0,bench-host-01,peer-scaling-2025-10
PEER-32-R2,32,784383,34,8fc101a02e5de28e907bcb94,2025-10-02T15:07:11+01:00,848.1,320.2,bench-host-01,peer-scaling-2025-10
PEER-32-R2,32,784383,35,393290c62772f6f706b9e6fc,2025-10-02T15:07:12+01:00,863.1,310.7,bench-host-01,peer-scaling-2025-10
PEER-32-R2,32,784384,36,58f576de3868bd2bb3cbb70d,2025-10-02T15:07:12+01:00,742.5,323.5,bench-host-01,peer-scaling-2025-10
PEER-32-R2,32,784384,37,6a7db1eb9801f242e2608ed2,2025-10-02T15:07:12+01:00,838.5,320.7,bench-host-01,peer-scaling-2025-10
PEER-32-R2,32,784384,38,49a1ca89a9ae77774d8bab23,2025-10-02T15:07:13+01:00,893.4,316.3,bench-host-01,peer-scaling-2025-10
PEER-32-R2,32,784384,39,9b445add983a70ef1acc50f0,2025-10-02T15:07:13+01:00,751.8,322.1,bench-host-01,peer-scaling-2025-10
PEER-32-R2,32,784385,40,f423e1759613431ad7527eb0,2025-10-02T15:07:14+01:00,904.6,308.3,bench-host-01,peer-scaling-2025-10
PEER-32-R2,32,784385,41,31e50292a4b75dfe53672065,2025-10-02T15:07:14+01:00,818.6,313.9,bench-host-01,peer-scaling-2025-10
PEER-32-R2,32,784385,42,89f2d80a51bd078fe718c9d6,2025-10-02T15:07:14+01:00,872.9,314.6,bench-host-01,peer-scaling-2025-10
PEER-32-R2,32,784385,43,b88b24f1e55531382d64847a,2025-10-02T15:07:15+01:00,833.2,316.0,bench-host-01,peer-scaling-2025-10
PEER-32-R2,32,784385,44,da2f4e0557cf856e8b6c470a,2025-10-02T15:07:15+01:00,854.1,317.0,bench-host-01,peer-scaling-2025-10
PEER-32-R2,32,784385,45,82899d9b9799eff637097eed,2025-10-02T15:07:16+01:00,839.4,322.9,bench-host-01,peer-scaling-2025-10
PEER-32-R2,32,784385,46,2703059ac709129accf74d25,2025-10-02T15:07:16+01:00,867.8,322.7,bench-host-01,peer-scaling-2025-10
PEER-32-R2,32,784385,47,b35afbf699a0f346feab0a36,2025-10-02T15:07:16+01:00,793.6,311.1,bench-host-01,peer-scaling-2025-10
PEER-32-R2,32,784385,48,ba88ea3a2b120127f436212b,2025-10-02T15:07:17+01:00,775.1,307.1,bench-host-01,peer-scaling-2025-10
PEER-32-R2,32,784385,49,f49898970a823a29eff9b936,2025-10-02T15:07:17+01:00,854.7,325.4,bench-host-01,peer-scaling-2025-10
PEER-32-R2,32,784385,50,742245f10f20149d01cca91a,2025-10-02T15:07:18+01:00,853.3,320.9,bench-host-01,peer-scaling-2025-10
PEER-32-R2,32,784385,51,29c79dcd51c90bcadd762b74,2025-10-02T15:07:18+01:00,811.3,311.6,bench-host-01,peer-scaling-2025-10
PEER-32-R2,32,784386,52,4b7b6821ba2ccd8bac69dba2,2025-10-02T15:07:19+01:00,865.3,318.5,bench-host-01,peer-scaling-2025-10
PEER-32-R2,32,784386,53,84473c8a2a34a89c21c65d2a,2025-10-02T15:07:19+01:00,877.7,313.3,bench-host-01,peer-scaling-2025-10
PEER-32-R2,32,784386,54,ef92911bc5a93b3f94a7c713,2025-10-02T15:07:19+01:00,851.4,309.1,bench-host-01,peer-scaling-2025-10
PEER-32-R2,32,784386,55,6be38f685a5efd2457063867,2025-10-02T15:07:20+01:00,859.3,315.0,bench-host-01,peer-scaling-2025-10
PEER-32-R2,32,784386,56,5165f1cd0eb101de3ab4e40b,2025-10-02T15:07:20+01:00,753.0,312.8,bench-host-01,peer-scaling-2025-10
PEER-32-R2,32,784386,57,264d3672fdd4c2eb7f54894e,2025-10-02T15:07:21+01:00,753.3,326.1,bench-host-01,peer-scaling-2025-10
PEER-32-R2,32,784386,58,68995c1309d599b4fcb9a67e,2025-10-02T15:07:21+01:00,819.9,326.6,bench-host-01,peer-scaling-2025-10
PEER-32-R2,32,784386,59,5427f6b01d15d7518568e5e7,2025-10-02T15:07:21+01:00,883.8,313.4,bench-host-01,peer-scaling-2025-10
PEER-32-R2,32,784387,60,0b9c8f861beca9c9de1d9930,2025-10-02T15:07:22+01:00,898.2,313.3,bench-host-01,peer-scaling-2025-10
PEER-32-R2,32,784387,61,11a9ce3a9795fe6eb497b7e3,2025-10-02T15:07:22+01:00,703.1,315.5,bench-host-01,peer-scaling-2025-10
PEER-32-R2,32,784387,62,df5641528e794251da3d010c,2025-10-02T15:07:23+01:00,925.4,313.8,bench-host-01,peer-scaling-2025-10
PEER-32-R2,32,784387,63,0785228ab1470d26b66aff48,2025-10-02T15:07:23+01:00,870.9,313.3,bench-host-01,peer-scaling-2025-10
PEER-32-R2,32,784387,64,3a4cf084261f27a0191c11cf,2025-10-02T15:07:23+01:00,888.0,314.5,bench-host-01,peer-scaling-2025-10
PEER-32-R2,32,784387,65,7e9a66a27d3c2ee518a0cfa2,2025-10-02T15:07:24+01:00,862.1,318.1,bench-host-01,peer-scaling-2025-10
PEER-32-R2,32,784387,66,f1964238f5988a3f4f1ff44f,2025-10-02T15:07:24+01:00,734.8,315.7,bench-host-01,peer-scaling-2025-10
PEER-32-R2,32,784387,67,17e634e656890f04ff5a8145,2025-10-02T15:07:25+01:00,878.2,318.9,bench-host-01,peer-scaling-2025-10
PEER-32-R2,32,784387,68,98cb2d6de856b9aaf748e529,2025-10-02T15:07:25+01:00,787.7,322.6,bench-host-01,peer-scaling-2025-10
PEER-32-R2,32,784387,69,fcae6722132f51a088ce0700,2025-10-02T15:07:25+01:00,824.9,310.3,bench-host-01,peer-scaling-2025-10
PEER-32-R2,32,784387,70,985ee09ab3923eea54005a37,2025-10-02T15:07:26+01:00,810.9,313.1,bench-host-01,peer-scaling-2025-10
PEER-32-R2,32,784387,71,630bf4bfe6dc9fb16056f64d,2025-10-02T15:07:26+01:00,848.3,315.8,bench-host-01,peer-scaling-2025-10
PEER-32-R2,32,784388,72,43588c16d831f528d9a428f4,2025-10-02T15:07:27+01:00,744.8,315.3,bench-host-01,peer-scaling-2025-10
PEER-32-R2,32,784388,73,1a7d7ad156afbca672eebb81,2025-10-02T15:07:27+01:00,841.6,318.4,bench-host-01,peer-scaling-2025-10
PEER-32-R2,32,784388,74,0c3a2573a6e658564b3579c1,2025-10-02T15:07:27+01:00,758.7,310.8,bench-host-01,peer-scaling-2025-10
PEER-32-R2,32,784388,75,666783989d99db4336439c6b,2025-10-02T15:07:28+01:00,881.6,314.5,bench-host-01,peer-scaling-2025-10
PEER-32-R2,32,784388,76,297260b05ccb2846a204a75c,2025-10-02T15:07:28+01:00,759.1,318.7,bench-host-01,peer-scaling-2025-10
PEER-32-R2,32,784388,77,43fa3b47dff454bce98459c7,2025-10-02T15:07:29+01:00,774.5,314.8,bench-host-01,peer-scaling-2025-10
PEER-32-R2,32,784388,78,06a96de6ceec32253705b000,2025-10-02T15:07:29+01:00,820.4,318.3,bench-host-01,peer-scaling-2025-10
PEER-32-R2,32,784388,79,f221f4d410a0e3fa2aeecc04,2025-10-02T15:07:29+01:00,846.6,320.6,bench-host-01,peer-scaling-2025-10
PEER-32-R2,32,784388,80,0979b8b64f9718f806de65a8,2025-10-02T15:07:30+01:00,845.0,312.0,bench-host-01,peer-scaling-2025-10
PEER-32-R2,32,784388,81,95d79ec287ca38036858c623,2025-10-02T15:07:30+01:00,812.0,316.1,bench-host-01,peer-scaling-2025-10
PEER-32-R2,32,784388,82,39fe7d4eed00a5e37ca8682d,2025-10-02T15:07:31+01:00,838.8,316.3,bench-host-01,peer-scaling-2025-10
PEER-32-R2,32,784388,83,f94b322c763e91f09d2d0ca7,2025-10-02T15:07:31+01:00,853.4,319.3,bench-host-01,peer-scaling-2025-10
PEER-32-R2,32,784388,84,e9274aee7f1a7306e018b748,2025-10-02T15:07:32+01:00,915.9,326.3,bench-host-01,peer-scaling-2025-10
PEER-32-R2,32,784388,85,f011b177a4223574a8250e9c,2025-10-02T15:07:32+01:00,777.6,308.0,bench-host-01,peer-scaling-2025-10
PEER-32-R2,32,784388,86,4403336fdddebe9b299de884,2025-10-02T15:07:32+01:00,775.7,307.0,bench-host-01,peer-scaling-2025-10
PEER-32-R2,32,784388,87,c4529af253b1bd7e305dd2ea,2025-10-02T15:07:33+01:00,784.1,325.9,bench-host-01,peer-scaling-2025-10
PEER-32-R2,32,784388,88,e4197d1b94a0b25ed55f0d66,2025-10-02T15:07:33+01:00,849.4,317.4,bench-host-01,peer-scaling-2025-10
PEER-32-R2,32,784388,89,1fc70d086b984b7e7f25ffaf,2025-10-02T15:07:34+01:00,870.0,326.9,bench-host-01,peer-scaling-2025-10
PEER-32-R2,32,784388,90,1c22f72d8ef7f8e55d2de353,2025-10-02T15:07:34+01:00,796.3,306.1,bench-host-01,peer-scaling-2025-10
PEER-32-R2,32,784388,91,f5ed70a11499f2d330e588d7,2025-10-02T15:07:34+01:00,864.9,319.6,bench-host-01,peer-scaling-2025-10
PEER-32-R2,32,784388,92,c3a6af10714822722535a8db,2025-10-02T15:07:35+01:00,852.9,314.5,bench-host-01,peer-scaling-2025-10
PEER-32-R2,32,784388,93,4489ad860992cde4545a8804,2025-10-02T15:07:35+01:00,831.4,318.1,bench-host-01,peer-scaling-2025-10
PEER-32-R2,32,784388,94,4abf855278a010755740412e,2025-10-02T15:07:36+01:00,875.9,314.1,bench-host-01,peer-scaling-2025-10
PEER-32-R2,32,784388,95,9ca3b80843cf93c590fcee21,2025-10-02T15:07:36+01:00,782.1,306.9,bench-host-01,peer-scaling-2025-10
PEER-32-R2,32,784388,96,df0ed4b2c8ff76ba9f3052e4,2025-10-02T15:07:36+01:00,834.4,313.6,bench-host-01,peer-scaling-2025-10
PEER-32-R2,32,784388,97,920674f8f47cdf7754bc44e9,2025-10-02T15:07:37+01:00,819.4,314.4,bench-host-01,peer-scaling-2025-10
PEER-32-R2,32,784388,98,1f4b3a5eeb3731698ada2f14,2025-10-02T15:07:37+01:00,787.1,311.4,bench-host-01,peer-scaling-2025-10
PEER-32-R2,32,784388,99,0df8ac169b180f91ac0bae2c,2025-10-02T15:07:38+01:00,808.8,325.9,bench-host-01,peer-scaling-2025-10
PEER-32-R2,32,784389,100,7c8cbf2d2e07b7ed53f198c7,2025-10-02T15:07:38+01:00,788.4,315.2,bench-host-01,peer-scaling-2025-10
PEER-32-R2,32,784389,101,8401e044106b5e30147dce56,2025-10-02T15:07:38+01:00,855.1,318.1,bench-host-01,peer-scaling-2025-10
PEER-32-R2,32,784389,102,738e79f61fe37d749b6f246c,2025-10-02T15:07:39+01:00,752.5,311.2,bench-host-01,peer-scaling-2025-10
PEER-32-R2,32,784389,103,b21b73c82869faac6dcbcaee,2025-10-02T15:07:39+01:00,828.1,311.9,bench-host-01,peer-scaling-2025-10
PEER-32-R2,32,784389,104,9f53f8c32b9b90abd8049c3f,2025-10-02T15:07:40+01:00,783.3,318.6,bench-host-01,peer-scaling-2025-10
PEER-32-R2,32,784389,105,75e27ddcdbdfc77a9f3c3531,2025-10-02T15:07:40+01:00,823.8,314.1,bench-host-01,peer-scaling-2025-10
PEER-32-R2,32,784389,106,c834c23cc4f2c84c90ae6cfe,2025-10-02T15:07:40+01:00,880.4,310.8,bench-host-01,peer-scaling-2025-10
PEER-32-R2,32,784389,107,6545e56be39b0e4ba7a443a3,2025-10-02T15:07:41+01:00,832.4,315.0,bench-host-01,peer-scaling-2025-10
PEER-32-R2,32,784389,108,ccd7b4778a88d7b03ff9af04,2025-10-02T15:07:41+01:00,774.3,318.8,bench-host-01,peer-scaling-2025-10
PEER-32-R2,32,784389,109,adfb959972836421a62508d8,2025-10-02T15:07:42+01:00,751.3,314.5,bench-host-01,peer-scaling-2025-10
PEER-32-R2,32,784389,110,3797925e16c317617cac2809,2025-10-02T15:07:42+01:00,755.8,313.7,bench-host-01,peer-scaling-2025-10
PEER-32-R2,32,784389,111,414687b9afc782d1e6d0afe1,2025-10-02T15:07:42+01:00,711.1,321.6,bench-host-01,peer-scaling-2025-10
PEER-32-R2,32,784389,112,27c80a8e6434a87fbdb059a6,2025-10-02T15:07:43+01:00,867.2,314.8,bench-host-01,peer-scaling-2025-10
PEER-32-R2,32,784389,113,0a457a9b28b3f0851cf8dacc,2025-10-02T15:07:43+01:00,772.2,317.5,bench-host-01,peer-scaling-2025-10
PEER-32-R2,32,784389,114,f315b89e57c4c2a252601892,2025-10-02T15:07:44+01:00,766.0,313.1,bench-host-01,peer-scaling-2025-10
PEER-32-R2,32,784389,115,2d2ac0f8d7274fe67bd91d23,2025-10-02T15:07:44+01:00,845.3,310.5,bench-host-01,peer-scaling-2025-10
PEER-32-R2,32,784389,116,cba4da3c3db528ad98484a85,2025-10-02T15:07:44+01:00,838.9,322.6,bench-host-01,peer-scaling-2025-10
PEER-32-R2,32,784389,117,9b48430b0b16c9bd5817dcce,2025-10-02T15:07:45+01:00,762.2,316.1,bench-host-01,peer-scaling-2025-10
PEER-32-R2,32,784389,118,2ddbd142d15bf21d2fdf6801,2025-10-02T15:07:45+01:00,880.2,314.4,bench-host-01,peer-scaling-2025-10
PEER-32-R2,32,784389,119,75f883740eaceb2b540915cf,2025-10-02T15:07:46+01:00,698.9,317.1,bench-host-01,peer-scaling-2025-10
PEER-32-R2,32,784389,120,2ad666b0678a01aa74379e5c,2025-10-02T15:07:46+01:00,833.9,322.4,bench-host-01,peer-scaling-2025-10
PEER-32-R2,32,784389,121,fba9d081d405161a00dd6722,2025-10-02T15:07:47+01:00,848.7,314.3,bench-host-01,peer-scaling-2025-10
PEER-32-R2,32,784389,122,763d84d7d67a31d48aedeb0e,2025-10-02T15:07:47+01:00,835.2,314.6,bench-host-01,peer-scaling-2025-10
PEER-32-R2,32,784389,123,1d62ebcfe9e7a8213fa542eb,2025-10-02T15:07:47+01:00,841.8,327.8,bench-host-01,peer-scaling-2025-10
PEER-32-R2,32,784389,124,af463fd0376d3988a89ff5a5,2025-10-02T15:07:48+01:00,815.5,316.0,bench-host-01,peer-scaling-2025-10
PEER-32-R2,32,784389,125,8dfce084321fc1ff49aa9cfd,2025-10-02T15:07:48+01:00,854.2,319.3,bench-host-01,peer-scaling-2025-10
PEER-32-R2,32,784389,126,c4238505af57f3825d1fc402,2025-10-02T15:07:49+01:00,757.4,305.8,bench-host-01,peer-scaling-2025-10
PEER-32-R2,32,784389,127,4e63b5bd7ca72dfe3783450e,2025-10-02T15:07:49+01:00,860.8,316.7,bench-host-01,peer-scaling-2025-10
PEER-32-R2,32,784389,128,f92d78df8ed8c4ed020af1ad,2025-10-02T15:07:49+01:00,860.7,316.8,bench-host-01,peer-scaling-2025-10
PEER-32-R2,32,784389,129,4d7da53bc24f3829325b048e,2025-10-02T15:07:50+01:00,779.0,310.3,bench-host-01,peer-scaling-2025-10
PEER-04-R2,4,495703,0,e87adf8ae8da8a549a8c3607,2025-10-02T20:07:50+01:00,1133.7,319.9,bench-host-01,peer-scaling-2025-10
PEER-04-R2,4,495703,1,1d4d128d3114c78317172951,2025-10-02T20:07:51+01:00,1243.8,321.7,bench-host-01,peer-scaling-2025-10
PEER-04-R2,4,495703,2,f3b0384656dd869e47f3c70f,2025-10-02T20:07:51+01:00,1322.8,315.7,bench-host-01,peer-scaling-2025-10
PEER-04-R2,4,495703,3,720761d176d440ee4dd2d21f,2025-10-02T20:07:52+01:00,1262.9,320.1,bench-host-01,peer-scaling-2025-10
PEER-04-R2,4,495703,4,0569be45929b8092ffe2487c,2025-10-02T20:07:53+01:00,1215.9,316.6,bench-host-01,peer-scaling-2025-10
PEER-04-R2,4,495703,5,125685818752e5b4f578cea7,2025-10-02T20:07:53+01:00,1221.0,317.2,bench-host-01,peer-scaling-2025-10
PEER-04-R2,4,495703,6,a1af5dd47e0543287bdab62b,2025-10-02T20:07:54+01:00,1243.5,321.7,bench-host-01,peer-scaling-2025-10
PEER-04-R2,4,495703,7,489b7b1eada9996fd98fd62b,2025-10-02T20:07:54+01:00,1184.1,312.3,bench-host-01,peer-scaling-2025-10
PEER-04-R2,4,495703,8,10c5cc69378ecbdd0db1d5b5,2025-10-02T20:07:55+01:00,1229.7,323.7,bench-host-01,peer-scaling-2025-10
PEER-04-R2,4,495703,9,431b3280a65ebbddaee0a257,2025-10-02T20:07:56+01:00,1076.2,319.9,bench-host-01,peer-scaling-2025-10
PEER-04-R2,4,495704,10,f08935b0430ee54fc55ae3cd,2025-10-02T20:07:56+01:00,1053.0,316.3,bench-host-01,peer-scaling-2025-10
PEER-04-R2,4,495704,11,e303b86b85b0f3224c863324,2025-10-02T20:07:57+01:00,1161.5,331.9,bench-host-01,peer-scaling-2025-10
PEER-04-R2,4,495704,12,14e2520facfa3cf39723b135,2025-10-02T20:07:57+01:00,1225.6,323.3,bench-host-01,peer-scaling-2025-10
PEER-04-R2,4,495704,13,3496fea4486585e9f3e25057,2025-10-02T20:07:58+01:00,1292.6,321.7,bench-host-01,peer-scaling-2025-10
PEER-04-R2,4,495704,14,689cbde8671965b2d6fb7ec5,2025-10-02T20:07:59+01:00,1207.4,321.4,bench-host-01,peer-scaling-2025-10
PEER-04-R2,4,495704,15,d2101007b435d01b397fc76c,2025-10-02T20:07:59+01:00,1196.2,322.6,bench-host-01,peer-scaling-2025-10
PEER-04-R2,4,495704,16,84c5efeeb9adcc0fc2fdc1ca,2025-10-02T20:08:00+01:00,1303.6,317.2,bench-host-01,peer-scaling-2025-10
PEER-04-R2,4,495704,17,155e151d231de1d5b1638768,2025-10-02T20:08:00+01:00,1239.3,324.5,bench-host-01,peer-scaling-2025-10
PEER-04-R2,4,495704,18,a195d36f941270aac745d92c,2025-10-02T20:08:01+01:00,1182.2,319.6,bench-host-01,peer-scaling-2025-10
PEER-04-R2,4,495704,19,c409ff841328e5da06634455,2025-10-02T20:08:02+01:00,1166.1,314.4,bench-host-01,peer-scaling-2025-10
PEER-04-R2,4,495704,20,118c5c6aeb920e2b3949e19b,2025-10-02T20:08:02+01:00,1184.6,326.7,bench-host-01,peer-scaling-2025-10
PEER-04-R2,4,495704,21,a1068b578409aa111ea49c18,2025-10-02T20:08:03+01:00,1117.4,318.8,bench-host-01,peer-scaling-2025-10
PEER-04-R2,4,495705,22,8b62a5055c88dd5c2ee4f40d,2025-10-02T20:08:03+01:00,1163.0,318.7,bench-host-01,peer-scaling-2025-10
PEER-04-R2,4,495705,23,8a2fa1c8c0b2e3c515a13b10,2025-10-02T20:08:04+01:00,1234.2,322.6,bench-host-01,peer-scaling-2025-10
PEER-04-R2,4,495706,24,63647df2f9ad73866a19c29d,2025-10-02T20:08:05+01:00,1189.3,314.5,bench-host-01,peer-scaling-2025-10
PEER-04-R2,4,495706,25,b968d2d21493be8ead97a461,2025-10-02T20:08:05+01:00,1159.6,324.5,bench-host-01,peer-scaling-2025-10
PEER-04-R2,4,495707,26,9b34d5b5289702183e9ec05f,2025-10-02T20:08:06+01:00,1218.3,325.7,bench-host-01,peer-scaling-2025-10
PEER-04-R2,4,495707,27,fdad8b952fbf7a1e4284f2ec,2025-10-02T20:08:06+01:00,1225.9,329.8,bench-host-01,peer-scaling-2025-10
PEER-04-R2,4,495707,28,d448ca62f9c687415b67c71c,2025-10-02T20:08:07+01:00,1284.4,321.4,bench-host-01,peer-scaling-2025-10
PEER-04-R2,4,495707,29,e303d0a209225c48d3b2b409,2025-10-02T20:08:08+01:00,1164.5,326.3,bench-host-01,peer-scaling-2025-10
PEER-04-R2,4,495707,30,d9cedf6429eec86c8b04eaec,2025-10-02T20:08:08+01:00,1173.8,318.1,bench-host-01,peer-scaling-2025-10
PEER-04-R2,4,495707,31,50a99dd2750d6e5fafdf3a65,2025-10-02T20:08:09+01:00,1251.4,315.2,bench-host-01,peer-scaling-2025-10
PEER-04-R2,4,495707,32,62eb1979cca5dcaa087ce0ee,2025-10-02T20:08:09+01:00,1090.0,323.5,bench-host-01,peer-scaling-2025-10
PEER-04-R2,4,495707,33,4df3e4803fc0536e95a3191c,2025-10-02T20:08:10+01:00,1176.2,328.8,bench-host-01,peer-scaling-2025-10
PEER-04-R2,4,495707,34,27f6fdfc38ee92c3f707d5dd,2025-10-02T20:08:11+01:00,1291.0,322.8,bench-host-01,peer-scaling-2025-10
PEER-04-R2,4,495707,35,8d2d9f79dd416aa0e82c1b0e,2025-10-02T20:08:11+01:00,1195.9,322.7,bench-host-01,peer-scaling-2025-10
PEER-04-R2,4,495708,36,180055ba39b42fe6b5d96e91,2025-10-02T20:08:12+01:00,1235.0,318.5,bench-host-01,peer-scaling-2025-10
PEER-04-R2,4,495708,37,42a1eb912aba6d138c3cd8f9,2025-10-02T20:08:12+01:00,1179.4,310.0,bench-host-01,peer-scaling-2025-10
PEER-04-R2,4,495708,38,661ad3e45005e06e1f9bf22a,2025-10-02T20:08:13+01:00,1093.2,327.5,bench-host-01,peer-scaling-2025-10
PEER-04-R2,4,495708,39,77679d565803e6f3807d03b0,2025-10-02T20:08:14+01:00,1192.2,316.1,bench-host-01,peer-scaling-2025-10
PEER-04-R2,4,495709,40,557d3d9de6752c840711265b,2025-10-02T20:08:14+01:00,1257.0,321.0,bench-host-01,peer-scaling-2025-10
PEER-04-R2,4,495709,41,00ec32f43c79abb9f0cb85df,2025-10-02T20:08:15+01:00,1159.5,318.5,bench-host-01,peer-scaling-2025-10
PEER-04-R2,4,495709,42,e7256ac025ef18df894017cb,2025-10-02T20:08:15+01:00,1228.7,318.2,bench-host-01,peer-scaling-2025-10
PEER-04-R2,4,495709,43,e694e500bec687a60831f33d,2025-10-02T20:08:16+01:00,1198.9,318.1,bench-host-01,peer-scaling-2025-10
PEER-04-R2,4,495709,44,bec549cbb191ff9742a5d28a,2025-10-02T20:08:17+01:00,1241.7,315.8,bench-host-01,peer-scaling-2025-10
PEER-04-R2,4,495710,45,088c06d5b03a334889fd3eec,2025-10-02T20:08:17+01:00,1244.4,323.1,bench-host-01,peer-scaling-2025-10
PEER-04-R2,4,495710,46,07d6a1024602249315622f0a,2025-10-02T20:08:18+01:00,1191.0,318.1,bench-host-01,peer-scaling-2025-10
PEER-04-R2,4,495710,47,cf8a9b7da48093c640801bef,2025-10-02T20:08:18+01:00,1169.3,326.3,bench-host-01,peer-scaling-2025-10
PEER-04-R2,4,495710,48,211b126624d896c54f0c06bc,2025-10-02T20:08:19+01:00,1159.2,328.5,bench-host-01,peer-scaling-2025-10
PEER-04-R2,4,495710,49,f42150290e28694014135db1,2025-10-02T20:08:20+01:00,1347.1,324.3,bench-host-01,peer-scaling-2025-10
PEER-04-R2,4,495711,50,86ed7a4eeaa396bdc33fa028,2025-10-02T20:08:20+01:00,1255.4,329.4,bench-host-01,peer-scaling-2025-10
PEER-04-R2,4,495711,51,f6c475a17f7f1e202ec7dfa1,2025-10-02T20:08:21+01:00,1260.5,312.7,bench-host-01,peer-scaling-2025-10
PEER-04-R2,4,495712,52,e48c076b4642b5a8685c98f2,2025-10-02T20:08:22+01:00,1187.6,314.8,bench-host-01,peer-scaling-2025-10
PEER-04-R2,4,495712,53,2b1057ecf8d989472ae3118a,2025-10-02T20:08:22+01:00,1220.2,322.2,bench-host-01,peer-scaling-2025-10
PEER-04-R2,4,495712,54,4e08a09f5bc8137096e45329,2025-10-02T20:08:23+01:00,1223.8,318.8,bench-host-01,peer-scaling-2025-10
PEER-04-R2,4,495712,55,7a38a8af009f2c47aba1cef8,2025-10-02T20:08:23+01:00,1166.7,325.7,bench-host-01,peer-scaling-2025-10
PEER-04-R2,4,495712,56,288d5cfad0be873f4c3a0bf9,2025-10-02T20:08:24+01:00,1226.0,313.5,bench-host-01,peer-scaling-2025-10
PEER-04-R2,4,495712,57,de5f413804f647785d460003,2025-10-02T20:08:25+01:00,1204.4,312.5,bench-host-01,peer-scaling-2025-10
PEER-04-R2,4,495712,58,80b0d7a7909da65d0e29cfae,2025-10-02T20:08:25+01:00,1194.0,326.1,bench-host-01,peer-scaling-2025-10
PEER-04-R2,4,495712,59,1d89fce2bba078edee5e5bef,2025-10-02T20:08:26+01:00,1172.5,321.9,bench-host-01,peer-scaling-2025-10
PEER-04-R2,4,495712,60,3ac71082554169f04a98c117,2025-10-02T20:08:26+01:00,1184.6,327.4,bench-host-01,peer-scaling-2025-10
PEER-04-R2,4,495712,61,9e87c08e010691f6e39a8730,2025-10-02T20:08:27+01:00,1231.0,331.9,bench-host-01,peer-scaling-2025-10
PEER-04-R2,4,495712,62,902e9249b172e1323bde0ccc,2025-10-02T20:08:28+01:00,1210.8,311.9,bench-host-01,peer-scaling-2025-10
PEER-04-R2,4,495712,63,bc5d38e88bc722ebc0f2569f,2025-10-02T20:08:28+01:00,1221.9,323.1,bench-host-01,peer-scaling-2025-10
PEER-04-R2,4,495712,64,e603755816dd312288dc4c82,2025-10-02T20:08:29+01:00,1166.0,316.2,bench-host-01,peer-scaling-2025-10
PEER-04-R2,4,495712,65,320ab90891fa287a62791249,2025-10-02T20:08:29+01:00,1202.7,323.7,bench-host-01,peer-scaling-2025-10
PEER-04-R2,4,495712,66,17f8bad6721d14ef6ac6c466,2025-10-02T20:08:30+01:00,1181.2,313.9,bench-host-01,peer-scaling-2025-10
PEER-04-R2,4,495712,67,fee41c5dead855ecb1d07e39,2025-10-02T20:08:31+01:00,1230.9,316.1,bench-host-01,peer-scaling-2025-10
PEER-04-R2,4,495712,68,369cdeaf59439154486fb67b,2025-10-02T20:08:31+01:00,1328.3,325.3,bench-host-01,peer-scaling-2025-10
PEER-04-R2,4,495712,69,1dddaa9ef3cec293a9c9e245,2025-10-02T20:08:32+01:00,1199.7,326.0,bench-host-01,peer-scaling-2025-10
PEER-04-R2,4,495712,70,c8ea6dbeac3eb7638b22ce8e,2025-10-02T20:08:32+01:00,1284.5,317.6,bench-host-01,peer-scaling-2025-10
PEER-04-R2,4,495712,71,e8899453a3ee5aae93257e2b,2025-10-02T20:08:33+01:00,1216.9,321.5,bench-host-01,peer-scaling-2025-10
PEER-04-R2,4,495712,72,fa26a17896aa85692db26287,2025-10-02T20:08:34+01:00,1316.8,325.5,bench-host-01,peer-scaling-2025-10
PEER-04-R2,4,495712,73,f94dd9311f5ca6dfd3812347,2025-10-02T20:08:34+01:00,1258.8,315.0,bench-host-01,peer-scaling-2025-10
PEER-04-R2,4,495712,74,297ca33773e8a7b416eb3594,2025-10-02T20:08:35+01:00,1182.0,323.5,bench-host-01,peer-scaling-2025-10
PEER-04-R2,4,495712,75,e8c90d3560e4a8c4acb353dc,2025-10-02T20:08:35+01:00,1196.9,321.6,bench-host-01,peer-scaling-2025-10
PEER-04-R2,4,495712,76,93e0a4f7d10ba82f7cc39ff0,2025-10-02T20:08:36+01:00,1173.1,327.0,bench-host-01,peer-scaling-2025-10
PEER-04-R2,4,495712,77,54e098d722b86b101ec79214,2025-10-02T20:08:37+01:00,1224.8,332.2,bench-host-01,peer-scaling-2025-10
PEER-04-R2,4,495712,78,a0625ec71c2c1fd328036fbe,2025-10-02T20:08:37+01:00,1209.4,327.4,bench-host-01,peer-scaling-2025-10
PEER-04-R2,4,495712,79,bf70c4eb4b7df65996d07cdf,2025-10-02T20:08:38+01:00,1285.9,310.3,bench-host-01,peer-scaling-2025-10
PEER-04-R2,4,495712,80,9465379b00ad592fdf2c67ff,2025-10-02T20:08:38+01:00,1249.5,313.4,bench-host-01,peer-scaling-2025-10
PEER-04-R2,4,495712,81,6b879c67e1af3afcd9936ddd,2025-10-02T20:08:39+01:00,1227.5,325.9,bench-host-01,peer-scaling-2025-10
PEER-04-R2,4,495712,82,929bf8c008c323d5d529d349,2025-10-02T20:08:40+01:00,1235.1,324.3,bench-host-01,peer-scaling-2025-10
PEER-04-R2,4,495712,83,c80ae73a65acdf6ba7ca58e0,2025-10-02T20:08:40+01:00,1188.9,324.0,bench-host-01,peer-scaling-2025-10
PEER-04-R2,4,495712,84,65e3c7c971d94a48f089d381,2025-10-02T20:08:41+01:00,1180.1,324.2,bench-host-01,peer-scaling-2025-10
PEER-04-R2,4,495712,85,1310fd160a46e416d83f3616,2025-10-02T20:08:41+01:00,1278.0,320.3,bench-host-01,peer-scaling-2025-10
PEER-04-R2,4,495712,86,662728f8a512e19442b2d039,2025-10-02T20:08:42+01:00,1236.0,321.9,bench-host-01,peer-scaling-2025-10
PEER-04-R2,4,495712,87,6af55cb6c3430d36b1e1118f,2025-10-02T20:08:43+01:00,1252.2,306.1,bench-host-01,peer-scaling-2025-10
PEER-04-R2,4,495712,88,2ae4bae6a890f3a8390bc031,2025-10-02T20:08:43+01:00,1181.4,325.8,bench-host-01,peer-scaling-2025-10
PEER-04-R2,4,495712,89,ef94c469b7dd313376b31a77,2025-10-02T20:08:44+01:00,1077.3,334.6,bench-host-01,peer-scaling-2025-10
PEER-04-R2,4,495712,90,8f01e0564268f361531d07dc,2025-10-02T20:08:44+01:00,1210.1,328.2,bench-host-01,peer-scaling-2025-10
PEER-04-R2,4,495712,91,e46840e1423cf2724618790c,2025-10-02T20:08:45+01:00,1169.9,324.7,bench-host-01,peer-scaling-2025-10
PEER-04-R2,4,495712,92,51e3242f3d49db8c59063e4d,2025-10-02T20:08:46+01:00,1264.3,316.4,bench-host-01,peer-scaling-2025-10
PEER-04-R2,4,495712,93,a9f9de8e5f62e1fa25b1fcdf,2025-10-02T20:08:46+01:00,1226.9,326.1,bench-host-01,peer-scaling-2025-10
PEER-04-R2,4,495712,94,174468b4a780a95acfb230ae,2025-10-02T20:08:47+01:00,1197.1,315.0,bench-host-01,peer-scaling-2025-10
PEER-04-R2,4,495712,95,b50b88a02e37ae87effbb9aa,2025-10-02T20:08:47+01:00,1262.9,325.8,bench-host-01,peer-scaling-2025-10
PEER-04-R2,4,495712,96,9149d2c6493cc53f21c2f0ad,2025-10-02T20:08:48+01:00,1250.5,317.1,bench-host-01,peer-scaling-2025-10
PEER-04-R2,4,495712,97,df8726c6aecedb4f1b297b3b,2025-10-02T20:08:49+01:00,1337.9,318.9,bench-host-01,peer-scaling-2025-10
PEER-04-R2,4,495712,98,a6cd673a0f5e5cf6a1565820,2025-10-02T20:08:49+01:00,1315.8,314.6,bench-host-01,peer-scaling-2025-10
PEER-04-R2,4,495712,99,2cafba6a172e98fd87338e65,2025-10-02T20:08:50+01:00,1257.0,323.6,bench-host-01,peer-scaling-2025-10
PEER-04-R2,4,495712,100,2a6931e8b3766259aef4f944,2025-10-02T20:08:50+01:00,1178.9,327.0,bench-host-01,peer-scaling-2025-10
PEER-04-R2,4,495712,101,3c3312021d360cf7078fac07,2025-10-02T20:08:51+01:00,1235.0,319.4,bench-host-01,peer-scaling-2025-10
PEER-04-R2,4,495712,102,97e58ad565a84f52d4d6385b,2025-10-02T20:08:52+01:00,1238.9,320.3,bench-host-01,peer-scaling-2025-10
PEER-04-R2,4,495712,103,a80e77b851d6814915ea137e,2025-10-02T20:08:52+01:00,1282.9,315.8,bench-host-01,peer-scaling-2025-10
PEER-04-R2,4,495713,104,aba92246d7aa348ed3faefc3,2025-10-02T20:08:53+01:00,1268.1,320.2,bench-host-01,peer-scaling-2025-10
PEER-04-R2,4,495713,105,e46f7faeec57095cdc1f43af,2025-10-02T20:08:53+01:00,1291.3,318.8,bench-host-01,peer-scaling-2025-10
PEER-04-R2,4,495713,106,58e119684167915ac33d2f27,2025-10-02T20:08:54+01:00,1216.1,317.0,bench-host-01,peer-scaling-2025-10
PEER-04-R2,4,495713,107,c88bf9f6e439c3f7289764eb,2025-10-02T20:08:55+01:00,1243.4,321.2,bench-host-01,peer-scaling-2025-10
PEER-04-R2,4,495713,108,5eb10e6d8a3349ce85e3495b,2025-10-02T20:08:55+01:00,1251.3,325.6,bench-host-01,peer-scaling-2025-10
PEER-04-R2,4,495713,109,70fb6984300e9dc7cd2df7a4,2025-10-02T20:08:56+01:00,1344.5,322.9,bench-host-01,peer-scaling-2025-10
PEER-04-R2,4,495713,110,08a88b7f430029e0cd11f2ec,2025-10-02T20:08:56+01:00,1277.5,321.7,bench-host-01,peer-scaling-2025-10
PEER-04-R2,4,495713,111,a9c12d6adfb7005707105d42,2025-10-02T20:08:57+01:00,1212.1,324.5,bench-host-01,peer-scaling-2025-10
PEER-04-R2,4,495713,112,59e9f40f60ddcbb2d9c4b6c6,2025-10-02T20:08:58+01:00,1270.8,321.8,bench-host-01,peer-scaling-2025-10
PEER-04-R2,4,495713,113,f85ea19f6efe2d66d73a9523,2025-10-02T20:08:58+01:00,1204.8,309.3,bench-host-01,peer-scaling-2025-10
PEER-04-R2,4,495713,114,51041e1bdcaf445a2f4a4f4f,2025-10-02T20:08:59+01:00,1148.0,325.5,bench-host-01,peer-scaling-2025-10
PEER-04-R2,4,495713,115,dd4bfe723df5adfeab3bc750,2025-10-02T20:08:59+01:00,1210.9,311.4,bench-host-01,peer-scaling-2025-10
PEER-04-R2,4,495713,116,cb4dd18a0bad8f04cb08bf27,2025-10-02T20:09:00+01:00,1144.8,312.6,bench-host-01,peer-scaling-2025-10
PEER-04-R2,4,495713,117,546b8dd251378017cbf103a9,2025-10-02T20:09:01+01:00,1188.4,326.3,bench-host-01,peer-scaling-2025-10
PEER-04-R2,4,495713,118,512fff845d9d23ca17abb7a1,2025-10-02T20:09:01+01:00,1111.2,324.0,bench-host-01,peer-scaling-2025-10
PEER-04-R2,4,495713,119,3937144d6cad03b63560ae74,2025-10-02T20:09:02+01:00,1158.9,314.7,bench-host-01,peer-scaling-2025-10
PEER-04-R2,4,495713,120,e9a7ca4c064df1809436d436,2025-10-02T20:09:02+01:00,1286.9,324.1,bench-host-01,peer-scaling-2025-10
PEER-04-R2,4,495713,121,2d91f25258b08ab5a051b769,2025-10-02T20:09:03+01:00,1283.5,325.4,bench-host-01,peer-scaling-2025-10
PEER-04-R2,4,495713,122,e6e5e307c20854fc79c2f196,2025-10-02T20:09:04+01:00,1178.4,320.6,bench-host-01,peer-scaling-2025-10
PEER-04-R2,4,495713,123,1afd24d9d13b043b042bd7bf,2025-10-02T20:09:04+01:00,1150.0,326.2,bench-host-01,peer-scaling-2025-10
PEER-04-R2,4,495713,124,3dc376bdc52f79895330d307,2025-10-02T20:09:05+01:00,1204.9,316.1,bench-host-01,peer-scaling-2025-10
PEER-04-R2,4,495713,125,e28e28a1d4e02b2c6d90013d,2025-10-02T20:09:05+01:00,1146.5,321.6,bench-host-01,peer-scaling-2025-10
PEER-04-R2,4,495713,126,488ac9c28761031887c116dc,2025-10-02T20:09:06+01:00,1271.8,321.1,bench-host-01,peer-scaling-2025-10
PEER-04-R2,4,495713,127,6f3fff644a76b10e673fdc3b,2025-10-02T20:09:07+01:00,1289.6,319.6,bench-host-01,peer-scaling-2025-10
PEER-04-R2,4,495714,128,f0233616caa408a11e980094,2025-10-02T20:09:07+01:00,1175.5,325.0,bench-host-01,peer-scaling-2025-10
PEER-04-R2,4,495714,129,8fefec2d4df6d1773f77af3a,2025-10-02T20:09:08+01:00,1233.1,309.5,bench-host-01,peer-scaling-2025-10
PEER-16-R3,16,411260,0,91b1759252293a42ffb49b11,2025-10-03T01:09:08+01:00,1008.9,326.0,bench-host-01,peer-scaling-2025-10
PEER-16-R3,16,411260,1,559dc7f7e7afceb62186c8ec,2025-10-03T01:09:09+01:00,1015.0,320.7,bench-host-01,peer-scaling-2025-10
PEER-16-R3,16,411260,2,97144361fe9e4c3e06da55dd,2025-10-03T01:09:10+01:00,1046.4,314.7,bench-host-01,peer-scaling-2025-10
PEER-16-R3,16,411260,3,911162351118ac5445304ee6,2025-10-03T01:09:10+01:00,1003.2,324.8,bench-host-01,peer-scaling-2025-10
PEER-16-R3,16,411260,4,2193c64ce5d7cc112b490c39,2025-10-03T01:09:11+01:00,1077.8,321.3,bench-host-01,peer-scaling-2025-10
PEER-16-R3,16,411260,5,efb2f1cd074e4191abb69cb8,2025-10-03T01:09:11+01:00,1092.5,319.9,bench-host-01,peer-scaling-2025-10
PEER-16-R3,16,411260,6,a5351bed8c1ff5d55a5775b4,2025-10-03T01:09:12+01:00,1083.1,326.6,bench-host-01,peer-scaling-2025-10
PEER-16-R3,16,411260,7,f29e526fbb956ebcecd2cf41,2025-10-03T01:09:12+01:00,1068.3,320.8,bench-host-01,peer-scaling-2025-10
PEER-16-R3,16,411260,8,f04b752c6ade5cd6883b4570,2025-10-03T01:09:13+01:00,1045.7,325.8,bench-host-01,peer-scaling-2025-10
PEER-16-R3,16,411260,9,191809116a623b671f476339,2025-10-03T01:09:13+01:00,1010.3,324.2,bench-host-01,peer-scaling-2025-10
PEER-16-R3,16,411260,10,b120f98146fda0ddd4669788,2025-10-03T01:09:14+01:00,1031.0,323.2,bench-host-01,peer-scaling-2025-10
PEER-16-R3,16,411260,11,b1182da78c5f0692b09f6680,2025-10-03T01:09:14+01:00,1091.9,328.2,bench-host-01,peer-scaling-2025-10
PEER-16-R3,16,411260,12,df647f04ac351ccedfaad56b,2025-10-03T01:09:15+01:00,1054.0,327.9,bench-host-01,peer-scaling-2025-10
PEER-16-R3,16,411260,13,ff66ffd4c98a386592878e44,2025-10-03T01:09:15+01:00,1087.6,319.6,bench-host-01,peer-scaling-2025-10
PEER-16-R3,16,411260,14,1c33e6a36342bbe55dd8d9eb,2025-10-03T01:09:16+01:00,1086.9,323.6,bench-host-01,peer-scaling-2025-10
PEER-16-R3,16,411260,15,dbd60fa6d5955f9411377602,2025-10-03T01:09:16+01:00,1095.2,320.8,bench-host-01,peer-scaling-2025-10
PEER-16-R3,16,411260,16,6361fd6ee0c82d482ed55d36,2025-10-03T01:09:17+01:00,1038.3,315.2,bench-host-01,peer-scaling-2025-10
PEER-16-R3,16,411260,17,82b9694bbee562e663f5a12c,2025-10-03T01:09:17+01:00,1010.5,322.9,bench-host-01,peer-scaling-2025-10
PEER-16-R3,16,411260,18,79bd11ba5ab223829752f370,2025-10-03T01:09:18+01:00,990.9,325.6,bench-host-01,peer-scaling-2025-10
PEER-16-R3,16,411260,19,b85ed78ccf462d1bb61975e0,2025-10-03T01:09:19+01:00,1029.3,322.2,bench-host-01,peer-scaling-2025-10
PEER-16-R3,16,411260,20,627712967fe9da45f0c1d2d1,2025-10-03T01:09:19+01:00,1073.1,324.3,bench-host-01,peer-scaling-2025-10
PEER-16-R3,16,411260,21,b37fe6d940a29046e0ab9d50,2025-10-03T01:09:20+01:00,1014.3,325.9,bench-host-01,peer-scaling-2025-10
PEER-16-R3,16,411260,22,708fc593f5ad4c94fae210b9,2025-10-03T01:09:20+01:00,1078.8,328.5,bench-host-01,peer-scaling-2025-10
PEER-16-R3,16,411260,23,f7121fdddb0d1e507a870224,2025-10-03T01:09:21+01:00,1013.9,325.3,bench-host-01,peer-scaling-2025-10
PEER-16-R3,16,411261,24,6eed7750349fb91bccf3721e,2025-10-03T01:09:21+01:00,1086.6,315.8,bench-host-01,peer-scaling-2025-10
PEER-16-R3,16,411261,25,e986188eaac0d3722c316448,2025-10-03T01:09:22+01:00,1078.5,320.6,bench-host-01,peer-scaling-2025-10
PEER-16-R3,16,411261,26,f24fbaaefe731f4f4d4c471e,2025-10-03T01:09:22+01:00,1034.5,311.9,bench-host-01,peer-scaling-2025-10
PEER-16-R3,16,411261,27,0ab3be92d2d558c67fea2fce,2025-10-03T01:09:23+01:00,981.9,322.0,bench-host-01,peer-scaling-2025-10
PEER-16-R3,16,411261,28,f8c2a9c827624a856f756666,2025-10-03T01:09:23+01:00,1011.2,325.1,bench-host-01,peer-scaling-2025-10
PEER-16-R3,16,411261,29,08f02d1a2aaea84797be5156,2025-10-03T01:09:24+01:00,1143.7,334.8,bench-host-01,peer-scaling-2025-10
PEER-16-R3,16,411261,30,3532c0af2f2def1113be14b8,2025-10-03T01:09:24+01:00,1007.6,316.8,bench-host-01,peer-scaling-2025-10
PEER-16-R3,16,411261,31,5e3f4dcef14f1fde392cb440,2025-10-03T01:09:25+01:00,1016.3,323.7,bench-host-01,peer-scaling-2025-10
PEER-16-R3,16,411261,32,125e83b6ec739eba4b99ad70,2025-10-03T01:09:25+01:00,1001.0,323.6,bench-host-01,peer-scaling-2025-10
PEER-16-R3,16,411261,33,efab7028fa39a8579e351867,2025-10-03T01:09:26+01:00,1115.9,323.4,bench-host-01,peer-scaling-2025-10
PEER-16-R3,16,411261,34,d39d14638b3783e4094a94ab,2025-10-03T01:09:26+01:00,981.8,321.2,bench-host-01,peer-scaling-2025-10
PEER-16-R3,16,411261,35,473019ffde3055d3c347d554,2025-10-03T01:09:27+01:00,1054.7,316.1,bench-host-01,peer-scaling-2025-10
PEER-16-R3,16,411262,36,7153e7d76330991ef585be4e,2025-10-03T01:09:28+01:00,1025.6,322.8,bench-host-01,peer-scaling-2025-10
PEER-16-R3,16,411262,37,4578b15a570f87892def0080,2025-10-03T01:09:28+01:00,1037.7,319.8,bench-host-01,peer-scaling-2025-10
PEER-16-R3,16,411262,38,70b18cb1eded393cf1a787be,2025-10-03T01:09:29+01:00,982.0,326.6,bench-host-01,peer-scaling-2025-10
PEER-16-R3,16,411263,39,3e3027b39d16944b1b558e3d,2025-10-03T01:09:29+01:00,1127.6,317.0,bench-host-01,peer-scaling-2025-10
PEER-16-R3,16,411264,40,82e1500f06d96ae51375df9c,2025-10-03T01:09:30+01:00,996.1,326.5,bench-host-01,peer-scaling-2025-10
PEER-16-R3,16,411264,41,b893587cd8455824e9abdb70,2025-10-03T01:09:30+01:00,1085.1,321.7,bench-host-01,peer-scaling-2025-10
PEER-16-R3,16,411265,42,80855ab5410214f092fd4d53,2025-10-03T01:09:31+01:00,1053.9,322.2,bench-host-01,peer-scaling-2025-10
PEER-16-R3,16,411265,43,18ba6aac0d1226c1124a6dd6,2025-10-03T01:09:31+01:00,1057.7,323.5,bench-host-01,peer-scaling-2025-10
PEER-16-R3,16,411266,44,4dbbdededc7943ed682eedfe,2025-10-03T01:09:32+01:00,1080.8,325.6,bench-host-01,peer-scaling-2025-10
PEER-16-R3,16,411266,45,fbac62fde973c6f0f3fa7102,2025-10-03T01:09:32+01:00,1063.0,325.2,bench-host-01,peer-scaling-2025-10
PEER-16-R3,16,411266,46,49232ae218ecd89c76d50843,2025-10-03T01:09:33+01:00,1087.6,326.1,bench-host-01,peer-scaling-2025-10
PEER-16-R3,16,411266,47,dca683aa9144b2c31ea835f5,2025-10-03T01:09:33+01:00,918.8,326.3,bench-host-01,peer-scaling-2025-10
PEER-16-R3,16,411267,48,87b86728f0defbe421a6cf6c,2025-10-03T01:09:34+01:00,1116.5,329.1,bench-host-01,peer-scaling-2025-10
PEER-16-R3,16,411267,49,2967930223d3c38f6349975f,2025-10-03T01:09:34+01:00,1175.8,315.7,bench-host-01,peer-scaling-2025-10
PEER-16-R3,16,411267,50,e25e1d2f102679195d8dd30d,2025-10-03T01:09:35+01:00,1099.1,323.5,bench-host-01,peer-scaling-2025-10
PEER-16-R3,16,411267,51,e77a90c0cf905b6364c01a75,2025-10-03T01:09:35+01:00,1015.3,322.0,bench-host-01,peer-scaling-2025-10
PEER-16-R3,16,411267,52,956a445a3c087300e3ea9a48,2025-10-03T01:09:36+01:00,1101.4,321.7,bench-host-01,peer-scaling-2025-10
PEER-16-R3,16,411267,53,702f651cb8d9d4b7d7b1ece8,2025-10-03T01:09:36+01:00,1059.1,326.2,bench-host-01,peer-scaling-2025-10
PEER-16-R3,16,411267,54,d2b69b7e60a7afa87df33ae3,2025-10-03T01:09:37+01:00,1020.7,327.9,bench-host-01,peer-scaling-2025-10
PEER-16-R3,16,411267,55,f4d232792be10716cd03a2ea,2025-10-03T01:09:38+01:00,1150.6,315.9,bench-host-01,peer-scaling-2025-10
PEER-16-R3,16,411267,56,6987d437719a90ed89f8c469,2025-10-03T01:09:38+01:00,1060.4,320.8,bench-host-01,peer-scaling-2025-10
PEER-16-R3,16,411267,57,65564b53dcba5b51db8bd5ce,2025-10-03T01:09:39+01:00,1049.9,318.5,bench-host-01,peer-scaling-2025-10
PEER-16-R3,16,411267,58,884c0b6e728e20e85adf98b0,2025-10-03T01:09:39+01:00,1165.2,329.5,bench-host-01,peer-scaling-2025-10
PEER-16-R3,16,411267,59,fa0530f602e70bd8ae459db0,2025-10-03T01:09:40+01:00,1112.0,327.6,bench-host-01,peer-scaling-2025-10
PEER-16-R3,16,411267,60,ec422090c5752be3734743df,2025-10-03T01:09:40+01:00,1074.0,319.7,bench-host-01,peer-scaling-2025-10
PEER-16-R3,16,411267,61,b15459be62085a225ffc65cc,2025-10-03T01:09:41+01:00,986.1,333.0,bench-host-01,peer-scaling-2025-10
PEER-16-R3,16,411267,62,99223a2e8301e079d2901341,2025-10-03T01:09:41+01:00,1197.8,328.4,bench-host-01,peer-scaling-2025-10
PEER-16-R3,16,411267,63,ae0e4314bc57e0b1c7148aaa,2025-10-03T01:09:42+01:00,996.5,328.0,bench-host-01,peer-scaling-2025-10
PEER-16-R3,16,411267,64,c25e7e60e37c9267a422ee15,2025-10-03T01:09:42+01:00,1053.2,314.6,bench-host-01,peer-scaling-2025-10
PEER-16-R3,16,411267,65,baf1cd266710ac65d7c383ff,2025-10-03T01:09:43+01:00,1056.8,329.5,bench-host-01,peer-scaling-2025-10
PEER-16-R3,16,411267,66,cda1ec3ade6bf8806d28cddd,2025-10-03T01:09:43+01:00,1123.4,323.5,bench-host-01,peer-scaling-2025-10
PEER-16-R3,16,411267,67,bc917b06e7535a44f1f1449d,2025-10-03T01:09:44+01:00,1118.6,319.8,bench-host-01,peer-scaling-2025-10
PEER-16-R3,16,411267,68,62847a1610207c05919a824b,2025-10-03T01:09:44+01:00,1150.0,328.9,bench-host-01,peer-scaling-2025-10
PEER-16-R3,16,411267,69,2c5e64c525a887b454b69009,2025-10-03T01:09:45+01:00,1065.8,324.7,bench-host-01,peer-scaling-2025-10
PEER-16-R3,16,411267,70,89ff2aa32ef757e3ca4fce3f,2025-10-03T01:09:45+01:00,1036.6,321.8,bench-host-01,peer-scaling-2025-10
PEER-16-R3,16,411267,71,a3366588d5f32cd50a6596e8,2025-10-03T01:09:46+01:00,1091.6,323.1,bench-host-01,peer-scaling-2025-10
PEER-16-R3,16,411268,72,36d09a9ed4f99a89853ba264,2025-10-03T01:09:47+01:00,1147.3,316.5,bench-host-01,peer-scaling-2025-10
PEER-16-R3,16,411268,73,d436a1e7d7ceb0162a48c134,2025-10-03T01:09:47+01:00,1101.8,321.1,bench-host-01,peer-scaling-2025-10
PEER-16-R3,16,411268,74,f2107293f134efd6d03560bd,2025-10-03T01:09:48+01:00,1115.6,320.7,bench-host-01,peer-scaling-2025-10
PEER-16-R3,16,411268,75,7c1044c448cd443a7f8f1526,2025-10-03T01:09:48+01:00,1089.2,321.9,bench-host-01,peer-scaling-2025-10
PEER-16-R3,16,411268,76,6e0225e491810dde6a84c3fa,2025-10-03T01:09:49+01:00,1065.5,327.0,bench-host-01,peer-scaling-2025-10
PEER-16-R3,16,411269,77,8cf45c1e2e7b2aea63a8de34,2025-10-03T01:09:49+01:00,1114.9,321.6,bench-host-01,peer-scaling-2025-10
PEER-16-R3,16,411269,78,c2519613cde9b45c3183819b,2025-10-03T01:09:50+01:00,1107.6,324.8,bench-host-01,peer-scaling-2025-10
PEER-16-R3,16,411269,79,960ba557a9b6cdd8072d21e3,2025-10-03T01:09:50+01:00,1123.1,323.6,bench-host-01,peer-scaling-2025-10
PEER-16-R3,16,411270,80,7e21a9adceff5e77580dc07a,2025-10-03T01:09:51+01:00,1052.5,314.7,bench-host-01,peer-scaling-2025-10
PEER-16-R3,16,411271,81,1846ad679151c82d9e6913a0,2025-10-03T01:09:51+01:00,1092.8,324.1,bench-host-01,peer-scaling-2025-10
PEER-16-R3,16,411271,82,2ccb8eb784bacd4167caaad6,2025-10-03T01:09:52+01:00,1073.7,330.0,bench-host-01,peer-scaling-2025-10
PEER-16-R3,16,411271,83,ddaea4785d6e8ff73ee8bad7,2025-10-03T01:09:52+01:00,993.2,322.6,bench-host-01,peer-scaling-2025-10
PEER-16-R3,16,411272,84,a18541ac8078c05194a4252a,2025-10-03T01:09:53+01:00,1072.8,320.9,bench-host-01,peer-scaling-2025-10
PEER-16-R3,16,411272,85,7b3909f30e259b209d33b256,2025-10-03T01:09:53+01:00,1095.0,325.5,bench-host-01,peer-scaling-2025-10
PEER-16-R3,16,411272,86,8ae5b2137f7ebc30a4a385a9,2025-10-03T01:09:54+01:00,1102.4,321.1,bench-host-01,peer-scaling-2025-10
PEER-16-R3,16,411272,87,3f9380cc4ac7ee8a47b8b3cf,2025-10-03T01:09:54+01:00,1068.8,323.6,bench-host-01,peer-scaling-2025-10
PEER-16-R3,16,411272,88,c925ca8371dc4004c1ff42bf,2025-10-03T01:09:55+01:00,1133.2,326.5,bench-host-01,peer-scaling-2025-10
PEER-16-R3,16,411272,89,ef714fd0ae46da6b86253f23,2025-10-03T01:09:56+01:00,1103.1,319.6,bench-host-01,peer-scaling-2025-10
PEER-16-R3,16,411273,90,efdab89c7f47c5ce2900b8e8,2025-10-03T01:09:56+01:00,1015.1,324.8,bench-host-01,peer-scaling-2025-10
PEER-16-R3,16,411273,91,351350272ec58f3ec4948a9b,2025-10-03T01:09:57+01:00,1029.0,323.4,bench-host-01,peer-scaling-2025-10
PEER-16-R3,16,411273,92,2a3612172828819a5a120946,2025-10-03T01:09:57+01:00,995.0,317.3,bench-host-01,peer-scaling-2025-10
PEER-16-R3,16,411273,93,c3f767fbf819cafa9f92a3d9,2025-10-03T01:09:58+01:00,1061.8,331.7,bench-host-01,peer-scaling-2025-10
PEER-16-R3,16,411273,94,395a37c7b32a7611c649a223,2025-10-03T01:09:58+01:00,1113.8,326.9,bench-host-01,peer-scaling-2025-10
PEER-16-R3,16,411273,95,aad48e9dd67589b8ce5dea03,2025-10-03T01:09:59+01:00,1061.2,325.9,bench-host-01,peer-scaling-2025-10
PEER-16-R3,16,411273,96,7e3e585c026c7b772fb58d18,2025-10-03T01:09:59+01:00,1012.0,332.4,bench-host-01,peer-scaling-2025-10
PEER-16-R3,16,411273,97,8ef0b1587f1789507d403d83,2025-10-03T01:10:00+01:00,1008.0,323.5,bench-host-01,peer-scaling-2025-10
PEER-16-R3,16,411273,98,c400e3718067e5abf9f64d6e,2025-10-03T01:10:00+01:00,1015.8,320.3,bench-host-01,peer-scaling-2025-10
PEER-16-R3,16,411273,99,f71a4ba6956d423fa03facc9,2025-10-03T01:10:01+01:00,1027.8,316.1,bench-host-01,peer-scaling-2025-10
PEER-16-R3,16,411273,100,f25a1a244319dee6f9c17bec,2025-10-03T01:10:01+01:00,977.8,329.5,bench-host-01,peer-scaling-2025-10
PEER-16-R3,16,411273,101,642db67c465bec7b3f79d765,2025-10-03T01:10:02+01:00,1134.8,325.2,bench-host-01,peer-scaling-2025-10
PEER-16-R3,16,411273,102,cf2653282cab9755fcbce827,2025-10-03T01:10:02+01:00,1086.5,325.0,bench-host-01,peer-scaling-2025-10
PEER-16-R3,16,411273,103,596b3f4849d7452a18c3e78a,2025-10-03T01:10:03+01:00,1023.6,325.0,bench-host-01,peer-scaling-2025-10
PEER-16-R3,16,411273,104,e452f86530db128169279693,2025-10-03T01:10:03+01:00,997.6,330.5,bench-host-01,peer-scaling-2025-10
PEER-16-R3,16,411273,105,8a760979df4793f2403e6567,2025-10-03T01:10:04+01:00,1088.8,332.3,bench-host-01,peer-scaling-2025-10
PEER-16-R3,16,411273,106,dfba885283ba199a0d00d408,2025-10-03T01:10:05+01:00,1067.9,311.9,bench-host-01,peer-scaling-2025-10
PEER-16-R3,16,411273,107,944ad26952d9bf2195e3279e,2025-10-03T01:10:05+01:00,1110.6,317.6,bench-host-01,peer-scaling-2025-10
PEER-16-R3,16,411273,108,c1869409ab6c5d51eb1fa5b8,2025-10-03T01:10:06+01:00,997.0,330.2,bench-host-01,peer-scaling-2025-10
PEER-16-R3,16,411273,109,a680974f7d5690af7b6e6995,2025-10-03T01:10:06+01:00,1018.2,316.2,bench-host-01,peer-scaling-2025-10
PEER-16-R3,16,411273,110,8a8219b39d292d5af3fc4c5b,2025-10-03T01:10:07+01:00,1096.4,322.7,bench-host-01,peer-scaling-2025-10
PEER-16-R3,16,411273,111,2dc6608c6da22d6ef7b85036,2025-10-03T01:10:07+01:00,1108.1,324.7,bench-host-01,peer-scaling-2025-10
PEER-16-R3,16,411273,112,c71733be96e5e9cbf4d8661b,2025-10-03T01:10:08+01:00,1078.7,330.3,bench-host-01,peer-scaling-2025-10
PEER-16-R3,16,411273,113,d1c6fc8705d9d4774571c032,2025-10-03T01:10:08+01:00,1218.8,322.8,bench-host-01,peer-scaling-2025-10
PEER-16-R3,16,411273,114,e92ff72ca15b08e0eab766bf,2025-10-03T01:10:09+01:00,1058.8,316.6,bench-host-01,peer-scaling-2025-10
PEER-16-R3,16,411273,115,81238816ff282d3a4940f27e,2025-10-03T01:10:09+01:00,1088.8,322.3,bench-host-01,peer-scaling-2025-10
PEER-16-R3,16,411273,116,4a592d4a5712043238767f05,2025-10-03T01:10:10+01:00,1018.8,325.6,bench-host-01,peer-scaling-2025-10
PEER-16-R3,16,411273,117,cbe8cb514077e80d90c3c309,2025-10-03T01:10:10+01:00,1051.4,326.0,bench-host-01,peer-scaling-2025-10
PEER-16-R3,16,411273,118,33e21a863481f4f15ae76f7c,2025-10-03T01:10:11+01:00,1018.5,329.5,bench-host-01,peer-scaling-2025-10
PEER-16-R3,16,411273,119,31909192bd5a1d0dd3d6f152,2025-10-03T01:10:11+01:00,1066.6,324.5,bench-host-01,peer-scaling-2025-10
PEER-16-R3,16,411274,120,7791f76480368ffc769876d5,2025-10-03T01:10:12+01:00,1151.6,327.1,bench-host-01,peer-scaling-2025-10
PEER-16-R3,16,411274,121,11a53259a8f08183fba9bab9,2025-10-03T01:10:12+01:00,1093.4,319.8,bench-host-01,peer-scaling-2025-10
PEER-16-R3,16,411274,122,9ee06b431bd99204772c0fa3,2025-10-03T01:10:13+01:00,1051.5,326.9,bench-host-01,peer-scaling-2025-10
PEER-16-R3,16,411274,123,d4ea9892a3e7f2d4b3b12b90,2025-10-03T01:10:13+01:00,1022.3,323.2,bench-host-01,peer-scaling-2025-10
PEER-16-R3,16,411274,124,8c77ec2cfd80fd8d9f481cc6,2025-10-03T01:10:14+01:00,936.9,320.0,bench-host-01,peer-scaling-2025-10
PEER-16-R3,16,411274,125,436c30daae29756274050681,2025-10-03T01:10:15+01:00,1048.0,320.1,bench-host-01,peer-scaling-2025-10
PEER-16-R3,16,411274,126,732668fae1cd000f339e7325,2025-10-03T01:10:15+01:00,1036.4,320.5,bench-host-01,peer-scaling-2025-10
PEER-16-R3,16,411274,127,ed9cda670fc33397b79b8bca,2025-10-03T01:10:16+01:00,997.8,321.5,bench-host-01,peer-scaling-2025-10
PEER-16-R3,16,411275,128,a4e9172be440dbf2ff3c5099,2025-10-03T01:10:16+01:00,1077.6,325.7,bench-host-01,peer-scaling-2025-10
PEER-16-R3,16,411275,129,1ed844f8939fb5a0222f2218,2025-10-03T01:10:17+01:00,1073.2,325.0,bench-host-01,peer-scaling-2025-10
PEER-32-R3,32,409720,0,0743f0ef1630223f8b8d5880,2025-10-03T06:10:17+01:00,846.3,328.8,bench-host-01,peer-scaling-2025-10
PEER-32-R3,32,409720,1,d85138b34e9796cd88729ab5,2025-10-03T06:10:18+01:00,722.2,320.1,bench-host-01,peer-scaling-2025-10
PEER-32-R3,32,409720,2,aa3039efa88fe7849e99152a,2025-10-03T06:10:18+01:00,856.5,324.7,bench-host-01,peer-scaling-2025-10
PEER-32-R3,32,409720,3,b22ffe6888efcc070c37dac3,2025-10-03T06:10:18+01:00,818.8,307.3,bench-host-01,peer-scaling-2025-10
PEER-32-R3,32,409720,4,dbc8a5a7fd90f8b806f2c654,2025-10-03T06:10:19+01:00,871.0,318.5,bench-host-01,peer-scaling-2025-10
PEER-32-R3,32,409720,5,0a3488cccf7863b9f4323e9f,2025-10-03T06:10:19+01:00,756.8,317.2,bench-host-01,peer-scaling-2025-10
PEER-32-R3,32,409720,6,35665b42125bc11919e53c53,2025-10-03T06:10:20+01:00,866.3,312.5,bench-host-01,peer-scaling-2025-10
PEER-32-R3,32,409720,7,68219450407a843532c1db97,2025-10-03T06:10:20+01:00,740.9,315.9,bench-host-01,peer-scaling-2025-10
PEER-32-R3,32,409720,8,dc0e4d98a8b34442e78144de,2025-10-03T06:10:20+01:00,887.6,317.9,bench-host-01,peer-scaling-2025-10
PEER-32-R3,32,409720,9,279a3e1de7cfc431d38bb403,2025-10-03T06:10:21+01:00,927.1,318.9,bench-host-01,peer-scaling-2025-10
PEER-32-R3,32,409720,10,4671e63f40d86f50caa21986,2025-10-03T06:10:21+01:00,881.5,312.6,bench-host-01,peer-scaling-2025-10
PEER-32-R3,32,409720,11,1259019a518ef57a0e1d7edf,2025-10-03T06:10:22+01:00,853.0,323.3,bench-host-01,peer-scaling-2025-10
PEER-32-R3,32,409720,12,34a0acbe9b374bb388eacaa6,2025-10-03T06:10:22+01:00,947.1,317.9,bench-host-01,peer-scaling-2025-10
PEER-32-R3,32,409720,13,ea665c4b4af03eebd7323b48,2025-10-03T06:10:22+01:00,806.4,307.7,bench-host-01,peer-scaling-2025-10
PEER-32-R3,32,409720,14,8a3a93d9935008499aeeb5b3,2025-10-03T06:10:23+01:00,849.8,314.8,bench-host-01,peer-scaling-2025-10
PEER-32-R3,32,409720,15,2d99fcab0370e521472ac0ca,2025-10-03T06:10:23+01:00,802.6,324.3,bench-host-01,peer-scaling-2025-10
PEER-32-R3,32,409720,16,ad39d359c51e90d5103a89f9,2025-10-03T06:10:24+01:00,872.9,312.8,bench-host-01,peer-scaling-2025-10
PEER-32-R3,32,409720,17,09f6e8c4d59be19bd459fd0f,2025-10-03T06:10:24+01:00,753.8,325.0,bench-host-01,peer-scaling-2025-10
PEER-32-R3,32,409720,18,ec2d071fc09ce6a1b03f1107,2025-10-03T06:10:24+01:00,805.0,324.4,bench-host-01,peer-scaling-2025-10
PEER-32-R3,32,409720,19,c06662679a683c59d04aa5d2,2025-10-03T06:10:25+01:00,780.3,309.0,bench-host-01,peer-scaling-2025-10
PEER-32-R3,32,409720,20,c3385e3088f10d0620106eac,2025-10-03T06:10:25+01:00,820.9,322.4,bench-host-01,peer-scaling-2025-10
PEER-32-R3,32,409720,21,3762b94022503fadea8c513d,2025-10-03T06:10:26+01:00,758.2,320.5,bench-host-01,peer-scaling-2025-10
PEER-32-R3,32,409720,22,84a9197508cef7d4bee7457d,2025-10-03T06:10:26+01:00,794.0,322.4,bench-host-01,peer-scaling-2025-10
PEER-32-R3,32,409720,23,9a70fb2f9e1e4c06a8f43424,2025-10-03T06:10:27+01:00,809.7,314.8,bench-host-01,peer-scaling-2025-10
PEER-32-R3,32,409720,24,fd0c8e78a6eaf6755a952cea,2025-10-03T06:10:27+01:00,801.7,312.0,bench-host-01,peer-scaling-2025-10
PEER-32-R3,32,409720,25,17f990484eaed9c2f3e1d94b,2025-10-03T06:10:27+01:00,808.9,318.2,bench-host-01,peer-scaling-2025-10
PEER-32-R3,32,409720,26,5e9a925e9fd5c0060e76605f,2025-10-03T06:10:28+01:00,757.9,319.5,bench-host-01,peer-scaling-2025-10
PEER-32-R3,32,409720,27,7656271915e489994ea9ed7e,2025-10-03T06:10:28+01:00,853.8,306.0,bench-host-01,peer-scaling-2025-10
PEER-32-R3,32,409720,28,bbbb1c4f7fbc8dcf279bcf17,2025-10-03T06:10:29+01:00,917.0,317.0,bench-host-01,peer-scaling-2025-10
PEER-32-R3,32,409720,29,462ac6ac4ffd92539c703e2f,2025-10-03T06:10:29+01:00,910.4,320.5,bench-host-01,peer-scaling-2025-10
PEER-32-R3,32,409720,30,dfc5d227138357dab0659132,2025-10-03T06:10:29+01:00,798.2,313.9,bench-host-01,peer-scaling-2025-10
PEER-32-R3,32,409720,31,75e05702af0fca555d93f03b,2025-10-03T06:10:30+01:00,720.2,313.2,bench-host-01,peer-scaling-2025-10
PEER-32-R3,32,409720,32,916718a7a1b5555667753c8e,2025-10-03T06:10:30+01:00,896.9,317.2,bench-host-01,peer-scaling-2025-10
PEER-32-R3,32,409720,33,45bdf2ed989c622173d27a74,2025-10-03T06:10:31+01:00,805.3,308.5,bench-host-01,peer-scaling-2025-10
PEER-32-R3,32,409720,34,323a4265e3b21368ccbcb595,2025-10-03T06:10:31+01:00,789.5,310.7,bench-host-01,peer-scaling-2025-10
PEER-32-R3,32,409720,35,d3cb05885cd601d91233f968,2025-10-03T06:10:31+01:00,761.1,324.2,bench-host-01,peer-scaling-2025-10
PEER-32-R3,32,409721,36,ae1f1a30962b5b2dd8a7025b,2025-10-03T06:10:32+01:00,821.2,316.5,bench-host-01,peer-scaling-2025-10
PEER-32-R3,32,409721,37,fb614479a6e3f56fbf0ca84c,2025-10-03T06:10:32+01:00,849.4,317.6,bench-host-01,peer-scaling-2025-10
PEER-32-R3,32,409721,38,965a095a8b3ea90fc8899e34,2025-10-03T06:10:33+01:00,698.3,311.6,bench-host-01,peer-scaling-2025-10
PEER-32-R3,32,409721,39,7dee93d31d410f2d381c9844,2025-10-03T06:10:33+01:00,870.5,315.4,bench-host-01,peer-scaling-2025-10
PEER-32-R3,32,409721,40,a44b07c93dc6bb3417449469,2025-10-03T06:10:33+01:00,850.3,324.0,bench-host-01,peer-scaling-2025-10
PEER-32-R3,32,409721,41,c67b5b140f674a751e2d02ee,2025-10-03T06:10:34+01:00,844.5,316.4,bench-host-01,peer-scaling-2025-10
PEER-32-R3,32,409721,42,422ee8a23510345df2e860a5,2025-10-03T06:10:34+01:00,714.6,314.4,bench-host-01,peer-scaling-2025-10
PEER-32-R3,32,409721,43,8ad95fafb65489cf529e9a38,2025-10-03T06:10:35+01:00,718.4,316.7,bench-host-01,peer-scaling-2025-10
PEER-32-R3,32,409721,44,b69f07d6ecfa35a51464cef3,2025-10-03T06:10:35+01:00,844.5,313.6,bench-host-01,peer-scaling-2025-10
PEER-32-R3,32,409721,45,4cb3f3d0d5fb0ed88f7c680e,2025-10-03T06:10:35+01:00,833.5,322.1,bench-host-01,peer-scaling-2025-10
PEER-32-R3,32,409721,46,b813f83111d9d2a47a41cf2a,2025-10-03T06:10:36+01:00,756.6,308.3,bench-host-01,peer-scaling-2025-10
PEER-32-R3,32,409721,47,78d0cbad1dde2fd17c70061e,2025-10-03T06:10:36+01:00,828.8,324.4,bench-host-01,peer-scaling-2025-10
PEER-32-R3,32,409721,48,65e6f9fbfda38c1d679a669f,2025-10-03T06:10:37+01:00,866.2,316.4,bench-host-01,peer-scaling-2025-10
PEER-32-R3,32,409721,49,c2beb1d9dc8048f1d5e50d85,2025-10-03T06:10:37+01:00,746.2,317.2,bench-host-01,peer-scaling-2025-10
PEER-32-R3,32,409721,50,9e128ea1b894fb00f2eb6fc0,2025-10-03T06:10:37+01:00,821.9,321.1,bench-host-01,peer-scaling-2025-10
PEER-32-R3,32,409721,51,64433f473e7b9fc682ac826d,2025-10-03T06:10:38+01:00,749.2,322.0,bench-host-01,peer-scaling-2025-10
PEER-32-R3,32,409722,52,a314bf42e7e3dd609d292490,2025-10-03T06:10:38+01:00,894.4,326.1,bench-host-01,peer-scaling-2025-10
PEER-32-R3,32,409722,53,4a312b2654c4924546c2a502,2025-10-03T06:10:39+01:00,853.1,321.6,bench-host-01,peer-scaling-2025-10
PEER-32-R3,32,409723,54,c76281064545b35b58db3d7f,2025-10-03T06:10:39+01:00,785.5,315.9,bench-host-01,peer-scaling-2025-10
PEER-32-R3,32,409723,55,c01bbf4f5e5cff7eeb6cff55,2025-10-03T06:10:40+01:00,856.5,319.4,bench-host-01,peer-scaling-2025-10
PEER-32-R3,32,409723,56,f79633715707014f3e9b74c1,2025-10-03T06:10:40+01:00,749.0,321.7,bench-host-01,peer-scaling-2025-10
PEER-32-R3,32,409723,57,1b7247b45b49e7305bc1e024,2025-10-03T06:10:40+01:00,783.3,322.7,bench-host-01,peer-scaling-2025-10
PEER-32-R3,32,409723,58,b9320076884dae9ae353a9c8,2025-10-03T06:10:41+01:00,812.7,324.3,bench-host-01,peer-scaling-2025-10
PEER-32-R3,32,409723,59,d9e1ebfc0fb90664717bd18f,2025-10-03T06:10:41+01:00,796.8,327.1,bench-host-01,peer-scaling-2025-10
PEER-32-R3,32,409724,60,48b811ad75c5b3f1820c033e,2025-10-03T06:10:42+01:00,800.4,311.5,bench-host-01,peer-scaling-2025-10
PEER-32-R3,32,409724,61,a0d0fd36ba5af38a02192a2d,2025-10-03T06:10:42+01:00,852.7,317.6,bench-host-01,peer-scaling-2025-10
PEER-32-R3,32,409724,62,9628c084511972e00d2a328c,2025-10-03T06:10:42+01:00,861.8,321.7,bench-host-01,peer-scaling-2025-10
PEER-32-R3,32,409724,63,4b0bbfe3cd0d5868853593a2,2025-10-03T06:10:43+01:00,852.8,318.1,bench-host-01,peer-scaling-2025-10
PEER-32-R3,32,409724,64,217d8f05e08ccc0fdd7094da,2025-10-03T06:10:43+01:00,777.5,327.6,bench-host-01,peer-scaling-2025-10
PEER-32-R3,32,409724,65,c7145b15d8edf6d64ec4dbbf,2025-10-03T06:10:44+01:00,853.4,313.5,bench-host-01,peer-scaling-2025-10
PEER-32-R3,32,409724,66,131e4b7f6a72d9180d6b2fb5,2025-10-03T06:10:44+01:00,872.8,310.9,bench-host-01,peer-scaling-2025-10
PEER-32-R3,32,409724,67,78d32ff2c474c536629b3a0e,2025-10-03T06:10:44+01:00,818.9,315.6,bench-host-01,peer-scaling-2025-10
PEER-32-R3,32,409724,68,86e6e9187ed000e67f440a52,2025-10-03T06:10:45+01:00,782.7,310.3,bench-host-01,peer-scaling-2025-10
PEER-32-R3,32,409724,69,c3906ec8ed5c6581ff5c5bdd,2025-10-03T06:10:45+01:00,744.1,312.6,bench-host-01,peer-scaling-2025-10
PEER-32-R3,32,409724,70,edc4cd1fb4ec511326b9b3f1,2025-10-03T06:10:46+01:00,899.3,314.6,bench-host-01,peer-scaling-2025-10
PEER-32-R3,32,409724,71,98cb0ff8ab63d00a3af0a3fb,2025-10-03T06:10:46+01:00,872.6,317.5,bench-host-01,peer-scaling-2025-10
PEER-32-R3,32,409724,72,33bd00db786e7abac1a50a45,2025-10-03T06:10:46+01:00,724.9,307.4,bench-host-01,peer-scaling-2025-10
PEER-32-R3,32,409724,73,bce189b63eb5a435ca246311,2025-10-03T06:10:47+01:00,788.0,317.9,bench-host-01,peer-scaling-2025-10
PEER-32-R3,32,409724,74,66551259ef759bece17c0059,2025-10-03T06:10:47+01:00,868.0,314.4,bench-host-01,peer-scaling-2025-10
PEER-32-R3,32,409724,75,a637f589e839e917f15f05d4,2025-10-03T06:10:48+01:00,705.3,314.8,bench-host-01,peer-scaling-2025-10
PEER-32-R3,32,409724,76,507195ad0040eac5c4c9b4b4,2025-10-03T06:10:48+01:00,748.4,306.0,bench-host-01,peer-scaling-2025-10
PEER-32-R3,32,409724,77,7cc3687024974a45314146b0,2025-10-03T06:10:48+01:00,808.8,319.4,bench-host-01,peer-scaling-2025-10
PEER-32-R3,32,409724,78,b5209b6e8a2a4fc63b3cbf9c,2025-10-03T06:10:49+01:00,759.6,320.6,bench-host-01,peer-scaling-2025-10
PEER-32-R3,32,409724,79,4916ad85c6eb0a26a0dbedf4,2025-10-03T06:10:49+01:00,763.2,311.6,bench-host-01,peer-scaling-2025-10
PEER-32-R3,32,409725,80,ebe4bfcb4c68d78c62439afc,2025-10-03T06:10:50+01:00,722.8,322.3,bench-host-01,peer-scaling-2025-10
PEER-32-R3,32,409725,81,3ee02b54b61af98b71c80b4c,2025-10-03T06:10:50+01:00,778.8,328.8,bench-host-01,peer-scaling-2025-10
PEER-32-R3,32,409725,82,b286fbdbc0df33b6a08aa62e,2025-10-03T06:10:50+01:00,835.0,324.1,bench-host-01,peer-scaling-2025-10
PEER-32-R3,32,409725,83,ffd718005b41fce4df912e9f,2025-10-03T06:10:51+01:00,687.1,318.9,bench-host-01,peer-scaling-2025-10
PEER-32-R3,32,409726,84,2a89c8ff4d65c14cc7a89f18,2025-10-03T06:10:51+01:00,886.8,322.3,bench-host-01,peer-scaling-2025-10
PEER-32-R3,32,409726,85,a81f344ed504c8cc1cd922df,2025-10-03T06:10:52+01:00,843.5,316.8,bench-host-01,peer-scaling-2025-10
PEER-32-R3,32,409726,86,a1300942fdb7e8cbfcc77b78,2025-10-03T06:10:52+01:00,801.4,319.8,bench-host-01,peer-scaling-2025-10
PEER-32-R3,32,409726,87,733ad81403c8c559d1a58971,2025-10-03T06:10:53+01:00,778.1,315.9,bench-host-01,peer-scaling-2025-10
PEER-32-R3,32,409726,88,75ecd11c7da9fba5df8a7092,2025-10-03T06:10:53+01:00,778.5,316.5,bench-host-01,peer-scaling-2025-10
PEER-32-R3,32,409726,89,70d40f60bcf97d717491271c,2025-10-03T06:10:53+01:00,829.7,319.3,bench-host-01,peer-scaling-2025-10
PEER-32-R3,32,409726,90,df0ec533eeb93a85bbb128fe,2025-10-03T06:10:54+01:00,777.7,312.8,bench-host-01,peer-scaling-2025-10
PEER-32-R3,32,409726,91,a16bca08b459719848695d40,2025-10-03T06:10:54+01:00,845.5,310.9,bench-host-01,peer-scaling-2025-10
PEER-32-R3,32,409726,92,9e00890c45c42bcce6ba8a97,2025-10-03T06:10:55+01:00,878.8,317.0,bench-host-01,peer-scaling-2025-10
PEER-32-R3,32,409726,93,2552d23dd6d73f40f4ece7b5,2025-10-03T06:10:55+01:00,835.3,316.0,bench-host-01,peer-scaling-2025-10
PEER-32-R3,32,409726,94,c47e86484ba724ae9dc0a20f,2025-10-03T06:10:55+01:00,851.3,320.1,bench-host-01,peer-scaling-2025-10
PEER-32-R3,32,409726,95,acf67c1fc866268ca72b89f2,2025-10-03T06:10:56+01:00,782.8,315.0,bench-host-01,peer-scaling-2025-10
PEER-32-R3,32,409726,96,f83a651c91d49aec6406123c,2025-10-03T06:10:56+01:00,842.4,305.5,bench-host-01,peer-scaling-2025-10
PEER-32-R3,32,409726,97,c6af84388ed265f7ec28713d,2025-10-03T06:10:57+01:00,872.1,311.8,bench-host-01,peer-scaling-2025-10
PEER-32-R3,32,409727,98,ed64072a9e3b0139d25b3b24,2025-10-03T06:10:57+01:00,870.0,318.3,bench-host-01,peer-scaling-2025-10
PEER-32-R3,32,409727,99,9eae202574b7df97c983ea48,2025-10-03T06:10:57+01:00,829.7,316.3,bench-host-01,peer-scaling-2025-10
PEER-32-R3,32,409727,100,6dba579b1a7c7647cef54902,2025-10-03T06:10:58+01:00,764.9,313.9,bench-host-01,peer-scaling-2025-10
PEER-32-R3,32,409727,101,821bfe3e371813bc24d288d3,2025-10-03T06:10:58+01:00,784.4,318.3,bench-host-01,peer-scaling-2025-10
PEER-32-R3,32,409727,102,40101a97790de7ceea14fa7a,2025-10-03T06:10:59+01:00,869.1,318.4,bench-host-01,peer-scaling-2025-10
PEER-32-R3,32,409727,103,3da0d6ea2aa97062fc904ab4,2025-10-03T06:10:59+01:00,769.0,313.2,bench-host-01,peer-scaling-2025-10
PEER-32-R3,32,409728,104,be50e9e06e3c77c46b700696,2025-10-03T06:10:59+01:00,716.1,318.4,bench-host-01,peer-scaling-2025-10
PEER-32-R3,32,409728,105,10c103fe08c28f690efe95e0,2025-10-03T06:11:00+01:00,865.1,315.5,bench-host-01,peer-scaling-2025-10
PEER-32-R3,32,409728,106,1a97fba87d5401e2611a8d64,2025-10-03T06:11:00+01:00,868.7,317.0,bench-host-01,peer-scaling-2025-10
PEER-32-R3,32,409728,107,afa5c3aa9a17083b82b5c7f4,2025-10-03T06:11:01+01:00,788.4,317.6,bench-host-01,peer-scaling-2025-10
PEER-32-R3,32,409729,108,8a3a3ecabd7f8f15b1b5aa28,2025-10-03T06:11:01+01:00,796.4,316.1,bench-host-01,peer-scaling-2025-10
PEER-32-R3,32,409729,109,9c78091173a64a3daee6d9aa,2025-10-03T06:11:01+01:00,828.8,310.8,bench-host-01,peer-scaling-2025-10
PEER-32-R3,32,409729,110,fd1c6d78696a60e22d3ac24a,2025-10-03T06:11:02+01:00,778.9,325.0,bench-host-01,peer-scaling-2025-10
PEER-32-R3,32,409729,111,ca4c7e09f7bc5dcb7873196b,2025-10-03T06:11:02+01:00,769.9,314.7,bench-host-01,peer-scaling-2025-10
PEER-32-R3,32,409729,112,09aa544893e14ff2909b5286,2025-10-03T06:11:03+01:00,886.1,311.7,bench-host-01,peer-scaling-2025-10
PEER-32-R3,32,409729,113,474c3ba3ca87eb0b880adc22,2025-10-03T06:11:03+01:00,815.6,327.5,bench-host-01,peer-scaling-2025-10
PEER-32-R3,32,409729,114,cb352884c63efa4c820ae51a,2025-10-03T06:11:03+01:00,613.9,323.4,bench-host-01,peer-scaling-2025-10
PEER-32-R3,32,409729,115,fb2fcaebc57baf82f6b9e90d,2025-10-03T06:11:04+01:00,859.3,319.6,bench-host-01,peer-scaling-2025-10
PEER-32-R3,32,409729,116,6d52f30842bcb44f50aa6d0a,2025-10-03T06:11:04+01:00,829.6,321.4,bench-host-01,peer-scaling-2025-10
PEER-32-R3,32,409729,117,c31c5327f7f431a8d8421ff4,2025-10-03T06:11:05+01:00,865.2,324.4,bench-host-01,peer-scaling-2025-10
PEER-32-R3,32,409729,118,eca2b05c36756cfd9069915b,2025-10-03T06:11:05+01:00,691.8,310.6,bench-host-01,peer-scaling-2025-10
PEER-32-R3,32,409729,119,721dc3f749f7264f251b2e1c,2025-10-03T06:11:05+01:00,737.4,318.0,bench-host-01,peer-scaling-2025-10
PEER-32-R3,32,409730,120,509214238b5ab4d19435df4b,2025-10-03T06:11:06+01:00,827.6,308.6,bench-host-01,peer-scaling-2025-10
PEER-32-R3,32,409730,121,9473b2265fa1071ffa2882a8,2025-10-03T06:11:06+01:00,788.1,320.7,bench-host-01,peer-scaling-2025-10
PEER-32-R3,32,409730,122,11ee861a1c099ed2654adc51,2025-10-03T06:11:07+01:00,823.5,320.9,bench-host-01,peer-scaling-2025-10
PEER-32-R3,32,409730,123,780c7d793eb88cca54d31765,2025-10-03T06:11:07+01:00,837.6,327.4,bench-host-01,peer-scaling-2025-10
PEER-32-R3,32,409730,124,c469db2fcd2e22d5594a875d,2025-10-03T06:11:08+01:00,887.5,325.2,bench-host-01,peer-scaling-2025-10
PEER-32-R3,32,409730,125,e3954167c30041dab18dbec3,2025-10-03T06:11:08+01:00,854.9,309.9,bench-host-01,peer-scaling-2025-10
PEER-32-R3,32,409730,126,6c24ef9e5da73eab6fbf5f25,2025-10-03T06:11:08+01:00,899.7,314.1,bench-host-01,peer-scaling-2025-10
PEER-32-R3,32,409730,127,5f8366f74f5b66d83cf22513,2025-10-03T06:11:09+01:00,931.6,312.4,bench-host-01,peer-scaling-2025-10
PEER-32-R3,32,409730,128,be097325435ee6be28aaede3,2025-10-03T06:11:09+01:00,737.2,322.9,bench-host-01,peer-scaling-2025-10
PEER-32-R3,32,409730,129,1f1577812cddae1f213a31e2,2025-10-03T06:11:10+01:00,790.8,311.1,bench-host-01,peer-scaling-2025-10
PEER-04-R3,4,567741,0,0872bc26ef9997e5237c5576,2025-10-03T11:11:10+01:00,1248.4,314.0,bench-host-01,peer-scaling-2025-10
PEER-04-R3,4,567741,1,ac74d70c6f4dee4d21142e33,2025-10-03T11:11:11+01:00,1121.4,321.3,bench-host-01,peer-scaling-2025-10
PEER-04-R3,4,567741,2,1b6316565d9185836ecaaf93,2025-10-03T11:11:11+01:00,1242.6,317.2,bench-host-01,peer-scaling-2025-10
PEER-04-R3,4,567741,3,bb7abbf93b9bd45abaaf08db,2025-10-03T11:11:12+01:00,1095.6,332.1,bench-host-01,peer-scaling-2025-10
PEER-04-R3,4,567741,4,14be7c53a922295d79ceede8,2025-10-03T11:11:12+01:00,1228.3,317.8,bench-host-01,peer-scaling-2025-10
PEER-04-R3,4,567741,5,ae5312b0918ef353df30742a,2025-10-03T11:11:13+01:00,1181.4,329.8,bench-host-01,peer-scaling-2025-10
PEER-04-R3,4,567741,6,d9b256349cc56fb465d87438,2025-10-03T11:11:14+01:00,1146.2,326.8,bench-host-01,peer-scaling-2025-10
PEER-04-R3,4,567741,7,bc8619f99b6d42b401897154,2025-10-03T11:11:14+01:00,1230.0,322.1,bench-host-01,peer-scaling-2025-10
PEER-04-R3,4,567741,8,02bf7496972fb0c8fccbc14b,2025-10-03T11:11:15+01:00,1114.6,325.1,bench-host-01,peer-scaling-2025-10
PEER-04-R3,4,567741,9,02a44a3dc5322601cb3ef829,2025-10-03T11:11:15+01:00,1329.8,313.0,bench-host-01,peer-scaling-2025-10
PEER-04-R3,4,567741,10,f299372b56884617fd7f3040,2025-10-03T11:11:16+01:00,1199.8,314.2,bench-host-01,peer-scaling-2025-10
PEER-04-R3,4,567741,11,8527731035c600a8ddc5e2d2,2025-10-03T11:11:17+01:00,1319.5,315.7,bench-host-01,peer-scaling-2025-10
PEER-04-R3,4,567741,12,b89de67b6fad22c30c7abf6b,2025-10-03T11:11:17+01:00,1146.3,321.4,bench-host-01,peer-scaling-2025-10
PEER-04-R3,4,567741,13,6648d101a1a55a7417baf539,2025-10-03T11:11:18+01:00,1219.6,311.4,bench-host-01,peer-scaling-2025-10
PEER-04-R3,4,567741,14,a65d7aa760c39d039709620e,2025-10-03T11:11:18+01:00,1252.9,323.1,bench-host-01,peer-scaling-2025-10
PEER-04-R3,4,567741,15,76d2e42effb6e5856116cb40,2025-10-03T11:11:19+01:00,1170.6,320.7,bench-host-01,peer-scaling-2025-10
PEER-04-R3,4,567742,16,a6effcf9924304b2f9b2894f,2025-10-03T11:11:20+01:00,1123.5,320.8,bench-host-01,peer-scaling-2025-10
PEER-04-R3,4,567742,17,074f2f8e5d9fb193c854d019,2025-10-03T11:11:20+01:00,1223.9,322.1,bench-host-01,peer-scaling-2025-10
PEER-04-R3,4,567742,18,569e9981a2f481979015e72e,2025-10-03T11:11:21+01:00,1172.0,314.0,bench-host-01,peer-scaling-2025-10
PEER-04-R3,4,567742,19,c66b5a8d92d389acbe680dc8,2025-10-03T11:11:21+01:00,1205.2,318.8,bench-host-01,peer-scaling-2025-10
PEER-04-R3,4,567742,20,675a9cc05cb463dad7f8730a,2025-10-03T11:11:22+01:00,1209.4,313.8,bench-host-01,peer-scaling-2025-10
PEER-04-R3,4,567742,21,212e8d724bca6c71cb3d2d53,2025-10-03T11:11:23+01:00,1225.6,320.8,bench-host-01,peer-scaling-2025-10
PEER-04-R3,4,567742,22,616f308522e2dd52e1d707ce,2025-10-03T11:11:23+01:00,1262.2,324.9,bench-host-01,peer-scaling-2025-10
PEER-04-R3,4,567742,23,46974d3545b13000a016f8f8,2025-10-03T11:11:24+01:00,1173.6,323.4,bench-host-01,peer-scaling-2025-10
PEER-04-R3,4,567742,24,739d862be3c41c0b8351663a,2025-10-03T11:11:24+01:00,1209.4,320.8,bench-host-01,peer-scaling-2025-10
PEER-04-R3,4,567742,25,ef80f06a8844d164a12cd478,2025-10-03T11:11:25+01:00,1178.6,326.3,bench-host-01,peer-scaling-2025-10
PEER-04-R3,4,567743,26,66cf035d4bd1a6f69cb9a388,2025-10-03T11:11:26+01:00,1307.7,317.9,bench-host-01,peer-scaling-2025-10
PEER-04-R3,4,567743,27,8fbc4a81ce1c16932dc43623,2025-10-03T11:11:26+01:00,1240.2,318.5,bench-host-01,peer-scaling-2025-10
PEER-04-R3,4,567743,28,b9736b0962f5392b42cef6d3,2025-10-03T11:11:27+01:00,1171.6,320.8,bench-host-01,peer-scaling-2025-10
PEER-04-R3,4,567743,29,9b64cafd1d2301685d2c637c,2025-10-03T11:11:27+01:00,1227.3,316.4,bench-host-01,peer-scaling-2025-10
PEER-04-R3,4,567743,30,32e365acb825fc70f1947a44,2025-10-03T11:11:28+01:00,1107.2,327.2,bench-host-01,peer-scaling-2025-10
PEER-04-R3,4,567743,31,e5c84fe12d2ce12e6a153273,2025-10-03T11:11:29+01:00,1250.2,319.4,bench-host-01,peer-scaling-2025-10
PEER-04-R3,4,567743,32,5431eacc649f48bb5dd9f038,2025-10-03T11:11:29+01:00,1279.9,318.4,bench-host-01,peer-scaling-2025-10
PEER-04-R3,4,567743,33,15a9870f66fe3a502d6ced41,2025-10-03T11:11:30+01:00,1170.0,316.0,bench-host-01,peer-scaling-2025-10
PEER-04-R3,4,567743,34,ab2c207b6054c4d08cdcfd70,2025-10-03T11:11:30+01:00,1211.2,324.6,bench-host-01,peer-scaling-2025-10
PEER-04-R3,4,567743,35,f8d9e7b238e86d0a80f194f6,2025-10-03T11:11:31+01:00,1107.9,317.7,bench-host-01,peer-scaling-2025-10
PEER-04-R3,4,567743,36,1f6a700764a1d44cfa26206e,2025-10-03T11:11:32+01:00,1272.1,321.0,bench-host-01,peer-scaling-2025-10
PEER-04-R3,4,567743,37,005359f4a2e4549cdd396c1d,2025-10-03T11:11:32+01:00,1205.1,319.9,bench-host-01,peer-scaling-2025-10
PEER-04-R3,4,567743,38,88a002ed109493281c2acca7,2025-10-03T11:11:33+01:00,1272.2,314.7,bench-host-01,peer-scaling-2025-10
PEER-04-R3,4,567743,39,de8cbec5b5a1b069e2412037,2025-10-03T11:11:33+01:00,1245.2,322.5,bench-host-01,peer-scaling-2025-10
PEER-04-R3,4,567743,40,2036c21b0645987556df8af8,2025-10-03T11:11:34+01:00,1281.4,327.7,bench-host-01,peer-scaling-2025-10
PEER-04-R3,4,567743,41,f508f0e2eeb19561c1fdfc9c,2025-10-03T11:11:35+01:00,1159.5,322.9,bench-host-01,peer-scaling-2025-10
PEER-04-R3,4,567743,42,48b631c2c77573fc6f6ad99b,2025-10-03T11:11:35+01:00,1164.5,326.0,bench-host-01,peer-scaling-2025-10
PEER-04-R3,4,567743,43,6164c47b94894cf0c25d6223,2025-10-03T11:11:36+01:00,1295.4,319.4,bench-host-01,peer-scaling-2025-10
PEER-04-R3,4,567743,44,911775eb6cfd2a3596d5167a,2025-10-03T11:11:36+01:00,1131.8,324.0,bench-host-01,peer-scaling-2025-10
PEER-04-R3,4,567743,45,ac3323def2f40db763aed4e5,2025-10-03T11:11:37+01:00,1226.1,324.4,bench-host-01,peer-scaling-2025-10
PEER-04-R3,4,567743,46,f5581c0ad69b1964f5d2f5dc,2025-10-03T11:11:38+01:00,1167.4,316.9,bench-host-01,peer-scaling-2025-10
PEER-04-R3,4,567743,47,4615f4a6af3b54160f571ad8,2025-10-03T11:11:38+01:00,1216.8,330.1,bench-host-01,peer-scaling-2025-10
PEER-04-R3,4,567743,48,bb063ed642c7db42c393ff9e,2025-10-03T11:11:39+01:00,1229.0,319.9,bench-host-01,peer-scaling-2025-10
PEER-04-R3,4,567743,49,9174ae88f980de72340b18d6,2025-10-03T11:11:39+01:00,1181.8,318.7,bench-host-01,peer-scaling-2025-10
PEER-04-R3,4,567744,50,c4ce2d3f4eda24dd21acb0a4,2025-10-03T11:11:40+01:00,1222.5,327.6,bench-host-01,peer-scaling-2025-10
PEER-04-R3,4,567744,51,cd51ee9b2e087326755079b3,2025-10-03T11:11:41+01:00,1218.4,317.0,bench-host-01,peer-scaling-2025-10
PEER-04-R3,4,567744,52,2993311109a9066f2b751357,2025-10-03T11:11:41+01:00,1177.8,324.4,bench-host-01,peer-scaling-2025-10
PEER-04-R3,4,567744,53,b1c8a0504a38e5a21866a57d,2025-10-03T11:11:42+01:00,1205.2,327.0,bench-host-01,peer-scaling-2025-10
PEER-04-R3,4,567744,54,376adeca50afb3cdb17b69c8,2025-10-03T11:11:42+01:00,1215.2,320.6,bench-host-01,peer-scaling-2025-10
PEER-04-R3,4,567744,55,5bb869c5be1ea0b691ab7ff0,2025-10-03T11:11:43+01:00,1232.1,327.3,bench-host-01,peer-scaling-2025-10
PEER-04-R3,4,567745,56,5fdb88a23b3aae90579d703d,2025-10-03T11:11:44+01:00,1109.8,315.1,bench-host-01,peer-scaling-2025-10
PEER-04-R3,4,567745,57,293d56c2313ea25b3632f10c,2025-10-03T11:11:44+01:00,1184.3,327.3,bench-host-01,peer-scaling-2025-10
PEER-04-R3,4,567745,58,f03478a22f7ea0010b0ad8ea,2025-10-03T11:11:45+01:00,1039.7,323.4,bench-host-01,peer-scaling-2025-10
PEER-04-R3,4,567745,59,760658bc6cbeee31b2d0569d,2025-10-03T11:11:45+01:00,1222.9,322.7,bench-host-01,peer-scaling-2025-10
PEER-04-R3,4,567746,60,ef7153cce130426bad67856f,2025-10-03T11:11:46+01:00,1217.6,325.0,bench-host-01,peer-scaling-2025-10
PEER-04-R3,4,567746,61,522bf5f350376b4df4b9cbcd,2025-10-03T11:11:47+01:00,1175.1,327.1,bench-host-01,peer-scaling-2025-10
PEER-04-R3,4,567746,62,64ef10bb682c8537f3162ddd,2025-10-03T11:11:47+01:00,1199.2,321.2,bench-host-01,peer-scaling-2025-10
PEER-04-R3,4,567746,63,5f71c353e3403f996b61afec,2025-10-03T11:11:48+01:00,1274.4,326.0,bench-host-01,peer-scaling-2025-10
PEER-04-R3,4,567746,64,c5f88750128540352e013d52,2025-10-03T11:11:49+01:00,1236.9,323.8,bench-host-01,peer-scaling-2025-10
PEER-04-R3,4,567746,65,84402156676dd5b9a35fc644,2025-10-03T11:11:49+01:00,1237.2,323.0,bench-host-01,peer-scaling-2025-10
PEER-04-R3,4,567746,66,dfa44806d422a8d1ef274a97,2025-10-03T11:11:50+01:00,1191.4,321.0,bench-host-01,peer-scaling-2025-10
PEER-04-R3,4,567746,67,98d6c6a9d3f524d429035d79,2025-10-03T11:11:50+01:00,1152.8,326.5,bench-host-01,peer-scaling-2025-10
PEER-04-R3,4,567746,68,2c7874a602f9017ce3fcdd85,2025-10-03T11:11:51+01:00,1243.3,317.3,bench-host-01,peer-scaling-2025-10
PEER-04-R3,4,567746,69,0d2fb4fc0016471cb40b0ced,2025-10-03T11:11:52+01:00,1177.2,322.8,bench-host-01,peer-scaling-2025-10
PEER-04-R3,4,567747,70,7a00cd312de31c39fedfdc78,2025-10-03T11:11:52+01:00,1197.1,318.8,bench-host-01,peer-scaling-2025-10
PEER-04-R3,4,567747,71,d7f29f98f522bc1acc5b3b00,2025-10-03T11:11:53+01:00,1186.5,320.3,bench-host-01,peer-scaling-2025-10
PEER-04-R3,4,567747,72,f0ff354a4ac833e477a0130a,2025-10-03T11:11:53+01:00,1168.8,324.3,bench-host-01,peer-scaling-2025-10
PEER-04-R3,4,567747,73,acfbaa4b11490550bed6a437,2025-10-03T11:11:54+01:00,1132.8,321.6,bench-host-01,peer-scaling-2025-10
PEER-04-R3,4,567747,74,0a1205a60df308f119522709,2025-10-03T11:11:55+01:00,1211.7,320.4,bench-host-01,peer-scaling-2025-10
PEER-04-R3,4,567747,75,41cd64969af4f4c27b693cc2,2025-10-03T11:11:55+01:00,1208.3,321.9,bench-host-01,peer-scaling-2025-10
PEER-04-R3,4,567747,76,56ca3599991155fe522cbf26,2025-10-03T11:11:56+01:00,1223.5,318.6,bench-host-01,peer-scaling-2025-10
PEER-04-R3,4,567747,77,46a6bd4871bb61499782f48e,2025-10-03T11:11:56+01:00,1169.4,319.3,bench-host-01,peer-scaling-2025-10
PEER-04-R3,4,567747,78,b34327683817f77ac26e57c8,2025-10-03T11:11:57+01:00,1267.3,319.6,bench-host-01,peer-scaling-2025-10
PEER-04-R3,4,567747,79,2ea6a318f680bf46755d55a3,2025-10-03T11:11:58+01:00,1185.2,313.0,bench-host-01,peer-scaling-2025-10
PEER-04-R3,4,567747,80,de05eb64d93620aa2fad8d7d,2025-10-03T11:11:58+01:00,1156.2,321.2,bench-host-01,peer-scaling-2025-10
PEER-04-R3,4,567747,81,e6be5595cbb9b1941858da27,2025-10-03T11:11:59+01:00,1115.1,323.0,bench-host-01,peer-scaling-2025-10
PEER-04-R3,4,567747,82,e851952936f83c3f180f2575,2025-10-03T11:11:59+01:00,1339.9,323.4,bench-host-01,peer-scaling-2025-10
PEER-04-R3,4,567747,83,7d3c672104bb47b1af36bf63,2025-10-03T11:12:00+01:00,1193.7,332.5,bench-host-01,peer-scaling-2025-10
PEER-04-R3,4,567747,84,38493e9ff3251c4b645ca555,2025-10-03T11:12:01+01:00,1147.3,322.8,bench-host-01,peer-scaling-2025-10
PEER-04-R3,4,567747,85,cd1514fdd986ec4a726abd28,2025-10-03T11:12:01+01:00,1164.6,320.7,bench-host-01,peer-scaling-2025-10
PEER-04-R3,4,567747,86,1618431c0ce532a89a3b5caa,2025-10-03T11:12:02+01:00,1271.2,330.5,bench-host-01,peer-scaling-2025-10
PEER-04-R3,4,567747,87,927f93d750b30bb8443755ab,2025-10-03T11:12:02+01:00,1137.6,319.8,bench-host-01,peer-scaling-2025-10
PEER-04-R3,4,567747,88,b2588b235c9c3119885efbf1,2025-10-03T11:12:03+01:00,1121.5,324.5,bench-host-01,peer-scaling-2025-10
PEER-04-R3,4,567747,89,70f2b09665f589312de806eb,2025-10-03T11:12:04+01:00,1193.3,320.5,bench-host-01,peer-scaling-2025-10
PEER-04-R3,4,567747,90,32542f40b98b48fc41b78f5c,2025-10-03T11:12:04+01:00,1099.1,321.4,bench-host-01,peer-scaling-2025-10
PEER-04-R3,4,567747,91,e8535ca998ba4a3ced5a0955,2025-10-03T11:12:05+01:00,1216.3,319.4,bench-host-01,peer-scaling-2025-10
PEER-04-R3,4,567747,92,aa6d5c64a99fda4c560aa347,2025-10-03T11:12:05+01:00,1194.5,323.4,bench-host-01,peer-scaling-2025-10
PEER-04-R3,4,567747,93,ed482ff4769577e1d69a0d21,2025-10-03T11:12:06+01:00,1165.3,326.4,bench-host-01,peer-scaling-2025-10
PEER-04-R3,4,567747,94,13ca71dbbdc8bb66facd42ea,2025-10-03T11:12:07+01:00,1208.3,319.5,bench-host-01,peer-scaling-2025-10
PEER-04-R3,4,567747,95,ea17edd511cd605bfd3267f2,2025-10-03T11:12:07+01:00,1167.8,320.0,bench-host-01,peer-scaling-2025-10
PEER-04-R3,4,567747,96,7f3c8ac138d3c25bbba6ab28,2025-10-03T11:12:08+01:00,1280.2,318.8,bench-host-01,peer-scaling-2025-10
PEER-04-R3,4,567747,97,1a37720380e69913fd130234,2025-10-03T11:12:08+01:00,1272.0,309.4,bench-host-01,peer-scaling-2025-10
PEER-04-R3,4,567747,98,ba85b51b06a8f81ac5961f14,2025-10-03T11:12:09+01:00,1169.9,314.7,bench-host-01,peer-scaling-2025-10
PEER-04-R3,4,567747,99,baebddd6386561edd5f404ee,2025-10-03T11:12:10+01:00,1155.1,326.3,bench-host-01,peer-scaling-2025-10
PEER-04-R3,4,567747,100,6ca82d7eb6e756b872f81b4a,2025-10-03T11:12:10+01:00,1203.3,317.5,bench-host-01,peer-scaling-2025-10
PEER-04-R3,4,567747,101,84f3cb314044d12e6cacd674,2025-10-03T11:12:11+01:00,1224.7,318.5,bench-host-01,peer-scaling-2025-10
PEER-04-R3,4,567747,102,65afc27b792c3ef8fd917447,2025-10-03T11:12:11+01:00,1200.3,326.0,bench-host-01,peer-scaling-2025-10
PEER-04-R3,4,567747,103,cfa248a9defc56c378ec65f1,2025-10-03T11:12:12+01:00,1180.6,325.0,bench-host-01,peer-scaling-2025-10
PEER-04-R3,4,567748,104,01b4cdb560bf5ee4e8cd7df9,2025-10-03T11:12:13+01:00,1217.9,316.8,bench-host-01,peer-scaling-2025-10
PEER-04-R3,4,567748,105,720f6ae650c7a68d59ad2579,2025-10-03T11:12:13+01:00,1218.3,314.4,bench-host-01,peer-scaling-2025-10
PEER-04-R3,4,567748,106,6bee1fee1bff69eb3f79054c,2025-10-03T11:12:14+01:00,1160.4,314.1,bench-host-01,peer-scaling-2025-10
PEER-04-R3,4,567748,107,8e661598d841f70c4c6a8f60,2025-10-03T11:12:14+01:00,1235.7,329.2,bench-host-01,peer-scaling-2025-10
PEER-04-R3,4,567748,108,d7fd1af83f68e5e6cb4f9a16,2025-10-03T11:12:15+01:00,1215.6,331.1,bench-host-01,peer-scaling-2025-10
PEER-04-R3,4,567748,109,6d07d477c4b705bf3014d96c,2025-10-03T11:12:16+01:00,1210.2,321.1,bench-host-01,peer-scaling-2025-10
PEER-04-R3,4,567748,110,de98e95bc44bb0b3a6b2d886,2025-10-03T11:12:16+01:00,1228.8,320.9,bench-host-01,peer-scaling-2025-10
PEER-04-R3,4,567748,111,8cd519c42d1453d9b3de8b53,2025-10-03T11:12:17+01:00,1132.7,319.1,bench-host-01,peer-scaling-2025-10
PEER-04-R3,4,567748,112,991a7bd575632f8f1879f51d,2025-10-03T11:12:17+01:00,1180.0,318.1,bench-host-01,peer-scaling-2025-10
PEER-04-R3,4,567748,113,415670dc19a02ec5db3c9a3a,2025-10-03T11:12:18+01:00,1255.8,325.3,bench-host-01,peer-scaling-2025-10
PEER-04-R3,4,567748,114,9d00c0a1ecd188cb636733cd,2025-10-03T11:12:19+01:00,1279.5,318.7,bench-host-01,peer-scaling-2025-10
PEER-04-R3,4,567748,115,0a0394e917fb85149b5af89e,2025-10-03T11:12:19+01:00,1171.9,324.5,bench-host-01,peer-scaling-2025-10
PEER-04-R3,4,567748,116,8842608554c320ce3ba02b03,2025-10-03T11:12:20+01:00,1214.4,328.7,bench-host-01,peer-scaling-2025-10
PEER-04-R3,4,567748,117,5ad2fd1e39df2b444988316f,2025-10-03T11:12:20+01:00,1188.2,324.4,bench-host-01,peer-scaling-2025-10
PEER-04-R3,4,567748,118,3cafe94b15408659d715319c,2025-10-03T11:12:21+01:00,1194.1,320.4,bench-host-01,peer-scaling-2025-10
PEER-04-R3,4,567748,119,794bccf5acec17cc03db3d24,2025-10-03T11:12:22+01:00,1298.0,319.1,bench-host-01,peer-scaling-2025-10
PEER-04-R3,4,567749,120,464127d2a813082bd8988139,2025-10-03T11:12:22+01:00,1219.7,322.9,bench-host-01,peer-scaling-2025-10
PEER-04-R3,4,567749,121,7e85553bd3157bc4d2faa3c4,2025-10-03T11:12:23+01:00,1160.9,323.5,bench-host-01,peer-scaling-2025-10
PEER-04-R3,4,567749,122,5ad311090304497c3198ec59,2025-10-03T11:12:23+01:00,1238.2,323.6,bench-host-01,peer-scaling-2025-10
PEER-04-R3,4,567749,123,e2f5187bb2ac266cae3a0af7,2025-10-03T11:12:24+01:00,1344.1,311.8,bench-host-01,peer-scaling-2025-10
PEER-04-R3,4,567749,124,53072f8a901a3c132298782e,2025-10-03T11:12:25+01:00,1153.8,313.9,bench-host-01,peer-scaling-2025-10
PEER-04-R3,4,567749,125,b1f8c27f71e6beb04d42c5df,2025-10-03T11:12:25+01:00,1142.9,318.3,bench-host-01,peer-scaling-2025-10
PEER-04-R3,4,567749,126,63245339996116c30150eecf,2025-10-03T11:12:26+01:00,1181.6,321.1,bench-host-01,peer-scaling-2025-10
PEER-04-R3,4,567749,127,ae0683be591b863b840bfbd8,2025-10-03T11:12:26+01:00,1201.1,323.6,bench-host-01,peer-scaling-2025-10
PEER-04-R3,4,567749,128,1336f41a68738f58083adc06,2025-10-03T11:12:27+01:00,1169.3,330.5,bench-host-01,peer-scaling-2025-10
PEER-04-R3,4,567749,129,13d75f04d4bfb69bf87d1070,2025-10-03T11:12:28+01:00,1174.3,311.3,bench-host-01,peer-scaling-2025-10
PEER-08-R3,8,774418,0,26b9aca110b195ba2ab566f3,2025-10-03T16:12:28+01:00,1118.2,325.1,bench-host-01,peer-scaling-2025-10
PEER-08-R3,8,774418,1,f2dbf7d2c59d814ea6d53022,2025-10-03T16:12:29+01:00,1186.5,323.6,bench-host-01,peer-scaling-2025-10
PEER-08-R3,8,774418,2,5b63e679d8e75f78953488b9,2025-10-03T16:12:29+01:00,1176.4,311.7,bench-host-01,peer-scaling-2025-10
PEER-08-R3,8,774418,3,67bac7009d45057832da0ce5,2025-10-03T16:12:30+01:00,1191.8,322.8,bench-host-01,peer-scaling-2025-10
PEER-08-R3,8,774418,4,99b789c2bd1ed195e55fa469,2025-10-03T16:12:31+01:00,1095.2,316.3,bench-host-01,peer-scaling-2025-10
PEER-08-R3,8,774418,5,e8caa5b12bed93d8e91dadd1,2025-10-03T16:12:31+01:00,1135.6,319.7,bench-host-01,peer-scaling-2025-10
PEER-08-R3,8,774418,6,d0d3087aab1b7c9a1e02c301,2025-10-03T16:12:32+01:00,1187.6,317.9,bench-host-01,peer-scaling-2025-10
PEER-08-R3,8,774418,7,3de2171a8b1f728e117c774f,2025-10-03T16:12:32+01:00,1034.1,332.5,bench-host-01,peer-scaling-2025-10
PEER-08-R3,8,774418,8,803ce908466a074acb948633,2025-10-03T16:12:33+01:00,1103.2,319.5,bench-host-01,peer-scaling-2025-10
PEER-08-R3,8,774418,9,b7053e3fbc83266832de4a4e,2025-10-03T16:12:33+01:00,1157.4,314.9,bench-host-01,peer-scaling-2025-10
PEER-08-R3,8,774418,10,be4e513eea840f22cb04f5dc,2025-10-03T16:12:34+01:00,1183.3,316.0,bench-host-01,peer-scaling-2025-10
PEER-08-R3,8,774418,11,c608dd9b68eca9da5ec8b078,2025-10-03T16:12:35+01:00,1153.2,323.1,bench-host-01,peer-scaling-2025-10
PEER-08-R3,8,774418,12,73103beebc7b1e609d99dcf4,2025-10-03T16:12:35+01:00,1129.2,319.5,bench-host-01,peer-scaling-2025-10
PEER-08-R3,8,774418,13,baf8014a67a5257f6e16d319,2025-10-03T16:12:36+01:00,1166.8,327.2,bench-host-01,peer-scaling-2025-10
PEER-08-R3,8,774418,14,94f5a8f2a97fac8caa47eb5c,2025-10-03T16:12:36+01:00,1161.8,318.2,bench-host-01,peer-scaling-2025-10
PEER-08-R3,8,774418,15,0b33992da095029223184238,2025-10-03T16:12:37+01:00,1136.0,316.5,bench-host-01,peer-scaling-2025-10
PEER-08-R3,8,774418,16,42216a42ac2d6502f9d4b45f,2025-10-03T16:12:37+01:00,1123.2,321.3,bench-host-01,peer-scaling-2025-10
PEER-08-R3,8,774418,17,212bbf835e67703ebfe600fb,2025-10-03T16:12:38+01:00,1112.3,322.5,bench-host-01,peer-scaling-2025-10
PEER-08-R3,8,774418,18,d1799a142d88a94bfc900d9d,2025-10-03T16:12:39+01:00,1269.9,312.3,bench-host-01,peer-scaling-2025-10
PEER-08-R3,8,774418,19,78d37fffd15d20d5304f9128,2025-10-03T16:12:39+01:00,1217.6,320.9,bench-host-01,peer-scaling-2025-10
PEER-08-R3,8,774418,20,281264b87c78e2d467855280,2025-10-03T16:12:40+01:00,1206.3,314.8,bench-host-01,peer-scaling-2025-10
PEER-08-R3,8,774418,21,aa5988da8b03ed68e0bcbf3f,2025-10-03T16:12:40+01:00,1195.8,321.8,bench-host-01,peer-scaling-2025-10
PEER-08-R3,8,774418,22,af07199e4b451a4f790ececc,2025-10-03T16:12:41+01:00,1150.9,315.5,bench-host-01,peer-scaling-2025-10
PEER-08-R3,8,774418,23,9338c0664ee345131d38fdc8,2025-10-03T16:12:41+01:00,1223.0,321.8,bench-host-01,peer-scaling-2025-10
PEER-08-R3,8,774419,24,52f382c54299852ecad41d15,2025-10-03T16:12:42+01:00,1091.6,322.5,bench-host-01,peer-scaling-2025-10
PEER-08-R3,8,774419,25,8e5baeb79bb527e4b66ad5d8,2025-10-03T16:12:43+01:00,1157.6,329.5,bench-host-01,peer-scaling-2025-10
PEER-08-R3,8,774419,26,1ad58abc4004b99dce8652e2,2025-10-03T16:12:43+01:00,1187.1,324.4,bench-host-01,peer-scaling-2025-10
PEER-08-R3,8,774419,27,6e277c092fab2a960451dbb6,2025-10-03T16:12:44+01:00,1152.9,323.4,bench-host-01,peer-scaling-2025-10
PEER-08-R3,8,774419,28,819854a2a66491e91cfdaa78,2025-10-03T16:12:44+01:00,1055.6,317.8,bench-host-01,peer-scaling-2025-10
PEER-08-R3,8,774419,29,b771e7cbed9d10d09610aa73,2025-10-03T16:12:45+01:00,1096.6,324.1,bench-host-01,peer-scaling-2025-10
PEER-08-R3,8,774419,30,8de241416e4fddc76aebaadc,2025-10-03T16:12:46+01:00,1071.5,324.2,bench-host-01,peer-scaling-2025-10
PEER-08-R3,8,774419,31,1845e047a8dfe5d7d6da19d7,2025-10-03T16:12:46+01:00,1159.0,308.4,bench-host-01,peer-scaling-2025-10
PEER-08-R3,8,774419,32,4215f632c607ad21d776cc02,2025-10-03T16:12:47+01:00,1159.5,328.4,bench-host-01,peer-scaling-2025-10
PEER-08-R3,8,774419,33,f7d69c8bc14c216567f254cc,2025-10-03T16:12:47+01:00,1103.9,325.6,bench-host-01,peer-scaling-2025-10
PEER-08-R3,8,774419,34,22507656c90fe0a4ca5b56b1,2025-10-03T16:12:48+01:00,1124.4,323.6,bench-host-01,peer-scaling-2025-10
PEER-08-R3,8,774419,35,1b4c2398af4575ae5b0168b0,2025-10-03T16:12:48+01:00,1124.9,315.7,bench-host-01,peer-scaling-2025-10
PEER-08-R3,8,774419,36,078713927bb84e575942d8fc,2025-10-03T16:12:49+01:00,1104.7,330.3,bench-host-01,peer-scaling-2025-10
PEER-08-R3,8,774419,37,5c2d563921f78f9314ba119c,2025-10-03T16:12:50+01:00,1176.7,319.5,bench-host-01,peer-scaling-2025-10
PEER-08-R3,8,774419,38,bc0149a8cbe16865f105feee,2025-10-03T16:12:50+01:00,1314.2,307.3,bench-host-01,peer-scaling-2025-10
PEER-08-R3,8,774419,39,eaab9fdbe9705ab8af1c931f,2025-10-03T16:12:51+01:00,1157.6,313.2,bench-host-01,peer-scaling-2025-10
PEER-08-R3,8,774419,40,6c0ab4608a85256798b4d582,2025-10-03T16:12:51+01:00,1097.5,320.8,bench-host-01,peer-scaling-2025-10
PEER-08-R3,8,774419,41,acbbd17996a6ae0b534a5ba6,2025-10-03T16:12:52+01:00,1162.5,316.5,bench-host-01,peer-scaling-2025-10
PEER-08-R3,8,774419,42,fb1019a34abb4fecedb61ffd,2025-10-03T16:12:52+01:00,1093.0,327.5,bench-host-01,peer-scaling-2025-10
PEER-08-R3,8,774419,43,8543aafbcb3c24e324614a68,2025-10-03T16:12:53+01:00,1073.9,324.8,bench-host-01,peer-scaling-2025-10
PEER-08-R3,8,774419,44,7e8f5eb1a29bb5bbeca15bca,2025-10-03T16:12:54+01:00,1130.9,317.5,bench-host-01,peer-scaling-2025-10
PEER-08-R3,8,774419,45,1d1cde1ea5ba90eb6102994e,2025-10-03T16:12:54+01:00,1156.7,311.1,bench-host-01,peer-scaling-2025-10
PEER-08-R3,8,774419,46,93897999a026890190e842a4,2025-10-03T16:12:55+01:00,1205.8,320.3,bench-host-01,peer-scaling-2025-10
PEER-08-R3,8,774419,47,0cf283618d8c64d29227614b,2025-10-03T16:12:55+01:00,1180.7,331.8,bench-host-01,peer-scaling-2025-10
PEER-08-R3,8,774419,48,93bc72198b957ff490e69cda,2025-10-03T16:12:56+01:00,1114.0,324.0,bench-host-01,peer-scaling-2025-10
PEER-08-R3,8,774419,49,aff10e4402f72f83bb56f450,2025-10-03T16:12:56+01:00,1122.7,325.8,bench-host-01,peer-scaling-2025-10
PEER-08-R3,8,774419,50,6bc1a6807422d8280e81ef79,2025-10-03T16:12:57+01:00,1237.1,325.2,bench-host-01,peer-scaling-2025-10
PEER-08-R3,8,774419,51,ccd8312f467fd1f3e7d4c6a3,2025-10-03T16:12:58+01:00,1191.2,320.4,bench-host-01,peer-scaling-2025-10
PEER-08-R3,8,774419,52,bf889c6cb04e7be480e72bd0,2025-10-03T16:12:58+01:00,1191.7,318.1,bench-host-01,peer-scaling-2025-10
PEER-08-R3,8,774419,53,9b6646915d916a1013711978,2025-10-03T16:12:59+01:00,1137.4,318.3,bench-host-01,peer-scaling-2025-10
PEER-08-R3,8,774419,54,2e025d99c0e40a54e8216a4e,2025-10-03T16:12:59+01:00,1065.6,320.4,bench-host-01,peer-scaling-2025-10
PEER-08-R3,8,774419,55,48695450014c4d2d4b3fb1fc,2025-10-03T16:13:00+01:00,1234.4,314.7,bench-host-01,peer-scaling-2025-10
PEER-08-R3,8,774419,56,ca1132171b4bff4ad9b3f01c,2025-10-03T16:13:00+01:00,1129.2,327.6,bench-host-01,peer-scaling-2025-10
PEER-08-R3,8,774419,57,334ebdfd2efb7772cceba56c,2025-10-03T16:13:01+01:00,1164.0,317.4,bench-host-01,peer-scaling-2025-10
PEER-08-R3,8,774419,58,7535bc2c0fc8924259bdf4ad,2025-10-03T16:13:02+01:00,1220.9,322.4,bench-host-01,peer-scaling-2025-10
PEER-08-R3,8,774419,59,37cc880cb2fbdaf0eb396245,2025-10-03T16:13:02+01:00,999.4,315.4,bench-host-01,peer-scaling-2025-10
PEER-08-R3,8,774419,60,d8a3c6c21f7f7a9d42f8fa2e,2025-10-03T16:13:03+01:00,1089.1,322.6,bench-host-01,peer-scaling-2025-10
PEER-08-R3,8,774419,61,9afdbc253dfa2a401e204396,2025-10-03T16:13:03+01:00,1290.2,312.3,bench-host-01,peer-scaling-2025-10
PEER-08-R3,8,774419,62,3d85fe746e518f945a81f84c,2025-10-03T16:13:04+01:00,1124.7,323.5,bench-host-01,peer-scaling-2025-10
PEER-08-R3,8,774420,63,23b4c991be3d0af654f9a95b,2025-10-03T16:13:04+01:00,1210.9,322.9,bench-host-01,peer-scaling-2025-10
PEER-08-R3,8,774420,64,96e274c7d91278a925538a4d,2025-10-03T16:13:05+01:00,1216.9,319.3,bench-host-01,peer-scaling-2025-10
PEER-08-R3,8,774420,65,35e23edc8015904651871c22,2025-10-03T16:13:06+01:00,1164.9,315.1,bench-host-01,peer-scaling-2025-10
PEER-08-R3,8,774420,66,6b51a1bcd1fda4178f47d1d2,2025-10-03T16:13:06+01:00,1153.2,315.1,bench-host-01,peer-scaling-2025-10
PEER-08-R3,8,774420,67,cfa782f10cadfe752e21b836,2025-10-03T16:13:07+01:00,1126.6,319.7,bench-host-01,peer-scaling-2025-10
PEER-08-R3,8,774420,68,465c0c28b4466da32243b461,2025-10-03T16:13:07+01:00,1191.2,329.4,bench-host-01,peer-scaling-2025-10
PEER-08-R3,8,774420,69,5181d8c0938bf00948203b3e,2025-10-03T16:13:08+01:00,1105.6,325.3,bench-host-01,peer-scaling-2025-10
PEER-08-R3,8,774421,70,fc3cb1e6897685918c65c0e1,2025-10-03T16:13:09+01:00,1182.2,320.1,bench-host-01,peer-scaling-2025-10
PEER-08-R3,8,774421,71,7de7c2bde096b2eafcea750b,2025-10-03T16:13:09+01:00,1175.9,319.8,bench-host-01,peer-scaling-2025-10
PEER-08-R3,8,774422,72,1a9cc4157c110348eccddede,2025-10-03T16:13:10+01:00,1172.1,311.0,bench-host-01,peer-scaling-2025-10
PEER-08-R3,8,774422,73,0493a4bc4f87d52d4f4b52ff,2025-10-03T16:13:10+01:00,1231.8,318.5,bench-host-01,peer-scaling-2025-10
PEER-08-R3,8,774422,74,b89a8ef3f24de0cdaffb1f49,2025-10-03T16:13:11+01:00,1186.8,325.0,bench-host-01,peer-scaling-2025-10
PEER-08-R3,8,774422,75,92cb22e9967d6afaf45bd484,2025-10-03T16:13:11+01:00,1071.3,319.1,bench-host-01,peer-scaling-2025-10
PEER-08-R3,8,774422,76,2212c92d59210fc8f0870dc1,2025-10-03T16:13:12+01:00,1084.8,329.0,bench-host-01,peer-scaling-2025-10
PEER-08-R3,8,774423,77,a3a6f5e11b9250640531d52e,2025-10-03T16:13:13+01:00,1162.7,314.1,bench-host-01,peer-scaling-2025-10
PEER-08-R3,8,774423,78,a73338c8a4323100263865b5,2025-10-03T16:13:13+01:00,1102.8,317.8,bench-host-01,peer-scaling-2025-10
PEER-08-R3,8,774423,79,78b145c83f4f241047b175c3,2025-10-03T16:13:14+01:00,1181.6,325.1,bench-host-01,peer-scaling-2025-10
PEER-08-R3,8,774424,80,67121e083ee248ebda55ddf7,2025-10-03T16:13:14+01:00,1209.2,313.8,bench-host-01,peer-scaling-2025-10
PEER-08-R3,8,774424,81,4447f2a269ef59316ada2e3a,2025-10-03T16:13:15+01:00,1136.8,323.1,bench-host-01,peer-scaling-2025-10
PEER-08-R3,8,774424,82,15bce47194cc8068496c42a4,2025-10-03T16:13:15+01:00,1147.4,312.2,bench-host-01,peer-scaling-2025-10
PEER-08-R3,8,774424,83,df4a08f82b89859dc11325c4,2025-10-03T16:13:16+01:00,1288.8,306.6,bench-host-01,peer-scaling-2025-10
PEER-08-R3,8,774424,84,4994135314e1e636155a4602,2025-10-03T16:13:17+01:00,1257.2,320.7,bench-host-01,peer-scaling-2025-10
PEER-08-R3,8,774424,85,58095c6402ba0c837b660012,2025-10-03T16:13:17+01:00,1160.9,312.5,bench-host-01,peer-scaling-2025-10
PEER-08-R3,8,774424,86,d41ea711350872bbff48d46d,2025-10-03T16:13:18+01:00,1169.8,323.5,bench-host-01,peer-scaling-2025-10
PEER-08-R3,8,774424,87,2b9c503f6baf0a9812792092,2025-10-03T16:13:18+01:00,1107.7,323.2,bench-host-01,peer-scaling-2025-10
PEER-08-R3,8,774424,88,d7e50ffa66e8874e98812e79,2025-10-03T16:13:19+01:00,1219.9,312.9,bench-host-01,peer-scaling-2025-10
PEER-08-R3,8,774424,89,77ea091618b252029d602eae,2025-10-03T16:13:19+01:00,1205.6,322.7,bench-host-01,peer-scaling-2025-10
PEER-08-R3,8,774425,90,7caf350a8460904b0b528f99,2025-10-03T16:13:20+01:00,1166.4,324.0,bench-host-01,peer-scaling-2025-10
PEER-08-R3,8,774425,91,499c2fb37c0974fed51966c8,2025-10-03T16:13:21+01:00,1064.8,317.4,bench-host-01,peer-scaling-2025-10
PEER-08-R3,8,774425,92,74cb96a7aef4dd1938878e1d,2025-10-03T16:13:21+01:00,1114.5,325.0,bench-host-01,peer-scaling-2025-10
PEER-08-R3,8,774425,93,d152678e9d07429b84cbfa49,2025-10-03T16:13:22+01:00,1178.5,325.9,bench-host-01,peer-scaling-2025-10
PEER-08-R3,8,774425,94,bb4a2cfec00ede9e4e15b592,2025-10-03T16:13:22+01:00,1184.7,323.4,bench-host-01,peer-scaling-2025-10
PEER-08-R3,8,774425,95,9bf95f1afeeab80217ce280f,2025-10-03T16:13:23+01:00,1265.4,323.1,bench-host-01,peer-scaling-2025-10
PEER-08-R3,8,774425,96,e9bcceb0d62b703081261390,2025-10-03T16:13:23+01:00,1163.9,326.7,bench-host-01,peer-scaling-2025-10
PEER-08-R3,8,774425,97,2feee3f6d44460246547753b,2025-10-03T16:13:24+01:00,1188.9,316.7,bench-host-01,peer-scaling-2025-10
PEER-08-R3,8,774425,98,ae7bcf53b2299cdb65305fca,2025-10-03T16:13:25+01:00,1162.9,326.8,bench-host-01,peer-scaling-2025-10
PEER-08-R3,8,774426,99,f229cd16864a624715b770c9,2025-10-03T16:13:25+01:00,1195.6,323.9,bench-host-01,peer-scaling-2025-10
PEER-08-R3,8,774426,100,a8a3e02c6ca90d32c164cdaa,2025-10-03T16:13:26+01:00,1243.9,324.5,bench-host-01,peer-scaling-2025-10
PEER-08-R3,8,774426,101,665b5f1151c5a21cdf8b6f9a,2025-10-03T16:13:26+01:00,1053.7,320.2,bench-host-01,peer-scaling-2025-10
PEER-08-R3,8,774426,102,ac0aa936a9d72aeebfcd5fea,2025-10-03T16:13:27+01:00,1120.4,317.2,bench-host-01,peer-scaling-2025-10
PEER-08-R3,8,774426,103,e94ed0c8e5b4b720b51d0a8f,2025-10-03T16:13:27+01:00,1134.7,317.5,bench-host-01,peer-scaling-2025-10
PEER-08-R3,8,774426,104,faa58cb6d00f2c76d553d044,2025-10-03T16:13:28+01:00,1124.4,325.3,bench-host-01,peer-scaling-2025-10
PEER-08-R3,8,774426,105,eb1b974ab548c907613563dd,2025-10-03T16:13:29+01:00,989.8,315.7,bench-host-01,peer-scaling-2025-10
PEER-08-R3,8,774426,106,4972895928ea6c117a337f29,2025-10-03T16:13:29+01:00,1179.5,317.6,bench-host-01,peer-scaling-2025-10
PEER-08-R3,8,774426,107,3c4fa384b8f934414369f71b,2025-10-03T16:13:30+01:00,1164.3,317.8,bench-host-01,peer-scaling-2025-10
PEER-08-R3,8,774426,108,2fbb2660d66abd88191d8570,2025-10-03T16:13:30+01:00,1099.4,314.0,bench-host-01,peer-scaling-2025-10
PEER-08-R3,8,774426,109,1139d18c79f502ff2cc263b4,2025-10-03T16:13:31+01:00,1140.2,319.4,bench-host-01,peer-scaling-2025-10
PEER-08-R3,8,774426,110,97924415dc2a0e5e97e106f2,2025-10-03T16:13:31+01:00,1178.1,324.9,bench-host-01,peer-scaling-2025-10
PEER-08-R3,8,774426,111,ac212b809bef17074ad1ef4f,2025-10-03T16:13:32+01:00,1194.4,327.5,bench-host-01,peer-scaling-2025-10
PEER-08-R3,8,774427,112,a770ca07b0d968c815df5281,2025-10-03T16:13:33+01:00,1176.8,326.6,bench-host-01,peer-scaling-2025-10
PEER-08-R3,8,774427,113,54547838285f27bb870f2485,2025-10-03T16:13:33+01:00,1173.3,315.4,bench-host-01,peer-scaling-2025-10
PEER-08-R3,8,774427,114,7b8ed4bd4ff0d8c091e7aa32,2025-10-03T16:13:34+01:00,1118.1,326.5,bench-host-01,peer-scaling-2025-10
PEER-08-R3,8,774427,115,7f89f065d0b4fcf931a09278,2025-10-03T16:13:34+01:00,1038.9,324.4,bench-host-01,peer-scaling-2025-10
PEER-08-R3,8,774427,116,3f61fb0c355dbcdd13380737,2025-10-03T16:13:35+01:00,1173.6,323.0,bench-host-01,peer-scaling-2025-10
PEER-08-R3,8,774427,117,73fa3a484f4569037f1dbe27,2025-10-03T16:13:36+01:00,1132.3,320.7,bench-host-01,peer-scaling-2025-10
PEER-08-R3,8,774427,118,31e381a504373ee71a96f091,2025-10-03T16:13:36+01:00,1239.5,325.0,bench-host-01,peer-scaling-2025-10
PEER-08-R3,8,774427,119,cfafd1eaa99ed64eb26e12be,2025-10-03T16:13:37+01:00,1088.1,327.1,bench-host-01,peer-scaling-2025-10
PEER-08-R3,8,774428,120,d947bfd1b3594e6f305cc9c1,2025-10-03T16:13:37+01:00,1243.0,317.5,bench-host-01,peer-scaling-2025-10
PEER-08-R3,8,774428,121,8bd0bd45833bfcb045fa1c67,2025-10-03T16:13:38+01:00,1138.9,326.4,bench-host-01,peer-scaling-2025-10
PEER-08-R3,8,774428,122,39cd20e7a25f50b8084f3436,2025-10-03T16:13:38+01:00,1222.6,316.5,bench-host-01,peer-scaling-2025-10
PEER-08-R3,8,774428,123,15fc83947cdb1e63faba1a1a,2025-10-03T16:13:39+01:00,1076.6,322.2,bench-host-01,peer-scaling-2025-10
PEER-08-R3,8,774428,124,dbe82c71d7bfd13b8eacaa99,2025-10-03T16:13:40+01:00,1138.8,322.0,bench-host-01,peer-scaling-2025-10
PEER-08-R3,8,774428,125,789cdd3a3df9085084b6cd71,2025-10-03T16:13:40+01:00,1091.3,320.5,bench-host-01,peer-scaling-2025-10
PEER-08-R3,8,774428,126,b8f44e6d993294272e05a288,2025-10-03T16:13:41+01:00,1161.1,317.8,bench-host-01,peer-scaling-2025-10
PEER-08-R3,8,774428,127,bf7d4e1a16de4bd7d2152e2e,2025-10-03T16:13:41+01:00,1084.5,329.5,bench-host-01,peer-scaling-2025-10
PEER-08-R3,8,774428,128,3f9012c0e57a568a2b7a00d3,2025-10-03T16:13:42+01:00,1166.1,318.2,bench-host-01,peer-scaling-2025-10
PEER-08-R3,8,774428,129,bfd3b00fd11c7af09de060f4,2025-10-03T16:13:42+01:00,1261.7,322.7,bench-host-01,peer-scaling-2025-10
PEER-32-R4,32,504704,0,32dc0dba999be0bb6a7430f4,2025-10-03T21:13:43+01:00,837.4,316.0,bench-host-01,peer-scaling-2025-10
PEER-32-R4,32,504704,1,e1080f9db9b1a4376d1515a3,2025-10-03T21:13:43+01:00,826.1,315.6,bench-host-01,peer-scaling-2025-10
PEER-32-R4,32,504704,2,549ed1a4a43987d90d2f4740,2025-10-03T21:13:44+01:00,828.2,317.2,bench-host-01,peer-scaling-2025-10
PEER-32-R4,32,504704,3,558e243af0ca0f271e18d66f,2025-10-03T21:13:44+01:00,853.5,310.3,bench-host-01,peer-scaling-2025-10
PEER-32-R4,32,504704,4,5c9ae7f6cd90bf48353b53b1,2025-10-03T21:13:45+01:00,775.8,315.6,bench-host-01,peer-scaling-2025-10
PEER-32-R4,32,504704,5,1e15b29982fbf6b869a5bd24,2025-10-03T21:13:45+01:00,773.2,323.0,bench-host-01,peer-scaling-2025-10
PEER-32-R4,32,504704,6,0f21050a3944985bd633a4d3,2025-10-03T21:13:45+01:00,814.6,324.3,bench-host-01,peer-scaling-2025-10
PEER-32-R4,32,504704,7,9a68a8d24035aac05e9a90d0,2025-10-03T21:13:46+01:00,799.4,313.9,bench-host-01,peer-scaling-2025-10
PEER-32-R4,32,504704,8,3b6c804cd0e3a18bd242487c,2025-10-03T21:13:46+01:00,794.3,322.0,bench-host-01,peer-scaling-2025-10
PEER-32-R4,32,504704,9,703f3a33973d20aea42c65f9,2025-10-03T21:13:47+01:00,799.7,312.3,bench-host-01,peer-scaling-2025-10
PEER-32-R4,32,504704,10,72f568f763c1f3c80eb2b2f6,2025-10-03T21:13:47+01:00,751.9,319.4,bench-host-01,peer-scaling-2025-10
PEER-32-R4,32,504704,11,ffe998cc208701bc057aba88,2025-10-03T21:13:47+01:00,760.9,316.6,bench-host-01,peer-scaling-2025-10
PEER-32-R4,32,504705,12,e12d1640d5a7f5ea90ad046a,2025-10-03T21:13:48+01:00,883.5,319.4,bench-host-01,peer-scaling-2025-10
PEER-32-R4,32,504705,13,5f70bc79a6a61a3af622c69e,2025-10-03T21:13:48+01:00,751.2,316.7,bench-host-01,peer-scaling-2025-10
PEER-32-R4,32,504705,14,17f943d1b40f887e311b6bb2,2025-10-03T21:13:49+01:00,814.6,316.6,bench-host-01,peer-scaling-2025-10
PEER-32-R4,32,504705,15,8afd0a1bd9fd9396b33fea3b,2025-10-03T21:13:49+01:00,945.0,312.2,bench-host-01,peer-scaling-2025-10
PEER-32-R4,32,504705,16,52d9a15f310a9a6d04479a6e,2025-10-03T21:13:49+01:00,741.2,311.5,bench-host-01,peer-scaling-2025-10
PEER-32-R4,32,504705,17,9693350a77052b9b0d2ef446,2025-10-03T21:13:50+01:00,848.7,310.3,bench-host-01,peer-scaling-2025-10
PEER-32-R4,32,504705,18,6fb7c378e280da99c00de4de,2025-10-03T21:13:50+01:00,846.3,315.1,bench-host-01,peer-scaling-2025-10
PEER-32-R4,32,504705,19,018493370ad7c03664f64580,2025-10-03T21:13:51+01:00,795.3,316.4,bench-host-01,peer-scaling-2025-10
PEER-32-R4,32,504705,20,fbcc69750ba3d4cd4d0049f3,2025-10-03T21:13:51+01:00,821.7,319.1,bench-host-01,peer-scaling-2025-10
PEER-32-R4,32,504705,21,62d56a51461b9f4f41b65e3a,2025-10-03T21:13:52+01:00,703.5,319.6,bench-host-01,peer-scaling-2025-10
PEER-32-R4,32,504705,22,e0c4a6190ba2cae0563b9f12,2025-10-03T21:13:52+01:00,785.8,315.8,bench-host-01,peer-scaling-2025-10
PEER-32-R4,32,504705,23,a9bf3f467de91c5433e152ed,2025-10-03T21:13:52+01:00,737.0,316.5,bench-host-01,peer-scaling-2025-10
PEER-32-R4,32,504706,24,1f016c03b46c8ba1de779ddb,2025-10-03T21:13:53+01:00,861.9,315.1,bench-host-01,peer-scaling-2025-10
PEER-32-R4,32,504706,25,46a806c56e4302cc6a90d730,2025-10-03T21:13:53+01:00,875.4,313.6,bench-host-01,peer-scaling-2025-10
PEER-32-R4,32,504706,26,ff187a19ca41b36fd2fe6bd9,2025-10-03T21:13:54+01:00,791.0,311.3,bench-host-01,peer-scaling-2025-10
PEER-32-R4,32,504706,27,18faabc51b79aabe432fac63,2025-10-03T21:13:54+01:00,921.3,315.2,bench-host-01,peer-scaling-2025-10
PEER-32-R4,32,504706,28,82028a40fb8e67a027c828a7,2025-10-03T21:13:54+01:00,834.2,313.1,bench-host-01,peer-scaling-2025-10
PEER-32-R4,32,504706,29,ddf191bcd8031156af5fc0af,2025-10-03T21:13:55+01:00,864.7,316.0,bench-host-01,peer-scaling-2025-10
PEER-32-R4,32,504706,30,48ca426a895a4a1d68a53d46,2025-10-03T21:13:55+01:00,743.9,312.8,bench-host-01,peer-scaling-2025-10
PEER-32-R4,32,504706,31,4d372b05e0eccb3e3d05b268,2025-10-03T21:13:56+01:00,842.2,321.7,bench-host-01,peer-scaling-2025-10
PEER-32-R4,32,504706,32,4cafcbf81ba9b35b335bf69f,2025-10-03T21:13:56+01:00,853.1,324.9,bench-host-01,peer-scaling-2025-10
PEER-32-R4,32,504706,33,cd5073a1d2ce8a88551ac0c9,2025-10-03T21:13:56+01:00,693.4,329.1,bench-host-01,peer-scaling-2025-10
PEER-32-R4,32,504706,34,79b37f5f45c69b577358c2d7,2025-10-03T21:13:57+01:00,920.8,318.7,bench-host-01,peer-scaling-2025-10
PEER-32-R4,32,504706,35,9821d225ee20f481836dbd15,2025-10-03T21:13:57+01:00,842.0,316.8,bench-host-01,peer-scaling-2025-10
PEER-32-R4,32,504706,36,a3ab29e6097132971aff34d0,2025-10-03T21:13:58+01:00,854.6,315.5,bench-host-01,peer-scaling-2025-10
PEER-32-R4,32,504706,37,1b88e069850663654e2d8c42,2025-10-03T21:13:58+01:00,739.1,307.4,bench-host-01,peer-scaling-2025-10
PEER-32-R4,32,504706,38,8207972b8a2f66443cd4e301,2025-10-03T21:13:58+01:00,855.7,319.6,bench-host-01,peer-scaling-2025-10
PEER-32-R4,32,504706,39,41ada379082e8f3b21bd09b6,2025-10-03T21:13:59+01:00,926.9,312.8,bench-host-01,peer-scaling-2025-10
PEER-32-R4,32,504706,40,a7ee513b9567dadc2e5d4dc1,2025-10-03T21:13:59+01:00,887.8,316.5,bench-host-01,peer-scaling-2025-10
PEER-32-R4,32,504706,41,73597e22eaf6bf7b62aa8955,2025-10-03T21:14:00+01:00,772.6,322.8,bench-host-01,peer-scaling-2025-10
PEER-32-R4,32,504706,42,d4d8957141ab75bf7d06b82b,2025-10-03T21:14:00+01:00,802.5,310.0,bench-host-01,peer-scaling-2025-10
PEER-32-R4,32,504706,43,df6dc402477b1dee2da86325,2025-10-03T21:14:00+01:00,726.5,310.1,bench-host-01,peer-scaling-2025-10
PEER-32-R4,32,504706,44,90a3fa65526eea099052409d,2025-10-03T21:14:01+01:00,826.4,316.6,bench-host-01,peer-scaling-2025-10
PEER-32-R4,32,504706,45,8daf53f2c80f444a07efc1a2,2025-10-03T21:14:01+01:00,858.7,321.1,bench-host-01,peer-scaling-2025-10
PEER-32-R4,32,504706,46,adfa7b84f40a75f9b0594dda,2025-10-03T21:14:02+01:00,851.1,312.5,bench-host-01,peer-scaling-2025-10
PEER-32-R4,32,504706,47,a798c988ca9eeb3e75cb40aa,2025-10-03T21:14:02+01:00,812.3,314.3,bench-host-01,peer-scaling-2025-10
PEER-32-R4,32,504706,48,8a04c88322b3b48298aa5878,2025-10-03T21:14:02+01:00,792.0,314.0,bench-host-01,peer-scaling-2025-10
PEER-32-R4,32,504706,49,185bd7c59b3600a25dd4789e,2025-10-03T21:14:03+01:00,770.2,320.0,bench-host-01,peer-scaling-2025-10
PEER-32-R4,32,504706,50,dd71950d6149cfdf4a3f4011,2025-10-03T21:14:03+01:00,904.7,326.3,bench-host-01,peer-scaling-2025-10
PEER-32-R4,32,504706,51,ee73edccff602fca6a802dc5,2025-10-03T21:14:04+01:00,958.2,321.5,bench-host-01,peer-scaling-2025-10
PEER-32-R4,32,504706,52,1f7ece641e658e6a58fface4,2025-10-03T21:14:04+01:00,826.3,333.5,bench-host-01,peer-scaling-2025-10
PEER-32-R4,32,504706,53,0a1342150a4537796b7b2caf,2025-10-03T21:14:04+01:00,775.0,328.9,bench-host-01,peer-scaling-2025-10
PEER-32-R4,32,504706,54,c6b97d12d39a8b74af6a5c18,2025-10-03T21:14:05+01:00,773.4,318.1,bench-host-01,peer-scaling-2025-10
PEER-32-R4,32,504706,55,1ff9d107bc9c57a90cb1cc45,2025-10-03T21:14:05+01:00,804.5,318.1,bench-host-01,peer-scaling-2025-10
PEER-32-R4,32,504706,56,1b54120acb5a2fda495ae344,2025-10-03T21:14:06+01:00,762.3,319.3,bench-host-01,peer-scaling-2025-10
PEER-32-R4,32,504706,57,0ccd007e49e9a4a2b86d1124,2025-10-03T21:14:06+01:00,771.1,313.8,bench-host-01,peer-scaling-2025-10
PEER-32-R4,32,504706,58,e326c1a803be073368e199b9,2025-10-03T21:14:07+01:00,812.3,313.1,bench-host-01,peer-scaling-2025-10
PEER-32-R4,32,504706,59,9b7fd56ca8adb22573ce845c,2025-10-03T21:14:07+01:00,767.2,321.1,bench-host-01,peer-scaling-2025-10
PEER-32-R4,32,504707,60,18df6ed78e548a8d6cc0d839,2025-10-03T21:14:07+01:00,756.6,310.5,bench-host-01,peer-scaling-2025-10
PEER-32-R4,32,504707,61,aec357bb2ec4b8b9aa0536f8,2025-10-03T21:14:08+01:00,795.2,324.8,bench-host-01,peer-scaling-2025-10
PEER-32-R4,32,504707,62,3af7ed4c0228ec934586cf76,2025-10-03T21:14:08+01:00,799.7,320.5,bench-host-01,peer-scaling-2025-10
PEER-32-R4,32,504707,63,eed49e3352cde6bac4fc377d,2025-10-03T21:14:09+01:00,914.3,317.8,bench-host-01,peer-scaling-2025-10
PEER-32-R4,32,504707,64,b1f9cdf26e9d40116c6786fc,2025-10-03T21:14:09+01:00,777.3,324.9,bench-host-01,peer-scaling-2025-10
PEER-32-R4,32,504707,65,a2ebed8e4a5f6db22f1d1176,2025-10-03T21:14:09+01:00,848.1,321.3,bench-host-01,peer-scaling-2025-10
PEER-32-R4,32,504707,66,5809c28749d091915ae3e112,2025-10-03T21:14:10+01:00,823.5,318.8,bench-host-01,peer-scaling-2025-10
PEER-32-R4,32,504707,67,85009076ca895b645ebd998b,2025-10-03T21:14:10+01:00,817.8,321.7,bench-host-01,peer-scaling-2025-10
PEER-32-R4,32,504707,68,55f0a083e7a5f50458fb3413,2025-10-03T21:14:11+01:00,781.7,316.3,bench-host-01,peer-scaling-2025-10
PEER-32-R4,32,504707,69,35da687bcf2535106b975995,2025-10-03T21:14:11+01:00,745.0,322.9,bench-host-01,peer-scaling-2025-10
PEER-32-R4,32,504708,70,576053f2e45fc220bf170c40,2025-10-03T21:14:11+01:00,793.3,317.2,bench-host-01,peer-scaling-2025-10
PEER-32-R4,32,504708,71,a85e7cc61619a9553eaeaad0,2025-10-03T21:14:12+01:00,788.6,329.5,bench-host-01,peer-scaling-2025-10
PEER-32-R4,32,504709,72,dda79ff7c5dfc579d1324605,2025-10-03T21:14:12+01:00,812.7,315.0,bench-host-01,peer-scaling-2025-10
PEER-32-R4,32,504709,73,32e385d0ff818d6a83f343c9,2025-10-03T21:14:13+01:00,769.3,310.4,bench-host-01,peer-scaling-2025-10
PEER-32-R4,32,504709,74,9791068154afaa6232070e0f,2025-10-03T21:14:13+01:00,752.4,314.9,bench-host-01,peer-scaling-2025-10
PEER-32-R4,32,504709,75,f21b96a8972047fc7e3b8653,2025-10-03T21:14:13+01:00,807.1,321.3,bench-host-01,peer-scaling-2025-10
PEER-32-R4,32,504709,76,ea03634ce2b144d01a3987d9,2025-10-03T21:14:14+01:00,782.9,318.4,bench-host-01,peer-scaling-2025-10
PEER-32-R4,32,504709,77,4c1ffe5ec0aa15002da2580a,2025-10-03T21:14:14+01:00,766.5,313.0,bench-host-01,peer-scaling-2025-10
PEER-32-R4,32,504709,78,6918703b4b48245d6d6bc6c4,2025-10-03T21:14:15+01:00,784.4,317.9,bench-host-01,peer-scaling-2025-10
PEER-32-R4,32,504709,79,67b978d1b3f8ab8b823e6275,2025-10-03T21:14:15+01:00,901.0,320.0,bench-host-01,peer-scaling-2025-10
PEER-32-R4,32,504709,80,2a059928f08a87c0fbf2c45b,2025-10-03T21:14:15+01:00,802.6,320.0,bench-host-01,peer-scaling-2025-10
PEER-32-R4,32,504709,81,2ffdf0bcfdd01aa7615bf258,2025-10-03T21:14:16+01:00,848.3,305.9,bench-host-01,peer-scaling-2025-10
PEER-32-R4,32,504709,82,7379cf70e4ec5493b54fb1bc,2025-10-03T21:14:16+01:00,805.3,325.6,bench-host-01,peer-scaling-2025-10
PEER-32-R4,32,504709,83,e72de26252a533ad307d30e3,2025-10-03T21:14:17+01:00,904.9,315.7,bench-host-01,peer-scaling-2025-10
PEER-32-R4,32,504709,84,fa25209e503e3dbd28815020,2025-10-03T21:14:17+01:00,789.7,311.5,bench-host-01,peer-scaling-2025-10
PEER-32-R4,32,504709,85,1214d6a4ef33986f39226221,2025-10-03T21:14:17+01:00,895.0,316.4,bench-host-01,peer-scaling-2025-10
PEER-32-R4,32,504709,86,673a26dc981cb769cedb2cd9,2025-10-03T21:14:18+01:00,738.2,314.4,bench-host-01,peer-scaling-2025-10
PEER-32-R4,32,504709,87,1693fa90efdb2e73f6b6e4a5,2025-10-03T21:14:18+01:00,685.1,325.2,bench-host-01,peer-scaling-2025-10
PEER-32-R4,32,504709,88,19618bfc5ee887d061d15ab3,2025-10-03T21:14:19+01:00,725.1,322.1,bench-host-01,peer-scaling-2025-10
PEER-32-R4,32,504709,89,9a6b9e661f7c01c03d125df5,2025-10-03T21:14:19+01:00,753.2,321.5,bench-host-01,peer-scaling-2025-10
PEER-32-R4,32,504709,90,a06386211b43e5e462159b11,2025-10-03T21:14:20+01:00,809.6,321.1,bench-host-01,peer-scaling-2025-10
PEER-32-R4,32,504709,91,a65ebc4c67f7db4db733e542,2025-10-03T21:14:20+01:00,727.2,313.9,bench-host-01,peer-scaling-2025-10
PEER-32-R4,32,504709,92,0c22dc31aef7969a4e016a2f,2025-10-03T21:14:20+01:00,873.0,323.7,bench-host-01,peer-scaling-2025-10
PEER-32-R4,32,504709,93,a4dafd0c5d6a8570e19f67ac,2025-10-03T21:14:21+01:00,863.3,311.6,bench-host-01,peer-scaling-2025-10
PEER-32-R4,32,504709,94,3a55ba543dbce24bfb2a4a37,2025-10-03T21:14:21+01:00,732.4,311.7,bench-host-01,peer-scaling-2025-10
PEER-32-R4,32,504709,95,9d6ac8eadffb1c73a6f57683,2025-10-03T21:14:22+01:00,834.8,320.5,bench-host-01,peer-scaling-2025-10
PEER-32-R4,32,504709,96,93d633b0a6bf1f5b15d2bed7,2025-10-03T21:14:22+01:00,870.0,316.7,bench-host-01,peer-scaling-2025-10
PEER-32-R4,32,504709,97,2e83737fa8943d3062be9767,2025-10-03T21:14:22+01:00,855.5,314.3,bench-host-01,peer-scaling-2025-10
PEER-32-R4,32,504709,98,50831a84b608e804eaf74aef,2025-10-03T21:14:23+01:00,784.7,323.6,bench-host-01,peer-scaling-2025-10
PEER-32-R4,32,504709,99,ce9a85fb3368422ee306ea9d,2025-10-03T21:14:23+01:00,872.0,318.4,bench-host-01,peer-scaling-2025-10
PEER-32-R4,32,504710,100,a2e4c61452e10fa41d3ffc8c,2025-10-03T21:14:24+01:00,816.3,316.0,bench-host-01,peer-scaling-2025-10
PEER-32-R4,32,504710,101,94c99dec8097c30bc715e4ec,2025-10-03T21:14:24+01:00,893.8,313.6,bench-host-01,peer-scaling-2025-10
PEER-32-R4,32,504710,102,2e3d627df462cd9795de06ea,2025-10-03T21:14:24+01:00,764.2,319.8,bench-host-01,peer-scaling-2025-10
PEER-32-R4,32,504710,103,31724e0031bdb7ff336745fe,2025-10-03T21:14:25+01:00,775.6,320.8,bench-host-01,peer-scaling-2025-10
PEER-32-R4,32,504710,104,9818b874cb14b252ea6d99b9,2025-10-03T21:14:25+01:00,761.0,316.9,bench-host-01,peer-scaling-2025-10
PEER-32-R4,32,504711,105,076763d18a5d0349e3d3d053,2025-10-03T21:14:26+01:00,747.8,317.6,bench-host-01,peer-scaling-2025-10
PEER-32-R4,32,504711,106,8b62878f0749db16bf64be6b,2025-10-03T21:14:26+01:00,825.0,311.8,bench-host-01,peer-scaling-2025-10
PEER-32-R4,32,504711,107,da692faf7c570f5dff00f107,2025-10-03T21:14:26+01:00,805.2,315.7,bench-host-01,peer-scaling-2025-10
PEER-32-R4,32,504712,108,9262e85cba0e6cfb58200585,2025-10-03T21:14:27+01:00,770.0,314.5,bench-host-01,peer-scaling-2025-10
PEER-32-R4,32,504712,109,6e8603f7b15d44582ce85b5f,2025-10-03T21:14:27+01:00,814.9,316.8,bench-host-01,peer-scaling-2025-10
PEER-32-R4,32,504712,110,a91f231fbeab67a4c522b57d,2025-10-03T21:14:28+01:00,783.1,311.9,bench-host-01,peer-scaling-2025-10
PEER-32-R4,32,504712,111,ac165b317eee6f7c1efdb8d6,2025-10-03T21:14:28+01:00,898.0,325.8,bench-host-01,peer-scaling-2025-10
PEER-32-R4,32,504713,112,bf02161893ed90cf703686de,2025-10-03T21:14:28+01:00,735.1,319.6,bench-host-01,peer-scaling-2025-10
PEER-32-R4,32,504713,113,2daeb883728e1f36ac99a271,2025-10-03T21:14:29+01:00,726.1,320.9,bench-host-01,peer-scaling-2025-10
PEER-32-R4,32,504713,114,9495a7b0a09cae50ae8ae927,2025-10-03T21:14:29+01:00,872.9,305.2,bench-host-01,peer-scaling-2025-10
PEER-32-R4,32,504713,115,03fb29baac7541c10f77db6f,2025-10-03T21:14:30+01:00,842.2,318.2,bench-host-01,peer-scaling-2025-10
PEER-32-R4,32,504713,116,98c7b200c05a6b918eb9fa12,2025-10-03T21:14:30+01:00,798.2,324.0,bench-host-01,peer-scaling-2025-10
PEER-32-R4,32,504714,117,0bd50bf8b1c15362d735b7af,2025-10-03T21:14:30+01:00,939.0,315.1,bench-host-01,peer-scaling-2025-10
PEER-32-R4,32,504714,118,b90537d331b76b3c0e27f12d,2025-10-03T21:14:31+01:00,780.8,318.6,bench-host-01,peer-scaling-2025-10
PEER-32-R4,32,504714,119,2076293c7df434b3838db48c,2025-10-03T21:14:31+01:00,821.9,317.6,bench-host-01,peer-scaling-2025-10
PEER-32-R4,32,504714,120,ccb072602b3854c59f168f16,2025-10-03T21:14:32+01:00,897.6,315.7,bench-host-01,peer-scaling-2025-10
PEER-32-R4,32,504714,121,26825d6ea29c2e9d34f5d024,2025-10-03T21:14:32+01:00,851.7,323.0,bench-host-01,peer-scaling-2025-10
PEER-32-R4,32,504714,122,0c92f99d1740cab7b6613623,2025-10-03T21:14:33+01:00,862.9,320.8,bench-host-01,peer-scaling-2025-10
PEER-32-R4,32,504714,123,68074c40efa11fcbd9bc8ee3,2025-10-03T21:14:33+01:00,758.8,320.1,bench-host-01,peer-scaling-2025-10
PEER-32-R4,32,504714,124,98e8478ab3feae57cd5150db,2025-10-03T21:14:33+01:00,770.2,317.5,bench-host-01,peer-scaling-2025-10
PEER-32-R4,32,504714,125,6e8a62d3923471a51d34a536,2025-10-03T21:14:34+01:00,822.8,319.7,bench-host-01,peer-scaling-2025-10
PEER-32-R4,32,504714,126,3ef837f8842f6dcc18e3abed,2025-10-03T21:14:34+01:00,826.1,322.4,bench-host-01,peer-scaling-2025-10
PEER-32-R4,32,504714,127,f26808b29c360959f14ed777,2025-10-03T21:14:35+01:00,872.0,314.2,bench-host-01,peer-scaling-2025-10
PEER-32-R4,32,504715,128,5073e98d2f5f133ea3656c51,2025-10-03T21:14:35+01:00,847.9,325.1,bench-host-01,peer-scaling-2025-10
PEER-32-R4,32,504715,129,ff6c174d1e82f97eedb03ca8,2025-10-03T21:14:35+01:00,752.4,314.5,bench-host-01,peer-scaling-2025-10
PEER-04-R4,4,756502,0,c169db8edea9103dde8f7669,2025-10-04T02:14:36+01:00,1061.0,317.5,bench-host-01,peer-scaling-2025-10
PEER-04-R4,4,756502,1,cb050eea5d3dc2654b5fb532,2025-10-04T02:14:36+01:00,1174.7,320.3,bench-host-01,peer-scaling-2025-10
PEER-04-R4,4,756502,2,4d826e9a59ff15bc2afc4d10,2025-10-04T02:14:37+01:00,1198.2,324.2,bench-host-01,peer-scaling-2025-10
PEER-04-R4,4,756502,3,11e436ae6ffa252cc551b064,2025-10-04T02:14:38+01:00,1235.3,316.3,bench-host-01,peer-scaling-2025-10
PEER-04-R4,4,756502,4,91549a5b5b655c74df321c32,2025-10-04T02:14:38+01:00,1147.1,323.1,bench-host-01,peer-scaling-2025-10
PEER-04-R4,4,756502,5,407348942c84ffc65fafc7cf,2025-10-04T02:14:39+01:00,1127.8,321.5,bench-host-01,peer-scaling-2025-10
PEER-04-R4,4,756502,6,476a8bf43eb5a5b6364025fb,2025-10-04T02:14:39+01:00,1172.6,317.2,bench-host-01,peer-scaling-2025-10
PEER-04-R4,4,756502,7,a4934d1d212c73beb9d8f481,2025-10-04T02:14:40+01:00,1221.5,329.9,bench-host-01,peer-scaling-2025-10
PEER-04-R4,4,756502,8,7db22c3ca3d4f731fe738ce2,2025-10-04T02:14:41+01:00,1280.3,326.8,bench-host-01,peer-scaling-2025-10
PEER-04-R4,4,756502,9,648e70a0af9750e0d187a7a7,2025-10-04T02:14:41+01:00,1152.2,323.4,bench-host-01,peer-scaling-2025-10
PEER-04-R4,4,756502,10,80813b1d1db665447b508248,2025-10-04T02:14:42+01:00,1198.6,325.9,bench-host-01,peer-scaling-2025-10
PEER-04-R4,4,756503,11,63bae73a274355a654da1496,2025-10-04T02:14:42+01:00,1278.8,325.1,bench-host-01,peer-scaling-2025-10
PEER-04-R4,4,756503,12,53e7c6be929954820c311f10,2025-10-04T02:14:43+01:00,1332.0,320.2,bench-host-01,peer-scaling-2025-10
PEER-04-R4,4,756503,13,ff0884b529401db59a9ba39e,2025-10-04T02:14:44+01:00,1204.9,315.1,bench-host-01,peer-scaling-2025-10
PEER-04-R4,4,756504,14,c9e039df5991e2cc229a191c,2025-10-04T02:14:44+01:00,1115.8,337.5,bench-host-01,peer-scaling-2025-10
PEER-04-R4,4,756504,15,dd387fcf427a9f2295bde251,2025-10-04T02:14:45+01:00,1279.2,322.8,bench-host-01,peer-scaling-2025-10
PEER-04-R4,4,756504,16,f9d114e0f91563d736e02be1,2025-10-04T02:14:45+01:00,1205.4,316.9,bench-host-01,peer-scaling-2025-10
PEER-04-R4,4,756504,17,d83ab62dfff15f39a97b341a,2025-10-04T02:14:46+01:00,1082.2,313.1,bench-host-01,peer-scaling-2025-10
PEER-04-R4,4,756504,18,17144923ec26333b67730cb8,2025-10-04T02:14:47+01:00,1127.7,322.0,bench-host-01,peer-scaling-2025-10
PEER-04-R4,4,756504,19,159082a7f83cdf6a0d49af66,2025-10-04T02:14:47+01:00,1211.5,315.5,bench-host-01,peer-scaling-2025-10
PEER-04-R4,4,756505,20,0dba353a8fcdadaf6f573e1b,2025-10-04T02:14:48+01:00,1262.1,320.6,bench-host-01,peer-scaling-2025-10
PEER-04-R4,4,756505,21,82a6c9d6639ec34921f3b977,2025-10-04T02:14:48+01:00,1205.1,309.9,bench-host-01,peer-scaling-2025-10
PEER-04-R4,4,756505,22,e711fe33304238022cd7a33d,2025-10-04T02:14:49+01:00,1228.5,321.9,bench-host-01,peer-scaling-2025-10
PEER-04-R4,4,756505,23,f6187a7d9980be9927859bed,2025-10-04T02:14:50+01:00,1138.6,322.2,bench-host-01,peer-scaling-2025-10
PEER-04-R4,4,756505,24,bbb02b489fcb1d810541647f,2025-10-04T02:14:50+01:00,1122.4,323.5,bench-host-01,peer-scaling-2025-10
PEER-04-R4,4,756505,25,4bd7ece4e16cac90bb4e3dfe,2025-10-04T02:14:51+01:00,1144.1,326.4,bench-host-01,peer-scaling-2025-10
PEER-04-R4,4,756505,26,44232aeaa14cb0f403ef45b7,2025-10-04T02:14:51+01:00,1072.1,326.9,bench-host-01,peer-scaling-2025-10
PEER-04-R4,4,756505,27,119ecba086335ba66f7da825,2025-10-04T02:14:52+01:00,1127.9,324.1,bench-host-01,peer-scaling-2025-10
PEER-04-R4,4,756505,28,0ab957115dae6f033bbf04bb,2025-10-04T02:14:53+01:00,1071.6,316.8,bench-host-01,peer-scaling-2025-10
PEER-04-R4,4,756505,29,0295eeb90b21dc5f956bc16e,2025-10-04T02:14:53+01:00,1271.3,315.4,bench-host-01,peer-scaling-2025-10
PEER-04-R4,4,756505,30,5f2c2846b2bca4ac0bef37d0,2025-10-04T02:14:54+01:00,1096.8,323.3,bench-host-01,peer-scaling-2025-10
PEER-04-R4,4,756505,31,e3dd67f21b75196b49280c8b,2025-10-04T02:14:54+01:00,1151.1,318.5,bench-host-01,peer-scaling-2025-10
PEER-04-R4,4,756505,32,dd4e826e5a886951dc803834,2025-10-04T02:14:55+01:00,1234.4,314.0,bench-host-01,peer-scaling-2025-10
PEER-04-R4,4,756505,33,a301e1aa8f9d05914dd70176,2025-10-04T02:14:56+01:00,1247.6,324.9,bench-host-01,peer-scaling-2025-10
PEER-04-R4,4,756505,34,f60cc24c776f5d6e8f71f36f,2025-10-04T02:14:56+01:00,1285.0,328.9,bench-host-01,peer-scaling-2025-10
PEER-04-R4,4,756505,35,80fd4116d9165c7983e5037b,2025-10-04T02:14:57+01:00,1072.3,325.9,bench-host-01,peer-scaling-2025-10
PEER-04-R4,4,756505,36,bb44de509f6affaebb19243a,2025-10-04T02:14:57+01:00,1201.5,320.8,bench-host-01,peer-scaling-2025-10
PEER-04-R4,4,756505,37,ac2edb536b557f0d575cfb3c,2025-10-04T02:14:58+01:00,1253.4,319.7,bench-host-01,peer-scaling-2025-10
PEER-04-R4,4,756505,38,86ed4024d188f29485c71862,2025-10-04T02:14:59+01:00,1235.7,328.3,bench-host-01,peer-scaling-2025-10
PEER-04-R4,4,756505,39,b4dcdb8dddead573be0bff8d,2025-10-04T02:14:59+01:00,1221.8,327.9,bench-host-01,peer-scaling-2025-10
PEER-04-R4,4,756505,40,140bb2f80f9ddbbf95ea8cc9,2025-10-04T02:15:00+01:00,1232.6,324.0,bench-host-01,peer-scaling-2025-10
PEER-04-R4,4,756505,41,2410fdea331426846876334e,2025-10-04T02:15:00+01:00,1167.5,323.3,bench-host-01,peer-scaling-2025-10
PEER-04-R4,4,756505,42,ce1901c75550ea5eee307483,2025-10-04T02:15:01+01:00,1155.2,323.6,bench-host-01,peer-scaling-2025-10
PEER-04-R4,4,756505,43,62e2c6b87a0743022a66788a,2025-10-04T02:15:02+01:00,1232.0,313.3,bench-host-01,peer-scaling-2025-10
PEER-04-R4,4,756505,44,d2c9d2c51f43e03445974416,2025-10-04T02:15:02+01:00,1265.1,325.9,bench-host-01,peer-scaling-2025-10
PEER-04-R4,4,756505,45,3fdc364796f8e654c55081fd,2025-10-04T02:15:03+01:00,1159.9,319.4,bench-host-01,peer-scaling-2025-10
PEER-04-R4,4,756505,46,f641cdfd6e9279d7df6833c0,2025-10-04T02:15:03+01:00,1198.2,325.5,bench-host-01,peer-scaling-2025-10
PEER-04-R4,4,756505,47,653c0539573feec2984ab266,2025-10-04T02:15:04+01:00,1203.7,319.2,bench-host-01,peer-scaling-2025-10
PEER-04-R4,4,756505,48,8270c2b0811184cde3f926c4,2025-10-04T02:15:05+01:00,1292.4,322.9,bench-host-01,peer-scaling-2025-10
PEER-04-R4,4,756505,49,8ad0c264d487ac6103309778,2025-10-04T02:15:05+01:00,1135.3,322.9,bench-host-01,peer-scaling-2025-10
PEER-04-R4,4,756506,50,f79bd462981918a9fba2dec6,2025-10-04T02:15:06+01:00,1259.3,328.6,bench-host-01,peer-scaling-2025-10
PEER-04-R4,4,756506,51,a5d1aaa8a18d7d3f9409b828,2025-10-04T02:15:06+01:00,1181.2,319.4,bench-host-01,peer-scaling-2025-10
PEER-04-R4,4,756506,52,4cdecc703bef1b6ffbb881a8,2025-10-04T02:15:07+01:00,1187.8,318.0,bench-host-01,peer-scaling-2025-10
PEER-04-R4,4,756506,53,78f1efc0cc8725f506eb8215,2025-10-04T02:15:08+01:00,1240.0,328.0,bench-host-01,peer-scaling-2025-10
PEER-04-R4,4,756507,54,bea4990ec7e4a854a0b56bab,2025-10-04T02:15:08+01:00,1174.3,320.0,bench-host-01,peer-scaling-2025-10
PEER-04-R4,4,756507,55,cda9f3c34d450854e592f52e,2025-10-04T02:15:09+01:00,1190.9,321.1,bench-host-01,peer-scaling-2025-10
PEER-04-R4,4,756507,56,037fe3ff1f1e7b51d00e6df3,2025-10-04T02:15:09+01:00,1124.3,319.2,bench-host-01,peer-scaling-2025-10
PEER-04-R4,4,756507,57,ce4cd66b4a373fb1bd354009,2025-10-04T02:15:10+01:00,1223.7,321.2,bench-host-01,peer-scaling-2025-10
PEER-04-R4,4,756507,58,ff682604df829651fc0fd13c,2025-10-04T02:15:11+01:00,1173.6,319.6,bench-host-01,peer-scaling-2025-10
PEER-04-R4,4,756507,59,d7652766146fe277470afa43,2025-10-04T02:15:11+01:00,1133.7,327.3,bench-host-01,peer-scaling-2025-10
PEER-04-R4,4,756507,60,0fa83d15ac24789a10a99f3d,2025-10-04T02:15:12+01:00,1145.8,315.4,bench-host-01,peer-scaling-2025-10
PEER-04-R4,4,756507,61,da77228782618fba9102345c,2025-10-04T02:15:12+01:00,1163.4,323.3,bench-host-01,peer-scaling-2025-10
PEER-04-R4,4,756507,62,44dd8c6955f85c83b6ad84e3,2025-10-04T02:15:13+01:00,1192.4,323.0,bench-host-01,peer-scaling-2025-10
PEER-04-R4,4,756507,63,f30dd121e782709848a3abfd,2025-10-04T02:15:14+01:00,1119.1,318.4,bench-host-01,peer-scaling-2025-10
PEER-04-R4,4,756508,64,b108032bff45e8064acbe8f9,2025-10-04T02:15:14+01:00,1155.8,313.1,bench-host-01,peer-scaling-2025-10
PEER-04-R4,4,756508,65,5331ab7dc27806a548348945,2025-10-04T02:15:15+01:00,1325.5,324.7,bench-host-01,peer-scaling-2025-10
PEER-04-R4,4,756508,66,2238e66fbfeac0d4082b22fa,2025-10-04T02:15:16+01:00,1252.1,317.7,bench-host-01,peer-scaling-2025-10
PEER-04-R4,4,756508,67,858f38b58a45a559a9debf0e,2025-10-04T02:15:16+01:00,1284.5,312.0,bench-host-01,peer-scaling-2025-10
PEER-04-R4,4,756508,68,d820535f229c6147504dd965,2025-10-04T02:15:17+01:00,1192.6,326.2,bench-host-01,peer-scaling-2025-10
PEER-04-R4,4,756508,69,34dfd0db586884b5706146a2,2025-10-04T02:15:17+01:00,1101.1,323.2,bench-host-01,peer-scaling-2025-10
PEER-04-R4,4,756508,70,0f8bafb8790bd0e2358e2fbf,2025-10-04T02:15:18+01:00,1213.3,327.2,bench-host-01,peer-scaling-2025-10
PEER-04-R4,4,756508,71,dd6fffccaffcd7e455688023,2025-10-04T02:15:19+01:00,1221.3,317.8,bench-host-01,peer-scaling-2025-10
PEER-04-R4,4,756509,72,e06c86972fa0332d550065cf,2025-10-04T02:15:19+01:00,1261.5,321.5,bench-host-01,peer-scaling-2025-10
PEER-04-R4,4,756509,73,23bc4854dc1dd3694f1368ab,2025-10-04T02:15:20+01:00,1211.8,320.9,bench-host-01,peer-scaling-2025-10
PEER-04-R4,4,756509,74,6800160de92bf3198ee5257b,2025-10-04T02:15:20+01:00,1143.7,331.0,bench-host-01,peer-scaling-2025-10
PEER-04-R4,4,756509,75,0d20d2f5c0e01ea594279834,2025-10-04T02:15:21+01:00,1136.2,321.3,bench-host-01,peer-scaling-2025-10
PEER-04-R4,4,756509,76,efc3661a754ae12d99ed979c,2025-10-04T02:15:22+01:00,1204.6,320.6,bench-host-01,peer-scaling-2025-10
PEER-04-R4,4,756510,77,10dc6e4a678de11ead2ddd41,2025-10-04T02:15:22+01:00,1150.8,321.4,bench-host-01,peer-scaling-2025-10
PEER-04-R4,4,756510,78,fc6d4da52a48d34913b3e53a,2025-10-04T02:15:23+01:00,1228.0,325.8,bench-host-01,peer-scaling-2025-10
PEER-04-R4,4,756510,79,fd517da7408338c880c287ae,2025-10-04T02:15:23+01:00,1211.0,324.8,bench-host-01,peer-scaling-2025-10
PEER-04-R4,4,756510,80,345b60dc1b63f8da8bc9fdb7,2025-10-04T02:15:24+01:00,1202.7,321.1,bench-host-01,peer-scaling-2025-10
PEER-04-R4,4,756510,81,29171bdfd66ab6198d8f4bd9,2025-10-04T02:15:25+01:00,1169.7,334.9,bench-host-01,peer-scaling-2025-10
PEER-04-R4,4,756510,82,f548b488a2d131cda8a57566,2025-10-04T02:15:25+01:00,1278.8,317.6,bench-host-01,peer-scaling-2025-10
PEER-04-R4,4,756510,83,28578d95e2db0297d841d1dd,2025-10-04T02:15:26+01:00,1196.5,321.6,bench-host-01,peer-scaling-2025-10
PEER-04-R4,4,756511,84,00846e301563d5d07f2f944b,2025-10-04T02:15:26+01:00,1189.8,315.6,bench-host-01,peer-scaling-2025-10
PEER-04-R4,4,756511,85,4b521724108aa30b03fae464,2025-10-04T02:15:27+01:00,1177.8,316.9,bench-host-01,peer-scaling-2025-10
PEER-04-R4,4,756511,86,b588294ed206be8d2afa3301,2025-10-04T02:15:28+01:00,1158.5,322.0,bench-host-01,peer-scaling-2025-10
PEER-04-R4,4,756511,87,87afef5fdb675a5c8a47d4d2,2025-10-04T02:15:28+01:00,1308.5,331.3,bench-host-01,peer-scaling-2025-10
PEER-04-R4,4,756511,88,23f04218b659c4945d3c9d24,2025-10-04T02:15:29+01:00,1228.1,320.8,bench-host-01,peer-scaling-2025-10
PEER-04-R4,4,756511,89,c11f3a7adab64212bbb03bb7,2025-10-04T02:15:29+01:00,1175.9,322.7,bench-host-01,peer-scaling-2025-10
PEER-04-R4,4,756512,90,dd5552f685ddbc3cc2ae17d7,2025-10-04T02:15:30+01:00,1149.0,319.2,bench-host-01,peer-scaling-2025-10
PEER-04-R4,4,756512,91,7e3a1599b1bc4371d7778623,2025-10-04T02:15:31+01:00,1229.5,327.3,bench-host-01,peer-scaling-2025-10
PEER-04-R4,4,756512,92,2d3a81d575089f70963436a8,2025-10-04T02:15:31+01:00,1128.8,317.5,bench-host-01,peer-scaling-2025-10
PEER-04-R4,4,756512,93,15f93cd2fee6258b84604ca2,2025-10-04T02:15:32+01:00,1225.4,319.5,bench-host-01,peer-scaling-2025-10
PEER-04-R4,4,756512,94,bb0f4a5b7f13f78f7e6160f2,2025-10-04T02:15:32+01:00,1272.9,322.6,bench-host-01,peer-scaling-2025-10
PEER-04-R4,4,756512,95,7427f5b9ae6b9d5c36ae73aa,2025-10-04T02:15:33+01:00,1360.2,318.6,bench-host-01,peer-scaling-2025-10
PEER-04-R4,4,756512,96,a40491d34e6dadbe15075666,2025-10-04T02:15:34+01:00,1201.0,307.1,bench-host-01,peer-scaling-2025-10
PEER-04-R4,4,756512,97,0fb45aedf5333db321633be3,2025-10-04T02:15:34+01:00,1110.5,317.5,bench-host-01,peer-scaling-2025-10
PEER-04-R4,4,756512,98,d76f54b9b301538a47a6ad9f,2025-10-04T02:15:35+01:00,1278.8,326.2,bench-host-01,peer-scaling-2025-10
PEER-04-R4,4,756512,99,40fd2fce4de67f8971c1ee46,2025-10-04T02:15:35+01:00,1179.4,318.1,bench-host-01,peer-scaling-2025-10
PEER-04-R4,4,756512,100,d3de8a2fa03ff32e030e4f92,2025-10-04T02:15:36+01:00,1153.4,321.0,bench-host-01,peer-scaling-2025-10
PEER-04-R4,4,756512,101,56924c2172537b18215da7b6,2025-10-04T02:15:37+01:00,1241.3,320.4,bench-host-01,peer-scaling-2025-10
PEER-04-R4,4,756512,102,3f4314d9245bb3d979f80665,2025-10-04T02:15:37+01:00,1171.7,319.9,bench-host-01,peer-scaling-2025-10
PEER-04-R4,4,756512,103,4e29b7d1e17047c9d23a0a15,2025-10-04T02:15:38+01:00,1231.5,313.9,bench-host-01,peer-scaling-2025-10
PEER-04-R4,4,756512,104,3b3d2744649096f9214eb56d,2025-10-04T02:15:38+01:00,1164.6,314.3,bench-host-01,peer-scaling-2025-10
PEER-04-R4,4,756512,105,770d3ee064a52fbcb15648c9,2025-10-04T02:15:39+01:00,1282.0,323.1,bench-host-01,peer-scaling-2025-10
PEER-04-R4,4,756512,106,d7e6756d25c073e75ae1d1c8,2025-10-04T02:15:40+01:00,1152.9,325.2,bench-host-01,peer-scaling-2025-10
PEER-04-R4,4,756512,107,8f36852b95c7d803a705218b,2025-10-04T02:15:40+01:00,1221.2,310.6,bench-host-01,peer-scaling-2025-10
PEER-04-R4,4,756513,108,9c732accafd27098c67614d2,2025-10-04T02:15:41+01:00,1217.2,319.6,bench-host-01,peer-scaling-2025-10
PEER-04-R4,4,756513,109,e6fe19f247256b90d317c0a5,2025-10-04T02:15:41+01:00,1227.6,312.1,bench-host-01,peer-scaling-2025-10
PEER-04-R4,4,756513,110,46d378fe5f755c88f1302f45,2025-10-04T02:15:42+01:00,1195.2,316.5,bench-host-01,peer-scaling-2025-10
PEER-04-R4,4,756513,111,2e87c5bbed9e13c62f7bcf12,2025-10-04T02:15:43+01:00,1148.8,322.2,bench-host-01,peer-scaling-2025-10
PEER-04-R4,4,756514,112,028a023f9f85c43f124c55d6,2025-10-04T02:15:43+01:00,1128.0,314.5,bench-host-01,peer-scaling-2025-10
PEER-04-R4,4,756514,113,435119925ecbfbda3340f67d,2025-10-04T02:15:44+01:00,1302.4,319.9,bench-host-01,peer-scaling-2025-10
PEER-04-R4,4,756514,114,ae08343204d9d140dc3e96e7,2025-10-04T02:15:44+01:00,1245.8,319.3,bench-host-01,peer-scaling-2025-10
PEER-04-R4,4,756514,115,d27ef308d8d0aa386ef2df5c,2025-10-04T02:15:45+01:00,1219.6,321.6,bench-host-01,peer-scaling-2025-10
PEER-04-R4,4,756514,116,ceeecdd3a90bb79bd8a55ea7,2025-10-04T02:15:46+01:00,1285.2,319.1,bench-host-01,peer-scaling-2025-10
PEER-04-R4,4,756514,117,60d11902a9e4d06b7abe5a52,2025-10-04T02:15:46+01:00,1220.8,325.9,bench-host-01,peer-scaling-2025-10
PEER-04-R4,4,756514,118,145ae829cdbb5702acb8e6f0,2025-10-04T02:15:47+01:00,1261.5,317.9,bench-host-01,peer-scaling-2025-10
PEER-04-R4,4,756514,119,6291a8be4f5e0da174940a81,2025-10-04T02:15:47+01:00,1197.3,332.6,bench-host-01,peer-scaling-2025-10
PEER-04-R4,4,756515,120,6de068bf183e578df869f2f3,2025-10-04T02:15:48+01:00,1208.3,324.3,bench-host-01,peer-scaling-2025-10
PEER-04-R4,4,756515,121,d8954b1129b57782d324db6b,2025-10-04T02:15:49+01:00,1265.0,317.9,bench-host-01,peer-scaling-2025-10
PEER-04-R4,4,756515,122,1f3271373cc2bff8ba9e43a6,2025-10-04T02:15:49+01:00,1189.4,328.1,bench-host-01,peer-scaling-2025-10
PEER-04-R4,4,756515,123,53464cb914afd869b5a39bd8,2025-10-04T02:15:50+01:00,1360.4,324.3,bench-host-01,peer-scaling-2025-10
PEER-04-R4,4,756515,124,5c54e50fac40641f50585630,2025-10-04T02:15:50+01:00,1247.3,329.6,bench-host-01,peer-scaling-2025-10
PEER-04-R4,4,756515,125,0929cd14641df70d4f825bc9,2025-10-04T02:15:51+01:00,1194.6,326.6,bench-host-01,peer-scaling-2025-10
PEER-04-R4,4,756516,126,fac920c357fd4c20f0608cb6,2025-10-04T02:15:52+01:00,1196.6,320.9,bench-host-01,peer-scaling-2025-10
PEER-04-R4,4,756516,127,5c7f4054400c2ac863c996de,2025-10-04T02:15:52+01:00,1225.4,319.7,bench-host-01,peer-scaling-2025-10
PEER-04-R4,4,756516,128,f898a4861c5845238ce1fec4,2025-10-04T02:15:53+01:00,1243.8,311.1,bench-host-01,peer-scaling-2025-10
PEER-04-R4,4,756516,129,29d03053122cee5e4921772e,2025-10-04T02:15:53+01:00,1186.1,322.5,bench-host-01,peer-scaling-2025-10
PEER-08-R4,8,288206,0,0dce542ecba12d9e2ec72e99,2025-10-04T07:15:54+01:00,1199.8,311.5,bench-host-01,peer-scaling-2025-10
PEER-08-R4,8,288206,1,f184b1c32388ef7436468ded,2025-10-04T07:15:55+01:00,1056.9,323.8,bench-host-01,peer-scaling-2025-10
PEER-08-R4,8,288206,2,bf015391d5a775440e944a4f,2025-10-04T07:15:55+01:00,1133.7,313.5,bench-host-01,peer-scaling-2025-10
PEER-08-R4,8,288206,3,02e4234d1c5cc14f5fed040e,2025-10-04T07:15:56+01:00,1172.6,315.7,bench-host-01,peer-scaling-2025-10
PEER-08-R4,8,288206,4,ada1cf9ff39bccefd2d4929a,2025-10-04T07:15:56+01:00,1247.8,322.9,bench-host-01,peer-scaling-2025-10
PEER-08-R4,8,288206,5,7e3f6f03d529d01859c4b832,2025-10-04T07:15:57+01:00,1265.6,315.3,bench-host-01,peer-scaling-2025-10
PEER-08-R4,8,288206,6,cfee7cb12f02187cf9df2431,2025-10-04T07:15:58+01:00,1141.2,308.1,bench-host-01,peer-scaling-2025-10
PEER-08-R4,8,288206,7,e4f13d3d481b2619aac0a3bd,2025-10-04T07:15:58+01:00,1079.7,316.7,bench-host-01,peer-scaling-2025-10
PEER-08-R4,8,288207,8,38adbfae64457c985ba21956,2025-10-04T07:15:59+01:00,1148.3,327.6,bench-host-01,peer-scaling-2025-10
PEER-08-R4,8,288207,9,e4048c5c3b476a37b1950e01,2025-10-04T07:15:59+01:00,1126.1,324.9,bench-host-01,peer-scaling-2025-10
PEER-08-R4,8,288207,10,624d4a57d9ba8b45ff9b2371,2025-10-04T07:16:00+01:00,1201.8,316.1,bench-host-01,peer-scaling-2025-10
PEER-08-R4,8,288207,11,6e5a80eca41cde75f604451c,2025-10-04T07:16:00+01:00,1077.0,321.3,bench-host-01,peer-scaling-2025-10
PEER-08-R4,8,288207,12,bdafe397d6c82d982b43253f,2025-10-04T07:16:01+01:00,1164.6,315.8,bench-host-01,peer-scaling-2025-10
PEER-08-R4,8,288207,13,d64529ff95b6efd3dbd6b36b,2025-10-04T07:16:02+01:00,1125.9,319.2,bench-host-01,peer-scaling-2025-10
PEER-08-R4,8,288207,14,898e8e24ed6421850fc852f9,2025-10-04T07:16:02+01:00,1264.0,316.8,bench-host-01,peer-scaling-2025-10
PEER-08-R4,8,288207,15,0f7ba452fac859e08685d218,2025-10-04T07:16:03+01:00,1244.1,321.2,bench-host-01,peer-scaling-2025-10
PEER-08-R4,8,288207,16,df581168ed26cc465fb64a22,2025-10-04T07:16:03+01:00,1258.3,321.3,bench-host-01,peer-scaling-2025-10
PEER-08-R4,8,288207,17,72653db0b1defa2dd8500cf3,2025-10-04T07:16:04+01:00,1044.3,322.7,bench-host-01,peer-scaling-2025-10
PEER-08-R4,8,288208,18,25f15e5e0504066d47dab011,2025-10-04T07:16:04+01:00,1198.2,316.6,bench-host-01,peer-scaling-2025-10
PEER-08-R4,8,288208,19,7d690b9a5f4ad2f5d218810a,2025-10-04T07:16:05+01:00,1263.6,324.7,bench-host-01,peer-scaling-2025-10
PEER-08-R4,8,288208,20,90448888db5282c8e4f0d638,2025-10-04T07:16:06+01:00,1082.3,317.9,bench-host-01,peer-scaling-2025-10
PEER-08-R4,8,288208,21,6bb816ff0fe94aa6abd17b08,2025-10-04T07:16:06+01:00,1291.6,325.1,bench-host-01,peer-scaling-2025-10
PEER-08-R4,8,288208,22,f44104bd0c9958a35eb54320,2025-10-04T07:16:07+01:00,1103.4,322.9,bench-host-01,peer-scaling-2025-10
PEER-08-R4,8,288208,23,ddfdeed20508344ad1a6b7d9,2025-10-04T07:16:07+01:00,1205.1,319.9,bench-host-01,peer-scaling-2025-10
PEER-08-R4,8,288208,24,21ce069b134b6b270c201efe,2025-10-04T07:16:08+01:00,1111.2,315.0,bench-host-01,peer-scaling-2025-10
PEER-08-R4,8,288208,25,11e6fbd3b232dc9724317f5d,2025-10-04T07:16:08+01:00,1205.3,324.6,bench-host-01,peer-scaling-2025-10
PEER-08-R4,8,288208,26,53f09f59436e9f5aead4b304,2025-10-04T07:16:09+01:00,1176.9,324.1,bench-host-01,peer-scaling-2025-10
PEER-08-R4,8,288208,27,db6cdb61f70e414bda41b8c3,2025-10-04T07:16:10+01:00,1137.7,326.1,bench-host-01,peer-scaling-2025-10
PEER-08-R4,8,288208,28,07b601e77720eae6c384160a,2025-10-04T07:16:10+01:00,1196.0,325.6,bench-host-01,peer-scaling-2025-10
PEER-08-R4,8,288208,29,8102751dc51bfdd9e989e409,2025-10-04T07:16:11+01:00,1146.5,318.8,bench-host-01,peer-scaling-2025-10
PEER-08-R4,8,288208,30,7152ba21ed6a922f9e946916,2025-10-04T07:16:11+01:00,1213.5,323.1,bench-host-01,peer-scaling-2025-10
PEER-08-R4,8,288208,31,83e2ca34813aa4816c7e6545,2025-10-04T07:16:12+01:00,1188.3,312.4,bench-host-01,peer-scaling-2025-10
PEER-08-R4,8,288208,32,ea30f89745e56f4ee288e874,2025-10-04T07:16:12+01:00,1167.1,321.7,bench-host-01,peer-scaling-2025-10
PEER-08-R4,8,288208,33,434bbb40d8f00a3353ad490e,2025-10-04T07:16:13+01:00,1261.1,316.7,bench-host-01,peer-scaling-2025-10
PEER-08-R4,8,288208,34,fff2323303148b3d17c85a89,2025-10-04T07:16:14+01:00,1035.3,321.3,bench-host-01,peer-scaling-2025-10
PEER-08-R4,8,288208,35,d3c0b96af5af5f8a24b58da7,2025-10-04T07:16:14+01:00,1207.3,315.6,bench-host-01,peer-scaling-2025-10
PEER-08-R4,8,288208,36,d6630842eaf299b5da9f38a9,2025-10-04T07:16:15+01:00,1149.8,317.6,bench-host-01,peer-scaling-2025-10
PEER-08-R4,8,288208,37,f52f1de70d4ee27eb3359690,2025-10-04T07:16:15+01:00,1204.3,317.2,bench-host-01,peer-scaling-2025-10
PEER-08-R4,8,288208,38,d04e65c0650d75f4e96b85e8,2025-10-04T07:16:16+01:00,1122.0,319.0,bench-host-01,peer-scaling-2025-10
PEER-08-R4,8,288208,39,4ef5c400c43079262c8f25c3,2025-10-04T07:16:16+01:00,1154.6,326.8,bench-host-01,peer-scaling-2025-10
PEER-08-R4,8,288208,40,828fcd6939582f252763e628,2025-10-04T07:16:17+01:00,1230.4,315.1,bench-host-01,peer-scaling-2025-10
PEER-08-R4,8,288208,41,a96dfc4313583b52a6313427,2025-10-04T07:16:18+01:00,1100.8,324.9,bench-host-01,peer-scaling-2025-10
PEER-08-R4,8,288208,42,849e441332d729bd3565d62a,2025-10-04T07:16:18+01:00,1162.1,319.1,bench-host-01,peer-scaling-2025-10
PEER-08-R4,8,288208,43,fa753e1fd23b63600cfe06b9,2025-10-04T07:16:19+01:00,1186.6,324.6,bench-host-01,peer-scaling-2025-10
PEER-08-R4,8,288208,44,4ebeb35d82a7d02866d7390f,2025-10-04T07:16:19+01:00,1163.2,314.6,bench-host-01,peer-scaling-2025-10
PEER-08-R4,8,288209,45,f06d391509133cbf705dc293,2025-10-04T07:16:20+01:00,1202.0,314.9,bench-host-01,peer-scaling-2025-10
PEER-08-R4,8,288209,46,e21a8347553a251afb05ffd3,2025-10-04T07:16:21+01:00,1208.9,327.1,bench-host-01,peer-scaling-2025-10
PEER-08-R4,8,288209,47,d4ab95f30cdc93714867b96e,2025-10-04T07:16:21+01:00,1138.9,327.4,bench-host-01,peer-scaling-2025-10
PEER-08-R4,8,288210,48,87314c42673c325760153d0a,2025-10-04T07:16:22+01:00,1190.1,323.6,bench-host-01,peer-scaling-2025-10
PEER-08-R4,8,288210,49,a08b21b879a3d4de21f84b70,2025-10-04T07:16:22+01:00,1171.3,316.4,bench-host-01,peer-scaling-2025-10
PEER-08-R4,8,288210,50,53dd7ad22ebbbd16d92320a0,2025-10-04T07:16:23+01:00,1228.8,313.1,bench-host-01,peer-scaling-2025-10
PEER-08-R4,8,288210,51,903ecbc0a37dca6be76e0473,2025-10-04T07:16:23+01:00,1095.4,321.1,bench-host-01,peer-scaling-2025-10
PEER-08-R4,8,288210,52,eed470995d7208455358580a,2025-10-04T07:16:24+01:00,1266.2,319.3,bench-host-01,peer-scaling-2025-10
PEER-08-R4,8,288210,53,f14c9f90e52dc5a01f0dfb4e,2025-10-04T07:16:25+01:00,1158.6,321.6,bench-host-01,peer-scaling-2025-10
PEER-08-R4,8,288211,54,7ce6d730eaed38779572e7e0,2025-10-04T07:16:25+01:00,1139.0,322.7,bench-host-01,peer-scaling-2025-10
PEER-08-R4,8,288211,55,e8c6f131ef3c04e18afc778f,2025-10-04T07:16:26+01:00,1163.2,322.6,bench-host-01,peer-scaling-2025-10
PEER-08-R4,8,288211,56,f0bf4452d82238321d2a7d52,2025-10-04T07:16:26+01:00,1087.2,310.2,bench-host-01,peer-scaling-2025-10
PEER-08-R4,8,288211,57,37d330574e529d8f59810290,2025-10-04T07:16:27+01:00,1156.3,319.2,bench-host-01,peer-scaling-2025-10
PEER-08-R4,8,288211,58,a6906b939121c7c963afc4ff,2025-10-04T07:16:27+01:00,1122.5,320.8,bench-host-01,peer-scaling-2025-10
PEER-08-R4,8,288211,59,0346c95a8bb05ff8392077a4,2025-10-04T07:16:28+01:00,1155.4,314.9,bench-host-01,peer-scaling-2025-10
PEER-08-R4,8,288211,60,4b6a8ddcf7257bef9c65a9a1,2025-10-04T07:16:29+01:00,1302.8,322.8,bench-host-01,peer-scaling-2025-10
PEER-08-R4,8,288211,61,7a96e59a0d5d92a2f7036e93,2025-10-04T07:16:29+01:00,1209.8,324.2,bench-host-01,peer-scaling-2025-10
PEER-08-R4,8,288211,62,cc97d1a15c84f2b7242311d4,2025-10-04T07:16:30+01:00,1192.2,321.8,bench-host-01,peer-scaling-2025-10
PEER-08-R4,8,288211,63,137807ec4daf629634758484,2025-10-04T07:16:30+01:00,1201.0,326.4,bench-host-01,peer-scaling-2025-10
PEER-08-R4,8,288211,64,392e6ef683d1a4e6500c2fdc,2025-10-04T07:16:31+01:00,1243.9,312.5,bench-host-01,peer-scaling-2025-10
PEER-08-R4,8,288211,65,8b1498d1524e21da6dbd8e03,2025-10-04T07:16:31+01:00,1119.5,321.8,bench-host-01,peer-scaling-2025-10
PEER-08-R4,8,288211,66,73026d28f8bbd967421f1586,2025-10-04T07:16:32+01:00,1067.8,318.7,bench-host-01,peer-scaling-2025-10
PEER-08-R4,8,288211,67,c03d282a786c8afd6e2d5f32,2025-10-04T07:16:33+01:00,1119.6,317.4,bench-host-01,peer-scaling-2025-10
PEER-08-R4,8,288211,68,09044f828bea4e3ecdad4b56,2025-10-04T07:16:33+01:00,1155.8,323.5,bench-host-01,peer-scaling-2025-10
PEER-08-R4,8,288211,69,5b5823ab4364797709333d4a,2025-10-04T07:16:34+01:00,1118.2,322.0,bench-host-01,peer-scaling-2025-10
PEER-08-R4,8,288211,70,ef34f5a36fe18d090de1a82e,2025-10-04T07:16:34+01:00,1142.1,324.9,bench-host-01,peer-scaling-2025-10
PEER-08-R4,8,288211,71,43684446d82f3419c8f0075b,2025-10-04T07:16:35+01:00,1165.3,322.0,bench-host-01,peer-scaling-2025-10
PEER-08-R4,8,288211,72,c1dd1670b4026a9e66c1633e,2025-10-04T07:16:35+01:00,1240.2,319.2,bench-host-01,peer-scaling-2025-10
PEER-08-R4,8,288211,73,26a6d2cc155c8b56da1b91cf,2025-10-04T07:16:36+01:00,1165.4,313.2,bench-host-01,peer-scaling-2025-10
PEER-08-R4,8,288211,74,6bca22444146c23cdccc868b,2025-10-04T07:16:37+01:00,1211.6,319.2,bench-host-01,peer-scaling-2025-10
PEER-08-R4,8,288211,75,689db0f22d09676488110afe,2025-10-04T07:16:37+01:00,1189.5,311.7,bench-host-01,peer-scaling-2025-10
PEER-08-R4,8,288211,76,23845e340d54b4baf9b96e80,2025-10-04T07:16:38+01:00,1147.6,317.4,bench-host-01,peer-scaling-2025-10
PEER-08-R4,8,288211,77,30038711791c1cbb2735de2d,2025-10-04T07:16:38+01:00,1069.7,326.9,bench-host-01,peer-scaling-2025-10
PEER-08-R4,8,288211,78,1bc2d7c34c9177bbfa637df7,2025-10-04T07:16:39+01:00,1108.7,328.7,bench-host-01,peer-scaling-2025-10
PEER-08-R4,8,288211,79,1c07919112402c95aced4e08,2025-10-04T07:16:39+01:00,1169.7,320.2,bench-host-01,peer-scaling-2025-10
PEER-08-R4,8,288211,80,daa7d30dab83729a05414db0,2025-10-04T07:16:40+01:00,1121.7,326.0,bench-host-01,peer-scaling-2025-10
PEER-08-R4,8,288211,81,aa06a458d965ca27d0bc6389,2025-10-04T07:16:41+01:00,1218.0,322.2,bench-host-01,peer-scaling-2025-10
PEER-08-R4,8,288211,82,9cdaf86030e2abab2ef45a12,2025-10-04T07:16:41+01:00,1243.1,333.3,bench-host-01,peer-scaling-2025-10
PEER-08-R4,8,288211,83,0127e1ccf86433b554970bae,2025-10-04T07:16:42+01:00,1182.4,321.0,bench-host-01,peer-scaling-2025-10
PEER-08-R4,8,288211,84,b18e5bf376cbdd3e23bf0ac1,2025-10-04T07:16:42+01:00,1198.2,320.1,bench-host-01,peer-scaling-2025-10
PEER-08-R4,8,288211,85,786704674e40924668f5061f,2025-10-04T07:16:43+01:00,1200.4,327.2,bench-host-01,peer-scaling-2025-10
PEER-08-R4,8,288211,86,bf2c9ae81ede0e0213d6644d,2025-10-04T07:16:43+01:00,1145.1,320.9,bench-host-01,peer-scaling-2025-10
PEER-08-R4,8,288211,87,b16b7668ffe7a646ec42e7f3,2025-10-04T07:16:44+01:00,1134.0,320.8,bench-host-01,peer-scaling-2025-10
PEER-08-R4,8,288211,88,5f6b18f34994818c74520d56,2025-10-04T07:16:45+01:00,1246.6,330.9,bench-host-01,peer-scaling-2025-10
PEER-08-R4,8,288211,89,52869e73dbbdcb1e286cfcfd,2025-10-04T07:16:45+01:00,1002.9,319.4,bench-host-01,peer-scaling-2025-10
PEER-08-R4,8,288212,90,b2ca7d73b24984da8dbe38ad,2025-10-04T07:16:46+01:00,1001.9,317.9,bench-host-01,peer-scaling-2025-10
PEER-08-R4,8,288212,91,5e9741f0bed538b0cc9a3b4c,2025-10-04T07:16:46+01:00,1124.6,323.2,bench-host-01,peer-scaling-2025-10
PEER-08-R4,8,288212,92,f0e2eea85b924e3f44d5c753,2025-10-04T07:16:47+01:00,1194.1,313.9,bench-host-01,peer-scaling-2025-10
PEER-08-R4,8,288212,93,605400efdac394ece43925b3,2025-10-04T07:16:48+01:00,1155.8,320.2,bench-host-01,peer-scaling-2025-10
PEER-08-R4,8,288212,94,1c29f68e194db2d360eb4653,2025-10-04T07:16:48+01:00,1164.6,319.0,bench-host-01,peer-scaling-2025-10
PEER-08-R4,8,288212,95,df92e0289af2bd2d5de8fb77,2025-10-04T07:16:49+01:00,1137.5,323.9,bench-host-01,peer-scaling-2025-10
PEER-08-R4,8,288212,96,9609a91d3605fea607e5024a,2025-10-04T07:16:49+01:00,1093.0,318.5,bench-host-01,peer-scaling-2025-10
PEER-08-R4,8,288212,97,c4a13615569d34869e374444,2025-10-04T07:16:50+01:00,1122.1,312.6,bench-host-01,peer-scaling-2025-10
PEER-08-R4,8,288212,98,e5e7ee0190f2fe610e921518,2025-10-04T07:16:50+01:00,1235.7,318.5,bench-host-01,peer-scaling-2025-10
PEER-08-R4,8,288212,99,685e0a2465fc89542bf429b9,2025-10-04T07:16:51+01:00,999.8,322.7,bench-host-01,peer-scaling-2025-10
PEER-08-R4,8,288212,100,1f173307438776f92d1d4312,2025-10-04T07:16:52+01:00,1171.4,317.9,bench-host-01,peer-scaling-2025-10
PEER-08-R4,8,288212,101,1199fa9f6a8436e97385f531,2025-10-04T07:16:52+01:00,1120.0,321.4,bench-host-01,peer-scaling-2025-10
PEER-08-R4,8,288212,102,35df7d96200c04b10ca87648,2025-10-04T07:16:53+01:00,1126.0,313.7,bench-host-01,peer-scaling-2025-10
PEER-08-R4,8,288212,103,8372dce426d9ecc3c91430f5,2025-10-04T07:16:53+01:00,1184.8,323.8,bench-host-01,peer-scaling-2025-10
PEER-08-R4,8,288212,104,58524b777b3de3f5783629c4,2025-10-04T07:16:54+01:00,1059.5,312.7,bench-host-01,peer-scaling-2025-10
PEER-08-R4,8,288212,105,8407d464cddc768f3b129675,2025-10-04T07:16:54+01:00,1074.0,321.2,bench-host-01,peer-scaling-2025-10
PEER-08-R4,8,288212,106,9333ca9c393980f36d866974,2025-10-04T07:16:55+01:00,1161.5,323.9,bench-host-01,peer-scaling-2025-10
PEER-08-R4,8,288212,107,a05f2bb09a884604cf59ae6b,2025-10-04T07:16:56+01:00,1264.8,314.6,bench-host-01,peer-scaling-2025-10
PEER-08-R4,8,288212,108,7dfe02e71197ff8467ccd5e2,2025-10-04T07:16:56+01:00,1201.5,322.5,bench-host-01,peer-scaling-2025-10
PEER-08-R4,8,288212,109,570d8763769aaa8f1c9e56be,2025-10-04T07:16:57+01:00,1167.1,320.5,bench-host-01,peer-scaling-2025-10
PEER-08-R4,8,288212,110,37b20c0a4a1b86bf49b3d3b0,2025-10-04T07:16:57+01:00,1242.3,313.0,bench-host-01,peer-scaling-2025-10
PEER-08-R4,8,288212,111,5f80de0b137773d4695ef972,2025-10-04T07:16:58+01:00,1221.6,324.8,bench-host-01,peer-scaling-2025-10
PEER-08-R4,8,288212,112,b112de31e46e559a8a2d1549,2025-10-04T07:16:58+01:00,1251.0,326.6,bench-host-01,peer-scaling-2025-10
PEER-08-R4,8,288212,113,8d87422c3cf9ae179d29c4d2,2025-10-04T07:16:59+01:00,1192.5,322.1,bench-host-01,peer-scaling-2025-10
PEER-08-R4,8,288212,114,094349c4a3b5797426f5278d,2025-10-04T07:17:00+01:00,1216.8,326.9,bench-host-01,peer-scaling-2025-10
PEER-08-R4,8,288212,115,e67a5a2278f1eaa1d42ef237,2025-10-04T07:17:00+01:00,1160.3,313.6,bench-host-01,peer-scaling-2025-10
PEER-08-R4,8,288212,116,d5b35d20780cc3f1f744c5c8,2025-10-04T07:17:01+01:00,1134.0,327.1,bench-host-01,peer-scaling-2025-10
PEER-08-R4,8,288212,117,135856b984756135a23a3d4e,2025-10-04T07:17:01+01:00,1121.7,319.7,bench-host-01,peer-scaling-2025-10
PEER-08-R4,8,288212,118,2f84be6bac29a38fe6f0a03d,2025-10-04T07:17:02+01:00,1085.0,319.0,bench-host-01,peer-scaling-2025-10
PEER-08-R4,8,288212,119,019a40df462e5414653007cf,2025-10-04T07:17:02+01:00,1228.8,315.7,bench-host-01,peer-scaling-2025-10
PEER-08-R4,8,288213,120,a8eb542291930ab9b377c077,2025-10-04T07:17:03+01:00,1259.7,325.4,bench-host-01,peer-scaling-2025-10
PEER-08-R4,8,288213,121,8e30d155bf97ff504e3cfeea,2025-10-04T07:17:04+01:00,1130.0,323.6,bench-host-01,peer-scaling-2025-10
PEER-08-R4,8,288213,122,a611ed7acc1efb7364885c4b,2025-10-04T07:17:04+01:00,1246.5,323.7,bench-host-01,peer-scaling-2025-10
PEER-08-R4,8,288213,123,98645d98767bb0ffa90a42a9,2025-10-04T07:17:05+01:00,1250.8,319.3,bench-host-01,peer-scaling-2025-10
PEER-08-R4,8,288213,124,f324198ad604204d5d677238,2025-10-04T07:17:05+01:00,1149.3,318.2,bench-host-01,peer-scaling-2025-10
PEER-08-R4,8,288213,125,fc4594256abc1405211a61e2,2025-10-04T07:17:06+01:00,1184.7,319.8,bench-host-01,peer-scaling-2025-10
PEER-08-R4,8,288213,126,00d7c46095f11d6022ea006a,2025-10-04T07:17:06+01:00,1180.0,327.2,bench-host-01,peer-scaling-2025-10
PEER-08-R4,8,288213,127,f4fda86e464ec84703e4b592,2025-10-04T07:17:07+01:00,1179.5,325.8,bench-host-01,peer-scaling-2025-10
PEER-08-R4,8,288213,128,9e03f2c5e6df5b4575c992b7,2025-10-04T07:17:08+01:00,1182.0,321.3,bench-host-01,peer-scaling-2025-10
PEER-08-R4,8,288213,129,e0788f9076e223f5e0d8a439,2025-10-04T07:17:08+01:00,1163.1,322.7,bench-host-01,peer-scaling-2025-10
PEER-16-R4,16,639919,0,d8ea2f7d8c183353945fd5aa,2025-10-04T12:17:09+01:00,1135.3,329.1,bench-host-01,peer-scaling-2025-10
PEER-16-R4,16,639919,1,a470c141c7874af4248de246,2025-10-04T12:17:09+01:00,1024.4,328.5,bench-host-01,peer-scaling-2025-10
PEER-16-R4,16,639919,2,f17c0ce604d4b9d1408f9459,2025-10-04T12:17:10+01:00,980.6,327.3,bench-host-01,peer-scaling-2025-10
PEER-16-R4,16,639919,3,9c44d31a997fc48029c00a4a,2025-10-04T12:17:10+01:00,1131.3,321.1,bench-host-01,peer-scaling-2025-10
PEER-16-R4,16,639919,4,9841c375a535f97f8dbb4e27,2025-10-04T12:17:11+01:00,1088.6,319.8,bench-host-01,peer-scaling-2025-10
PEER-16-R4,16,639919,5,9df3b1b7f3ec36a02266f385,2025-10-04T12:17:11+01:00,994.9,317.8,bench-host-01,peer-scaling-2025-10
PEER-16-R4,16,639919,6,70daac629ce0f43fb261ebac,2025-10-04T12:17:12+01:00,1156.6,311.9,bench-host-01,peer-scaling-2025-10
PEER-16-R4,16,639919,7,01207c921af484e0f767664d,2025-10-04T12:17:12+01:00,955.3,313.3,bench-host-01,peer-scaling-2025-10
PEER-16-R4,16,639919,8,6e3023916d323e7d64b253d5,2025-10-04T12:17:13+01:00,979.8,325.8,bench-host-01,peer-scaling-2025-10
PEER-16-R4,16,639920,9,ad01a7229fdb9c84b7551936,2025-10-04T12:17:14+01:00,1038.5,317.7,bench-host-01,peer-scaling-2025-10
PEER-16-R4,16,639920,10,b2b034cac187c99c80085bb8,2025-10-04T12:17:14+01:00,1129.9,327.8,bench-host-01,peer-scaling-2025-10
PEER-16-R4,16,639920,11,a13c150a4ea93a33bec70f70,2025-10-04T12:17:15+01:00,1014.9,318.4,bench-host-01,peer-scaling-2025-10
PEER-16-R4,16,639920,12,a2800618d40170198491567d,2025-10-04T12:17:15+01:00,1054.6,326.3,bench-host-01,peer-scaling-2025-10
PEER-16-R4,16,639920,13,08bd182d83c528b591ba2765,2025-10-04T12:17:16+01:00,957.6,320.1,bench-host-01,peer-scaling-2025-10
PEER-16-R4,16,639920,14,ac442706c61e38d027862c27,2025-10-04T12:17:16+01:00,1011.9,322.7,bench-host-01,peer-scaling-2025-10
PEER-16-R4,16,639921,15,7cb46aebc1f1306c6136585b,2025-10-04T12:17:17+01:00,1010.3,318.3,bench-host-01,peer-scaling-2025-10
PEER-16-R4,16,639922,16,74bedea2ae4e7dc72e6b1091,2025-10-04T12:17:17+01:00,1050.1,325.7,bench-host-01,peer-scaling-2025-10
PEER-16-R4,16,639922,17,f9a85d777ea57a0476c27a8c,2025-10-04T12:17:18+01:00,1072.6,319.8,bench-host-01,peer-scaling-2025-10
PEER-16-R4,16,639922,18,ba8e80bbdd7f5de09c6588c7,2025-10-04T12:17:18+01:00,1041.3,321.7,bench-host-01,peer-scaling-2025-10
PEER-16-R4,16,639922,19,e9e1ceffa3f2fbbd87d318a1,2025-10-04T12:17:19+01:00,1102.1,325.1,bench-host-01,peer-scaling-2025-10
PEER-16-R4,16,639923,20,557cb4a87e2ab2f7c4759f3f,2025-10-04T12:17:19+01:00,1033.7,324.3,bench-host-01,peer-scaling-2025-10
PEER-16-R4,16,639923,21,ffdfbe80b01bf5394641e79e,2025-10-04T12:17:20+01:00,1047.3,321.6,bench-host-01,peer-scaling-2025-10
PEER-16-R4,16,639923,22,0f24e33641d9944f88787f4b,2025-10-04T12:17:20+01:00,1039.1,316.3,bench-host-01,peer-scaling-2025-10
PEER-16-R4,16,639923,23,ff2941b7d911b7a7d1ea00cb,2025-10-04T12:17:21+01:00,1054.4,321.0,bench-host-01,peer-scaling-2025-10
PEER-16-R4,16,639923,24,5b1821008f2a8398894f4584,2025-10-04T12:17:21+01:00,948.5,319.0,bench-host-01,peer-scaling-2025-10
PEER-16-R4,16,639923,25,4d6e7f8ad58d4ab68dfd8505,2025-10-04T12:17:22+01:00,1151.1,330.2,bench-host-01,peer-scaling-2025-10
PEER-16-R4,16,639923,26,65d974d48ba78a0bbadd9785,2025-10-04T12:17:23+01:00,1087.7,318.4,bench-host-01,peer-scaling-2025-10
PEER-16-R4,16,639923,27,dd02a0ccd41cd2c4e1f7e94f,2025-10-04T12:17:23+01:00,971.8,323.2,bench-host-01,peer-scaling-2025-10
PEER-16-R4,16,639923,28,325a4326b2f0c19cc916e1b8,2025-10-04T12:17:24+01:00,998.7,332.7,bench-host-01,peer-scaling-2025-10
PEER-16-R4,16,639923,29,595d24dec99ed3cef9704431,2025-10-04T12:17:24+01:00,1052.3,327.4,bench-host-01,peer-scaling-2025-10
PEER-16-R4,16,639923,30,0af07ce991cc9533f4ce738c,2025-10-04T12:17:25+01:00,1045.8,320.7,bench-host-01,peer-scaling-2025-10
PEER-16-R4,16,639923,31,d41d0633c28afa3b92e4b932,2025-10-04T12:17:25+01:00,1058.8,319.3,bench-host-01,peer-scaling-2025-10
PEER-16-R4,16,639923,32,b3ec2545808500428cada37a,2025-10-04T12:17:26+01:00,1073.8,320.4,bench-host-01,peer-scaling-2025-10
PEER-16-R4,16,639923,33,21e2738859f74d04c39362b5,2025-10-04T12:17:26+01:00,1066.7,319.1,bench-host-01,peer-scaling-2025-10
PEER-16-R4,16,639923,34,8e241b77582674c72f835d7c,2025-10-04T12:17:27+01:00,1076.1,326.7,bench-host-01,peer-scaling-2025-10
PEER-16-R4,16,639923,35,e7c51cf6f72de0d532d8bbac,2025-10-04T12:17:27+01:00,1163.8,321.8,bench-host-01,peer-scaling-2025-10
PEER-16-R4,16,639924,36,1061fb7c209681d524261561,2025-10-04T12:17:28+01:00,1070.4,326.2,bench-host-01,peer-scaling-2025-10
PEER-16-R4,16,639924,37,b99dcc35840fcb7bf0be0464,2025-10-04T12:17:28+01:00,1112.3,322.5,bench-host-01,peer-scaling-2025-10
PEER-16-R4,16,639924,38,c9015862e8cc6350003cdfdc,2025-10-04T12:17:29+01:00,1137.6,315.0,bench-host-01,peer-scaling-2025-10
PEER-16-R4,16,639924,39,ca1841bb328ad739392e0c47,2025-10-04T12:17:29+01:00,1036.2,328.8,bench-host-01,peer-scaling-2025-10
PEER-16-R4,16,639924,40,44f38627faf7fca1629cfe85,2025-10-04T12:17:30+01:00,1059.2,318.2,bench-host-01,peer-scaling-2025-10
PEER-16-R4,16,639924,41,0e64f1ed23573613b0aeea7a,2025-10-04T12:17:30+01:00,1061.9,324.1,bench-host-01,peer-scaling-2025-10
PEER-16-R4,16,639924,42,187ab3580db7c196dda584f9,2025-10-04T12:17:31+01:00,1033.1,323.3,bench-host-01,peer-scaling-2025-10
PEER-16-R4,16,639924,43,3a743595297fc99c6fa320a0,2025-10-04T12:17:32+01:00,1059.5,324.1,bench-host-01,peer-scaling-2025-10
PEER-16-R4,16,639924,44,60b58d9d7802b31c88772fbd,2025-10-04T12:17:32+01:00,1067.7,321.7,bench-host-01,peer-scaling-2025-10
PEER-16-R4,16,639924,45,08b559aaff748d1a630b0a15,2025-10-04T12:17:33+01:00,1009.6,325.5,bench-host-01,peer-scaling-2025-10
PEER-16-R4,16,639924,46,7b55186fd8fd97dfd07fa32a,2025-10-04T12:17:33+01:00,1128.1,319.8,bench-host-01,peer-scaling-2025-10
PEER-16-R4,16,639924,47,9303fe8f84b0dbc6dfa82b7f,2025-10-04T12:17:34+01:00,1047.8,324.7,bench-host-01,peer-scaling-2025-10
PEER-16-R4,16,639925,48,a5e0f13385a4681ee2e826f9,2025-10-04T12:17:34+01:00,1147.4,322.7,bench-host-01,peer-scaling-2025-10
PEER-16-R4,16,639925,49,89dcbc8f43bc9bf6e18cb724,2025-10-04T12:17:35+01:00,1070.2,322.2,bench-host-01,peer-scaling-2025-10
PEER-16-R4,16,639925,50,3b9740cbdd901dc4a0fb6289,2025-10-04T12:17:35+01:00,1094.5,324.5,bench-host-01,peer-scaling-2025-10
PEER-16-R4,16,639925,51,73e203308bb62dc16ed48b93,2025-10-04T12:17:36+01:00,917.8,327.2,bench-host-01,peer-scaling-2025-10
PEER-16-R4,16,639925,52,3c36f65d09f455e2e2416c3e,2025-10-04T12:17:36+01:00,1066.4,316.8,bench-host-01,peer-scaling-2025-10
PEER-16-R4,16,639925,53,7867a740f656e49354a4d6d1,2025-10-04T12:17:37+01:00,1102.1,320.3,bench-host-01,peer-scaling-2025-10
PEER-16-R4,16,639925,54,484287ae0964998003619c81,2025-10-04T12:17:37+01:00,995.7,326.3,bench-host-01,peer-scaling-2025-10
PEER-16-R4,16,639926,55,f24a3d2ada420f0c2b4b2c9a,2025-10-04T12:17:38+01:00,1090.9,313.4,bench-host-01,peer-scaling-2025-10
PEER-16-R4,16,639926,56,990735d25f1e7009d20cc028,2025-10-04T12:17:38+01:00,1089.7,312.5,bench-host-01,peer-scaling-2025-10
PEER-16-R4,16,639926,57,daf7ac322da0aa88f482cdbc,2025-10-04T12:17:39+01:00,1147.7,320.5,bench-host-01,peer-scaling-2025-10
PEER-16-R4,16,639926,58,9ed9f7ba6ce52bb952054223,2025-10-04T12:17:39+01:00,1003.8,324.4,bench-host-01,peer-scaling-2025-10
PEER-16-R4,16,639926,59,0e05b689da0efc61b043a63b,2025-10-04T12:17:40+01:00,1058.9,325.6,bench-host-01,peer-scaling-2025-10
PEER-16-R4,16,639926,60,32159e56c252ad734b1510f5,2025-10-04T12:17:40+01:00,1018.1,317.2,bench-host-01,peer-scaling-2025-10
PEER-16-R4,16,639926,61,39d1e8817db12424515a0224,2025-10-04T12:17:41+01:00,1137.5,322.3,bench-host-01,peer-scaling-2025-10
PEER-16-R4,16,639926,62,a418a16af8a30b5a9cf9669d,2025-10-04T12:17:42+01:00,1114.5,328.9,bench-host-01,peer-scaling-2025-10
PEER-16-R4,16,639926,63,a0a5cd8116757dfe227dc7d6,2025-10-04T12:17:42+01:00,1196.7,316.3,bench-host-01,peer-scaling-2025-10
PEER-16-R4,16,639926,64,94672d65666e5ec109bb8a6f,2025-10-04T12:17:43+01:00,1064.8,331.7,bench-host-01,peer-scaling-2025-10
PEER-16-R4,16,639927,65,2b91e79bda30455f8a93ac35,2025-10-04T12:17:43+01:00,945.5,309.3,bench-host-01,peer-scaling-2025-10
PEER-16-R4,16,639927,66,73e492b6d5b75e9272a801c2,2025-10-04T12:17:44+01:00,1049.0,321.5,bench-host-01,peer-scaling-2025-10
PEER-16-R4,16,639927,67,b508997d65480259019d0418,2025-10-04T12:17:44+01:00,1015.2,323.1,bench-host-01,peer-scaling-2025-10
PEER-16-R4,16,639927,68,7181300f3b490ffc7109a702,2025-10-04T12:17:45+01:00,1072.0,313.6,bench-host-01,peer-scaling-2025-10
PEER-16-R4,16,639927,69,c802dd3dde02a29c9e01d86b,2025-10-04T12:17:45+01:00,1000.6,328.9,bench-host-01,peer-scaling-2025-10
PEER-16-R4,16,639927,70,b63720364376aa1a4b07cca0,2025-10-04T12:17:46+01:00,1115.9,320.7,bench-host-01,peer-scaling-2025-10
PEER-16-R4,16,639927,71,4ee4f91362d7a21ffb4b8ead,2025-10-04T12:17:46+01:00,1064.2,324.3,bench-host-01,peer-scaling-2025-10
PEER-16-R4,16,639927,72,d6a002d77e0f10a2b5ff5df2,2025-10-04T12:17:47+01:00,1034.6,322.7,bench-host-01,peer-scaling-2025-10
PEER-16-R4,16,639927,73,f24df38eb1b485ebaf3c63a6,2025-10-04T12:17:47+01:00,1079.8,321.1,bench-host-01,peer-scaling-2025-10
PEER-16-R4,16,639927,74,5a205dd31e58672236f5ef47,2025-10-04T12:17:48+01:00,1046.1,314.8,bench-host-01,peer-scaling-2025-10
PEER-16-R4,16,639927,75,629f6b29d56970c7cc2ccc47,2025-10-04T12:17:48+01:00,1095.3,319.6,bench-host-01,peer-scaling-2025-10
PEER-16-R4,16,639927,76,8541ae1c8d4b19077861ab59,2025-10-04T12:17:49+01:00,1082.8,316.4,bench-host-01,peer-scaling-2025-10
PEER-16-R4,16,639928,77,98c52e9c6c7d32c7d8cc8014,2025-10-04T12:17:49+01:00,1080.1,324.9,bench-host-01,peer-scaling-2025-10
PEER-16-R4,16,639928,78,860163f95a0732e108168bf3,2025-10-04T12:17:50+01:00,1015.9,317.3,bench-host-01,peer-scaling-2025-10
PEER-16-R4,16,639928,79,97bb89eb0f54ada474d8c836,2025-10-04T12:17:51+01:00,1074.9,321.1,bench-host-01,peer-scaling-2025-10
PEER-16-R4,16,639929,80,b263e236703d92ac70757aa9,2025-10-04T12:17:51+01:00,989.1,320.1,bench-host-01,peer-scaling-2025-10
PEER-16-R4,16,639929,81,83f50c7f1beb480ea02b6d1a,2025-10-04T12:17:52+01:00,1003.4,326.1,bench-host-01,peer-scaling-2025-10
PEER-16-R4,16,639929,82,c993e96088d57ce9357a385c,2025-10-04T12:17:52+01:00,1082.4,315.2,bench-host-01,peer-scaling-2025-10
PEER-16-R4,16,639929,83,e58d9cc4d49e256b4d03461d,2025-10-04T12:17:53+01:00,976.4,320.9,bench-host-01,peer-scaling-2025-10
PEER-16-R4,16,639929,84,433d03398ba9dfce8dc836f0,2025-10-04T12:17:53+01:00,1031.4,325.3,bench-host-01,peer-scaling-2025-10
PEER-16-R4,16,639929,85,89579b9bd881748adc7f24d2,2025-10-04T12:17:54+01:00,1001.9,331.3,bench-host-01,peer-scaling-2025-10
PEER-16-R4,16,639929,86,4e0e504cc98accb9b531c4a5,2025-10-04T12:17:54+01:00,1045.4,323.4,bench-host-01,peer-scaling-2025-10
PEER-16-R4,16,639929,87,ffa88e18709851b7226e5892,2025-10-04T12:17:55+01:00,1024.3,324.8,bench-host-01,peer-scaling-2025-10
PEER-16-R4,16,639930,88,b2b2a2db4b924c3b7e57e3a6,2025-10-04T12:17:55+01:00,1053.9,328.6,bench-host-01,peer-scaling-2025-10
PEER-16-R4,16,639930,89,bca696792c7ad43d65d9bdb5,2025-10-04T12:17:56+01:00,968.0,324.2,bench-host-01,peer-scaling-2025-10
PEER-16-R4,16,639930,90,6175fc8188ef11e1837da553,2025-10-04T12:17:56+01:00,1104.4,317.3,bench-host-01,peer-scaling-2025-10
PEER-16-R4,16,639931,91,e2ba4e69f00e475e9d184e8d,2025-10-04T12:17:57+01:00,969.1,323.7,bench-host-01,peer-scaling-2025-10
PEER-16-R4,16,639931,92,ca514c3bf945c918372cc99a,2025-10-04T12:17:57+01:00,1087.8,330.8,bench-host-01,peer-scaling-2025-10
PEER-16-R4,16,639931,93,9d5b4c66afe09f481075ccde,2025-10-04T12:17:58+01:00,1024.5,320.7,bench-host-01,peer-scaling-2025-10
PEER-16-R4,16,639931,94,057a6598f84085bc040cd0fc,2025-10-04T12:17:58+01:00,1099.6,325.1,bench-host-01,peer-scaling-2025-10
PEER-16-R4,16,639931,95,55f719a18c9a55b19c5191e8,2025-10-04T12:17:59+01:00,1146.1,327.2,bench-host-01,peer-scaling-2025-10
PEER-16-R4,16,639931,96,7a398280c353f2e07dd61d12,2025-10-04T12:18:00+01:00,1018.8,325.1,bench-host-01,peer-scaling-2025-10
PEER-16-R4,16,639931,97,d69b42a566d252bb9f1ff849,2025-10-04T12:18:00+01:00,1085.3,320.8,bench-host-01,peer-scaling-2025-10
PEER-16-R4,16,639931,98,96e4303555ee6ae43dfb6670,2025-10-04T12:18:01+01:00,1160.3,323.5,bench-host-01,peer-scaling-2025-10
PEER-16-R4,16,639931,99,06b7d8af187e5ccb0ec6c7b0,2025-10-04T12:18:01+01:00,1009.7,324.1,bench-host-01,peer-scaling-2025-10
PEER-16-R4,16,639931,100,9a09f052c070a56398131a9a,2025-10-04T12:18:02+01:00,1007.9,332.9,bench-host-01,peer-scaling-2025-10
PEER-16-R4,16,639931,101,be5227de2401dd483cf84f58,2025-10-04T12:18:02+01:00,950.3,327.5,bench-host-01,peer-scaling-2025-10
PEER-16-R4,16,639931,102,a5549586a22e2d38a4b18667,2025-10-04T12:18:03+01:00,1080.9,320.0,bench-host-01,peer-scaling-2025-10
PEER-16-R4,16,639931,103,7550b6bb15f273e085850045,2025-10-04T12:18:03+01:00,1022.7,314.8,bench-host-01,peer-scaling-2025-10
PEER-16-R4,16,639931,104,2e7bbfa1138d080b417dfdf0,2025-10-04T12:18:04+01:00,1003.3,313.8,bench-host-01,peer-scaling-2025-10
PEER-16-R4,16,639931,105,306876106a8681a996a16a56,2025-10-04T12:18:04+01:00,1041.0,331.2,bench-host-01,peer-scaling-2025-10
PEER-16-R4,16,639931,106,b6a4fbfde1fd359dc60793df,2025-10-04T12:18:05+01:00,1051.7,337.0,bench-host-01,peer-scaling-2025-10
PEER-16-R4,16,639931,107,e9d2b0631a9dc138ec712b90,2025-10-04T12:18:05+01:00,945.1,326.6,bench-host-01,peer-scaling-2025-10
PEER-16-R4,16,639932,108,8345910200f13063a446c725,2025-10-04T12:18:06+01:00,1086.7,324.5,bench-host-01,peer-scaling-2025-10
PEER-16-R4,16,639932,109,92979e31c0cf9148cf5a4d09,2025-10-04T12:18:06+01:00,985.5,328.3,bench-host-01,peer-scaling-2025-10
PEER-16-R4,16,639932,110,9f8d45a371ef0fd6b94e109d,2025-10-04T12:18:07+01:00,1137.8,323.8,bench-host-01,peer-scaling-2025-10
PEER-16-R4,16,639932,111,83aba5662fade2d7f02d5e3d,2025-10-04T12:18:07+01:00,1135.8,323.0,bench-host-01,peer-scaling-2025-10
PEER-16-R4,16,639932,112,64f7d58efc029e7d405f7c56,2025-10-04T12:18:08+01:00,1078.0,323.1,bench-host-01,peer-scaling-2025-10
PEER-16-R4,16,639932,113,479b38371cd8f774ef48032d,2025-10-04T12:18:08+01:00,1002.2,314.7,bench-host-01,peer-scaling-2025-10
PEER-16-R4,16,639932,114,1ccd40b90d4d2d49ebef7a97,2025-10-04T12:18:09+01:00,1005.3,324.7,bench-host-01,peer-scaling-2025-10
PEER-16-R4,16,639932,115,69e7f7ed16410215a54a2e4f,2025-10-04T12:18:10+01:00,1025.3,325.0,bench-host-01,peer-scaling-2025-10
PEER-16-R4,16,639932,116,6e342c7ad527b847772245ed,2025-10-04T12:18:10+01:00,1041.1,331.5,bench-host-01,peer-scaling-2025-10
PEER-16-R4,16,639932,117,93f92ae5032ee05b17fb2b95,2025-10-04T12:18:11+01:00,1011.6,315.4,bench-host-01,peer-scaling-2025-10
PEER-16-R4,16,639932,118,520ec409382b6287482c728b,2025-10-04T12:18:11+01:00,1152.3,326.9,bench-host-01,peer-scaling-2025-10
PEER-16-R4,16,639932,119,2032bbf542feac45212e8016,2025-10-04T12:18:12+01:00,1100.6,317.0,bench-host-01,peer-scaling-2025-10
PEER-16-R4,16,639932,120,01e01b7060bff78897f48284,2025-10-04T12:18:12+01:00,1048.9,320.6,bench-host-01,peer-scaling-2025-10
PEER-16-R4,16,639932,121,c6b4e29cac475d191649dde1,2025-10-04T12:18:13+01:00,1114.1,328.7,bench-host-01,peer-scaling-2025-10
PEER-16-R4,16,639932,122,de97a88cba71326085c684eb,2025-10-04T12:18:13+01:00,1035.8,328.9,bench-host-01,peer-scaling-2025-10
PEER-16-R4,16,639932,123,d97fbf2f3ef19b4b9fef16d3,2025-10-04T12:18:14+01:00,1171.5,323.7,bench-host-01,peer-scaling-2025-10
PEER-16-R4,16,639932,124,b91aaece0cfe36f27581f283,2025-10-04T12:18:14+01:00,1027.0,325.6,bench-host-01,peer-scaling-2025-10
PEER-16-R4,16,639932,125,da58fd879ae48c53ed6c0af2,2025-10-04T12:18:15+01:00,1075.9,320.9,bench-host-01,peer-scaling-2025-10
PEER-16-R4,16,639932,126,498a32cb0fac0a3d38c8cc9d,2025-10-04T12:18:15+01:00,1015.8,326.8,bench-host-01,peer-scaling-2025-10
PEER-16-R4,16,639932,127,91660bc5fb81debd9d7358c2,2025-10-04T12:18:16+01:00,1099.8,318.2,bench-host-01,peer-scaling-2025-10
PEER-16-R4,16,639932,128,145756f0aec2aeca24f89976,2025-10-04T12:18:16+01:00,1034.5,315.3,bench-host-01,peer-scaling-2025-10
PEER-16-R4,16,639932,129,adccc98f341cc6bb816ed89d,2025-10-04T12:18:17+01:00,977.6,319.4,bench-host-01,peer-scaling-2025-10
PEER-04-R5,4,845565,0,bff130e8d97eff0cc26f6fd6,2025-10-04T17:18:17+01:00,1225.0,321.2,bench-host-01,peer-scaling-2025-10
PEER-04-R5,4,845565,1,4a99707e32043a4be886a3f7,2025-10-04T17:18:18+01:00,1154.4,311.7,bench-host-01,peer-scaling-2025-10
PEER-04-R5,4,845565,2,7f4aeb7e58354e79c80959bc,2025-10-04T17:18:19+01:00,1183.6,324.3,bench-host-01,peer-scaling-2025-10
PEER-04-R5,4,845565,3,5922885be953d7a100d09765,2025-10-04T17:18:19+01:00,1276.8,316.0,bench-host-01,peer-scaling-2025-10
PEER-04-R5,4,845565,4,02f2c0fd4c3d4b808df92e20,2025-10-04T17:18:20+01:00,1095.4,320.1,bench-host-01,peer-scaling-2025-10
PEER-04-R5,4,845565,5,73fc0aa048f5d479d2b10fb5,2025-10-04T17:18:20+01:00,1241.5,330.5,bench-host-01,peer-scaling-2025-10
PEER-04-R5,4,845565,6,50025cf38e1df22af6d611dc,2025-10-04T17:18:21+01:00,1175.1,333.4,bench-host-01,peer-scaling-2025-10
PEER-04-R5,4,845565,7,5b471c5fe81e518d180da714,2025-10-04T17:18:22+01:00,1210.5,317.8,bench-host-01,peer-scaling-2025-10
PEER-04-R5,4,845565,8,865cc7fe4f83f5ca8e507955,2025-10-04T17:18:22+01:00,1283.2,327.3,bench-host-01,peer-scaling-2025-10
PEER-04-R5,4,845565,9,1218cfca06ceed51ad048bb1,2025-10-04T17:18:23+01:00,1162.3,325.8,bench-host-01,peer-scaling-2025-10
PEER-04-R5,4,845565,10,1409a34f57ddf639ebbde29f,2025-10-04T17:18:24+01:00,1279.9,314.1,bench-host-01,peer-scaling-2025-10
PEER-04-R5,4,845565,11,3101413b170897c837e5d1a5,2025-10-04T17:18:24+01:00,1087.3,319.5,bench-host-01,peer-scaling-2025-10
PEER-04-R5,4,845566,12,895c403cc89ff608f7045073,2025-10-04T17:18:25+01:00,1163.2,317.0,bench-host-01,peer-scaling-2025-10
PEER-04-R5,4,845566,13,f5091daf9b1a0c6b63707797,2025-10-04T17:18:25+01:00,1182.5,325.2,bench-host-01,peer-scaling-2025-10
PEER-04-R5,4,845566,14,52935727d4121c5d01af20da,2025-10-04T17:18:26+01:00,1255.2,323.7,bench-host-01,peer-scaling-2025-10
PEER-04-R5,4,845566,15,54445795c51b9b7aeb5063fc,2025-10-04T17:18:27+01:00,1134.4,319.6,bench-host-01,peer-scaling-2025-10
PEER-04-R5,4,845566,16,a012542174b3c69d729d69dc,2025-10-04T17:18:27+01:00,1224.8,324.5,bench-host-01,peer-scaling-2025-10
PEER-04-R5,4,845566,17,e80eb87f5079a10a4e430e49,2025-10-04T17:18:28+01:00,1240.6,311.9,bench-host-01,peer-scaling-2025-10
PEER-04-R5,4,845566,18,4bee84741ecef4a3cb1b3ed9,2025-10-04T17:18:28+01:00,1297.6,326.0,bench-host-01,peer-scaling-2025-10
PEER-04-R5,4,845566,19,b7e62926bdba3d870e3eb1c5,2025-10-04T17:18:29+01:00,1273.7,321.5,bench-host-01,peer-scaling-2025-10
PEER-04-R5,4,845567,20,58261c2e328d0431afa627fd,2025-10-04T17:18:30+01:00,1252.6,326.1,bench-host-01,peer-scaling-2025-10
PEER-04-R5,4,845567,21,ddcfa92c28b85bff4e1c0df9,2025-10-04T17:18:30+01:00,1240.0,331.3,bench-host-01,peer-scaling-2025-10
PEER-04-R5,4,845567,22,d138d261aed11dd4c2697d72,2025-10-04T17:18:31+01:00,1201.4,319.6,bench-host-01,peer-scaling-2025-10
PEER-04-R5,4,845567,23,1f375b17afd65f41e708c764,2025-10-04T17:18:31+01:00,1209.0,331.6,bench-host-01,peer-scaling-2025-10
PEER-04-R5,4,845568,24,dcb1ee1022408318da76cbd4,2025-10-04T17:18:32+01:00,1156.6,322.8,bench-host-01,peer-scaling-2025-10
PEER-04-R5,4,845568,25,cfe8efa264878f7a28cb2c97,2025-10-04T17:18:33+01:00,1269.4,309.3,bench-host-01,peer-scaling-2025-10
PEER-04-R5,4,845568,26,f6810c9ee5c6c3252f89b085,2025-10-04T17:18:33+01:00,1235.8,321.2,bench-host-01,peer-scaling-2025-10
PEER-04-R5,4,845569,27,fda69c3026fe4c971503359f,2025-10-04T17:18:34+01:00,1206.7,326.5,bench-host-01,peer-scaling-2025-10
PEER-04-R5,4,845569,28,851cf2de37dd99af2e13fc6e,2025-10-04T17:18:34+01:00,1219.1,331.0,bench-host-01,peer-scaling-2025-10
PEER-04-R5,4,845569,29,075c35ce3eb965ad8e46a9f4,2025-10-04T17:18:35+01:00,1226.8,318.2,bench-host-01,peer-scaling-2025-10
PEER-04-R5,4,845569,30,134104c6b9f9a71c508cf5d5,2025-10-04T17:18:36+01:00,1162.2,317.1,bench-host-01,peer-scaling-2025-10
PEER-04-R5,4,845569,31,e34adafb0a9d4dc84dcd7f20,2025-10-04T17:18:36+01:00,1086.8,322.3,bench-host-01,peer-scaling-2025-10
PEER-04-R5,4,845569,32,b7666019135466a04b1df57b,2025-10-04T17:18:37+01:00,1056.2,327.6,bench-host-01,peer-scaling-2025-10
PEER-04-R5,4,845569,33,c2e0eb3896c92cf031a61fd6,2025-10-04T17:18:37+01:00,1234.6,316.1,bench-host-01,peer-scaling-2025-10
PEER-04-R5,4,845569,34,8739250f502a6e7ce6c76c83,2025-10-04T17:18:38+01:00,1192.4,320.0,bench-host-01,peer-scaling-2025-10
PEER-04-R5,4,845569,35,0f7d408f64f530333d0ff91a,2025-10-04T17:18:39+01:00,1129.8,319.3,bench-host-01,peer-scaling-2025-10
PEER-04-R5,4,845569,36,54b75b18180c323106cd7b2f,2025-10-04T17:18:39+01:00,1167.2,323.2,bench-host-01,peer-scaling-2025-10
PEER-04-R5,4,845569,37,6fb4cb764d031cb2370ee4ad,2025-10-04T17:18:40+01:00,1239.3,326.9,bench-host-01,peer-scaling-2025-10
PEER-04-R5,4,845569,38,902b9e2482a33d08ed87a158,2025-10-04T17:18:40+01:00,1149.6,324.5,bench-host-01,peer-scaling-2025-10
PEER-04-R5,4,845569,39,5c69b0f312af53ff66223c51,2025-10-04T17:18:41+01:00,1179.2,324.6,bench-host-01,peer-scaling-2025-10
PEER-04-R5,4,845569,40,01f99ef453a7ab4a1376e01c,2025-10-04T17:18:42+01:00,1157.9,313.2,bench-host-01,peer-scaling-2025-10
PEER-04-R5,4,845569,41,0b8717628030eec7d807772f,2025-10-04T17:18:42+01:00,1185.0,322.7,bench-host-01,peer-scaling-2025-10
PEER-04-R5,4,845570,42,acc57d3ccc83abfb28d90ed9,2025-10-04T17:18:43+01:00,1172.4,315.1,bench-host-01,peer-scaling-2025-10
PEER-04-R5,4,845570,43,a0a60c10aaecb05261315498,2025-10-04T17:18:43+01:00,1263.8,318.6,bench-host-01,peer-scaling-2025-10
PEER-04-R5,4,845570,44,28ca2fb0f4d989d3fc040d4a,2025-10-04T17:18:44+01:00,1224.9,308.3,bench-host-01,peer-scaling-2025-10
PEER-04-R5,4,845570,45,54e70a332a659fe9cf40e4c8,2025-10-04T17:18:45+01:00,1163.1,325.6,bench-host-01,peer-scaling-2025-10
PEER-04-R5,4,845570,46,86c9d80f98109ee085c1eec2,2025-10-04T17:18:45+01:00,1159.0,316.2,bench-host-01,peer-scaling-2025-10
PEER-04-R5,4,845570,47,454bbbad061b8b15bd379e43,2025-10-04T17:18:46+01:00,1139.4,317.6,bench-host-01,peer-scaling-2025-10
PEER-04-R5,4,845571,48,bc2586b852397a9681feb042,2025-10-04T17:18:46+01:00,1164.8,318.1,bench-host-01,peer-scaling-2025-10
PEER-04-R5,4,845571,49,000b3594ebb145afb2c859b4,2025-10-04T17:18:47+01:00,1086.4,322.2,bench-host-01,peer-scaling-2025-10
PEER-04-R5,4,845571,50,a36a4cc5dedb2f362d96711e,2025-10-04T17:18:48+01:00,1172.5,319.2,bench-host-01,peer-scaling-2025-10
PEER-04-R5,4,845571,51,8a796e763f2c2c9b54280ae4,2025-10-04T17:18:48+01:00,1193.0,317.5,bench-host-01,peer-scaling-2025-10
PEER-04-R5,4,845571,52,fe598dbcfa7319e479dd6a77,2025-10-04T17:18:49+01:00,1183.3,320.5,bench-host-01,peer-scaling-2025-10
PEER-04-R5,4,845571,53,61f6a77195493afe2345809f,2025-10-04T17:18:49+01:00,1184.0,311.9,bench-host-01,peer-scaling-2025-10
PEER-04-R5,4,845571,54,2335553a15428e052ed45735,2025-10-04T17:18:50+01:00,1272.2,318.0,bench-host-01,peer-scaling-2025-10
PEER-04-R5,4,845571,55,be6d528e2c83723270919a8b,2025-10-04T17:18:51+01:00,1214.5,319.3,bench-host-01,peer-scaling-2025-10
PEER-04-R5,4,845571,56,59d5097587200541b7b0eb8e,2025-10-04T17:18:51+01:00,1228.7,327.3,bench-host-01,peer-scaling-2025-10
PEER-04-R5,4,845571,57,aa661673143dcaec2e869c99,2025-10-04T17:18:52+01:00,1075.0,328.8,bench-host-01,peer-scaling-2025-10
PEER-04-R5,4,845571,58,28867ffab3850153ff3df23f,2025-10-04T17:18:52+01:00,1240.7,319.5,bench-host-01,peer-scaling-2025-10
PEER-04-R5,4,845571,59,9562eb4d1f6f45e9192b1892,2025-10-04T17:18:53+01:00,1110.9,318.2,bench-host-01,peer-scaling-2025-10
PEER-04-R5,4,845572,60,b2b99da82d0c061f2b1f1d98,2025-10-04T17:18:54+01:00,1162.2,321.9,bench-host-01,peer-scaling-2025-10
PEER-04-R5,4,845572,61,0565fcf9a723cdc71cfe86fc,2025-10-04T17:18:54+01:00,1168.1,313.2,bench-host-01,peer-scaling-2025-10
PEER-04-R5,4,845572,62,21b20a331279193f48bddf37,2025-10-04T17:18:55+01:00,1128.2,316.9,bench-host-01,peer-scaling-2025-10
PEER-04-R5,4,845572,63,1db79ed993b8c305a666efc7,2025-10-04T17:18:55+01:00,1264.0,326.3,bench-host-01,peer-scaling-2025-10
PEER-04-R5,4,845572,64,391fd85046bcc6fe52ef43b0,2025-10-04T17:18:56+01:00,1114.7,314.0,bench-host-01,peer-scaling-2025-10
PEER-04-R5,4,845573,65,fab54b372fe0c93c72c14fbd,2025-10-04T17:18:57+01:00,1242.3,332.0,bench-host-01,peer-scaling-2025-10
PEER-04-R5,4,845574,66,c3ad38e78ca456042be602d6,2025-10-04T17:18:57+01:00,1109.5,332.0,bench-host-01,peer-scaling-2025-10
PEER-04-R5,4,845574,67,5967156b9c761c0c45914cfd,2025-10-04T17:18:58+01:00,1232.0,325.3,bench-host-01,peer-scaling-2025-10
PEER-04-R5,4,845574,68,a85dd898fca16c8fc2ac155d,2025-10-04T17:18:58+01:00,1132.0,324.4,bench-host-01,peer-scaling-2025-10
PEER-04-R5,4,845574,69,f071b7c0c2dc724ac2ca2920,2025-10-04T17:18:59+01:00,1176.8,316.2,bench-host-01,peer-scaling-2025-10
PEER-04-R5,4,845574,70,3f626b6f27e96e8c3947fa1b,2025-10-04T17:19:00+01:00,1141.0,324.0,bench-host-01,peer-scaling-2025-10
PEER-04-R5,4,845574,71,5739f6d8eb6e52b66ae88be2,2025-10-04T17:19:00+01:00,1187.1,316.9,bench-host-01,peer-scaling-2025-10
PEER-04-R5,4,845574,72,d550d51145de4d299374dcf5,2025-10-04T17:19:01+01:00,1170.9,324.0,bench-host-01,peer-scaling-2025-10
PEER-04-R5,4,845574,73,f0e222612af5c1519c7aef9a,2025-10-04T17:19:01+01:00,1168.9,324.5,bench-host-01,peer-scaling-2025-10
PEER-04-R5,4,845574,74,e5066bc92d3d7e1d0c0cd7bd,2025-10-04T17:19:02+01:00,1235.9,318.5,bench-host-01,peer-scaling-2025-10
PEER-04-R5,4,845574,75,8a1ac4d3939bd41413f9266d,2025-10-04T17:19:03+01:00,1197.5,317.7,bench-host-01,peer-scaling-2025-10
PEER-04-R5,4,845574,76,7b5a47385a29325ee4bf216d,2025-10-04T17:19:03+01:00,1323.9,314.2,bench-host-01,peer-scaling-2025-10
PEER-04-R5,4,845574,77,05f25e2406876e754eb856fa,2025-10-04T17:19:04+01:00,1162.6,325.2,bench-host-01,peer-scaling-2025-10
PEER-04-R5,4,845574,78,a7562e25e1e72996a9686041,2025-10-04T17:19:04+01:00,1234.1,312.8,bench-host-01,peer-scaling-2025-10
PEER-04-R5,4,845574,79,90b212f19daa8ffac3bfc0f6,2025-10-04T17:19:05+01:00,1301.3,324.6,bench-host-01,peer-scaling-2025-10
PEER-04-R5,4,845574,80,c5d89f0c713d3510c140d1b0,2025-10-04T17:19:06+01:00,1153.5,325.0,bench-host-01,peer-scaling-2025-10
PEER-04-R5,4,845575,81,178c58f199f6a6b725aafc80,2025-10-04T17:19:06+01:00,1167.8,317.3,bench-host-01,peer-scaling-2025-10
PEER-04-R5,4,845575,82,46b93e7f636f16d4f8fad512,2025-10-04T17:19:07+01:00,1144.2,320.1,bench-host-01,peer-scaling-2025-10
PEER-04-R5,4,845575,83,e18fa7f37ca432b6990a2f59,2025-10-04T17:19:07+01:00,1257.0,320.7,bench-host-01,peer-scaling-2025-10
PEER-04-R5,4,845575,84,7fde65a4f5cc7d026bacc357,2025-10-04T17:19:08+01:00,1259.6,327.5,bench-host-01,peer-scaling-2025-10
PEER-04-R5,4,845575,85,8afe9e42c47adf1e355b7b75,2025-10-04T17:19:09+01:00,1182.4,322.3,bench-host-01,peer-scaling-2025-10
PEER-04-R5,4,845575,86,07e40a45cb994c171fe4ed5c,2025-10-04T17:19:09+01:00,1243.7,326.7,bench-host-01,peer-scaling-2025-10
PEER-04-R5,4,845575,87,cd49d2240a12a7e4ced9212e,2025-10-04T17:19:10+01:00,1216.8,329.2,bench-host-01,peer-scaling-2025-10
PEER-04-R5,4,845575,88,3b121ec30056607ce380b502,2025-10-04T17:19:10+01:00,1173.2,318.1,bench-host-01,peer-scaling-2025-10
PEER-04-R5,4,845575,89,ed06d2c364c48d11ea1fd22b,2025-10-04T17:19:11+01:00,1196.2,317.4,bench-host-01,peer-scaling-2025-10
PEER-04-R5,4,845575,90,8335685500c16e4e09ab7e26,2025-10-04T17:19:12+01:00,1159.3,323.0,bench-host-01,peer-scaling-2025-10
PEER-04-R5,4,845575,91,e5d560c34c68419a008c3837,2025-10-04T17:19:12+01:00,1169.6,325.8,bench-host-01,peer-scaling-2025-10
PEER-04-R5,4,845575,92,769d2927a9545a09c64de4fb,2025-10-04T17:19:13+01:00,1238.4,325.3,bench-host-01,peer-scaling-2025-10
PEER-04-R5,4,845575,93,a2f77fcb2b5b8756e4d85869,2025-10-04T17:19:14+01:00,1250.6,310.0,bench-host-01,peer-scaling-2025-10
PEER-04-R5,4,845575,94,dc98a7cddb0737a7674da8c2,2025-10-04T17:19:14+01:00,1243.0,318.3,bench-host-01,peer-scaling-2025-10
PEER-04-R5,4,845575,95,4d7a6caf914b0bf0a315d808,2025-10-04T17:19:15+01:00,1221.0,317.8,bench-host-01,peer-scaling-2025-10
PEER-04-R5,4,845575,96,4cf8c0dee37187ad03026b71,2025-10-04T17:19:15+01:00,1051.1,330.2,bench-host-01,peer-scaling-2025-10
PEER-04-R5,4,845575,97,8576f578bb54b259507328ef,2025-10-04T17:19:16+01:00,1229.0,321.5,bench-host-01,peer-scaling-2025-10
PEER-04-R5,4,845575,98,b90680afa82acd4b169ff880,2025-10-04T17:19:17+01:00,1219.1,316.1,bench-host-01,peer-scaling-2025-10
PEER-04-R5,4,845576,99,3235a43aee0db0962368c9a3,2025-10-04T17:19:17+01:00,1157.2,317.1,bench-host-01,peer-scaling-2025-10
PEER-04-R5,4,845576,100,df0920740227aae497d11e4d,2025-10-04T17:19:18+01:00,1277.0,326.5,bench-host-01,peer-scaling-2025-10
PEER-04-R5,4,845576,101,4d62e06a0c575cd6af18319e,2025-10-04T17:19:18+01:00,1185.3,317.5,bench-host-01,peer-scaling-2025-10
PEER-04-R5,4,845576,102,876b7f2f05657b169c356215,2025-10-04T17:19:19+01:00,1231.9,315.1,bench-host-01,peer-scaling-2025-10
PEER-04-R5,4,845576,103,d903c681b117504bce39327c,2025-10-04T17:19:20+01:00,1157.0,327.7,bench-host-01,peer-scaling-2025-10
PEER-04-R5,4,845576,104,53eca022f32dc3c851f08743,2025-10-04T17:19:20+01:00,1342.8,320.0,bench-host-01,peer-scaling-2025-10
PEER-04-R5,4,845576,105,18c0cdce532219608f06e8c4,2025-10-04T17:19:21+01:00,1209.2,322.6,bench-host-01,peer-scaling-2025-10
PEER-04-R5,4,845576,106,19c5f2f09062b77fbee65759,2025-10-04T17:19:21+01:00,1257.5,329.2,bench-host-01,peer-scaling-2025-10
PEER-04-R5,4,845576,107,18612812f7e2916aa112e233,2025-10-04T17:19:22+01:00,1203.6,324.6,bench-host-01,peer-scaling-2025-10
PEER-04-R5,4,845576,108,fc0e8a8ddf683948877ea1aa,2025-10-04T17:19:23+01:00,1125.6,317.0,bench-host-01,peer-scaling-2025-10
PEER-04-R5,4,845576,109,e1cc23f40b9721a6c141a635,2025-10-04T17:19:23+01:00,1204.9,327.6,bench-host-01,peer-scaling-2025-10
PEER-04-R5,4,845576,110,df85f3a25c1c1e9f4ea91ae0,2025-10-04T17:19:24+01:00,1181.2,330.1,bench-host-01,peer-scaling-2025-10
PEER-04-R5,4,845576,111,25918f62b6aeb3797bd19f15,2025-10-04T17:19:24+01:00,1278.9,327.3,bench-host-01,peer-scaling-2025-10
PEER-04-R5,4,845576,112,f5fca5fa9d791426e8afc3aa,2025-10-04T17:19:25+01:00,1201.6,320.9,bench-host-01,peer-scaling-2025-10
PEER-04-R5,4,845576,113,a3612455bb50ddb8e8861775,2025-10-04T17:19:26+01:00,1220.8,321.0,bench-host-01,peer-scaling-2025-10
PEER-04-R5,4,845576,114,52f2183c19dca59f0db64a8f,2025-10-04T17:19:26+01:00,1251.0,330.4,bench-host-01,peer-scaling-2025-10
PEER-04-R5,4,845576,115,2b0a2c37de895d5cbfbe283f,2025-10-04T17:19:27+01:00,1300.1,318.1,bench-host-01,peer-scaling-2025-10
PEER-04-R5,4,845576,116,8737ef3af979558787c501d4,2025-10-04T17:19:27+01:00,1216.9,316.5,bench-host-01,peer-scaling-2025-10
PEER-04-R5,4,845576,117,2bde054055154c5b998ed497,2025-10-04T17:19:28+01:00,1314.0,320.1,bench-host-01,peer-scaling-2025-10
PEER-04-R5,4,845576,118,61e9420a752a877047677ba3,2025-10-04T17:19:29+01:00,1175.9,328.0,bench-host-01,peer-scaling-2025-10
PEER-04-R5,4,845576,119,03b4fad7c6de86e4ae30edab,2025-10-04T17:19:29+01:00,1233.1,317.9,bench-host-01,peer-scaling-2025-10
PEER-04-R5,4,845577,120,b99c2a80091d0177c837a9af,2025-10-04T17:19:30+01:00,1258.1,320.5,bench-host-01,peer-scaling-2025-10
PEER-04-R5,4,845578,121,ca8b9d4881ec366ec68ad72f,2025-10-04T17:19:30+01:00,1179.8,321.2,bench-host-01,peer-scaling-2025-10
PEER-04-R5,4,845578,122,4e49286882c31bc74c422e8b,2025-10-04T17:19:31+01:00,1160.8,324.7,bench-host-01,peer-scaling-2025-10
PEER-04-R5,4,845578,123,bed55d1034c6eaef09d70823,2025-10-04T17:19:32+01:00,1247.5,321.9,bench-host-01,peer-scaling-2025-10
PEER-04-R5,4,845578,124,46d705179a100b9dbef475a6,2025-10-04T17:19:32+01:00,1366.8,320.5,bench-host-01,peer-scaling-2025-10
PEER-04-R5,4,845578,125,9a502d319e7b233e30f0d652,2025-10-04T17:19:33+01:00,1227.3,318.0,bench-host-01,peer-scaling-2025-10
PEER-04-R5,4,845578,126,1acf3a305c0151fa98641fd7,2025-10-04T17:19:33+01:00,1153.9,324.0,bench-host-01,peer-scaling-2025-10
PEER-04-R5,4,845578,127,a1832530b44162873e7383af,2025-10-04T17:19:34+01:00,1231.8,322.5,bench-host-01,peer-scaling-2025-10
PEER-04-R5,4,845578,128,6dc2c193a8d713caff570d45,2025-10-04T17:19:35+01:00,1201.3,324.9,bench-host-01,peer-scaling-2025-10
PEER-04-R5,4,845578,129,cf677e1d4b4983d76c1c73da,2025-10-04T17:19:35+01:00,1234.8,316.5,bench-host-01,peer-scaling-2025-10
PEER-32-R5,32,143971,0,45cf7ff7619db55bce9a5209,2025-10-04T22:19:36+01:00,882.7,315.2,bench-host-01,peer-scaling-2025-10
PEER-32-R5,32,143971,1,0bee48b68765243fdf935363,2025-10-04T22:19:36+01:00,818.7,316.3,bench-host-01,peer-scaling-2025-10
PEER-32-R5,32,143971,2,d84336820ffdc10ddc34206b,2025-10-04T22:19:37+01:00,797.4,318.7,bench-host-01,peer-scaling-2025-10
PEER-32-R5,32,143971,3,bd604e38e317d69f7a7995cd,2025-10-04T22:19:37+01:00,879.7,327.4,bench-host-01,peer-scaling-2025-10
PEER-32-R5,32,143971,4,03bc9cd72a16ec6c1aba3e5a,2025-10-04T22:19:37+01:00,762.6,312.9,bench-host-01,peer-scaling-2025-10
PEER-32-R5,32,143971,5,41be09aa31a0ff50673b6680,2025-10-04T22:19:38+01:00,756.9,310.5,bench-host-01,peer-scaling-2025-10
PEER-32-R5,32,143971,6,f91fbbd2ff227ee4b07d097d,2025-10-04T22:19:38+01:00,726.2,325.8,bench-host-01,peer-scaling-2025-10
PEER-32-R5,32,143971,7,e4903969017fc914462c18b8,2025-10-04T22:19:39+01:00,796.7,310.5,bench-host-01,peer-scaling-2025-10
PEER-32-R5,32,143971,8,5c101c5761b52f6241268510,2025-10-04T22:19:39+01:00,870.8,302.4,bench-host-01,peer-scaling-2025-10
PEER-32-R5,32,143971,9,95673357928e97c8e98f27b5,2025-10-04T22:19:39+01:00,720.1,316.6,bench-host-01,peer-scaling-2025-10
PEER-32-R5,32,143971,10,12095516a30945fa3854954f,2025-10-04T22:19:40+01:00,768.1,320.0,bench-host-01,peer-scaling-2025-10
PEER-32-R5,32,143971,11,e97a22c6d945e2c2737e7355,2025-10-04T22:19:40+01:00,866.5,316.4,bench-host-01,peer-scaling-2025-10
PEER-32-R5,32,143971,12,a618e9d8ec94cf8ff46e6a7e,2025-10-04T22:19:41+01:00,789.3,311.8,bench-host-01,peer-scaling-2025-10
PEER-32-R5,32,143971,13,72eee0b5f5ef74bae31b7658,2025-10-04T22:19:41+01:00,750.9,316.0,bench-host-01,peer-scaling-2025-10
PEER-32-R5,32,143971,14,555fd781f4bd32d96713b4d1,2025-10-04T22:19:41+01:00,775.1,321.7,bench-host-01,peer-scaling-2025-10
PEER-32-R5,32,143971,15,47bff0b2c65821dd3ec4c753,2025-10-04T22:19:42+01:00,809.3,317.0,bench-host-01,peer-scaling-2025-10
PEER-32-R5,32,143971,16,da71cb9cd678fd7cb3c6e92b,2025-10-04T22:19:42+01:00,774.9,318.5,bench-host-01,peer-scaling-2025-10
PEER-32-R5,32,143971,17,7b309d14eee706bba9c7b901,2025-10-04T22:19:43+01:00,811.0,322.8,bench-host-01,peer-scaling-2025-10
PEER-32-R5,32,143971,18,70971f73e33284e71c52eebc,2025-10-04T22:19:43+01:00,840.1,312.1,bench-host-01,peer-scaling-2025-10
PEER-32-R5,32,143971,19,e6ff30ff6a3700f6a1f6a85b,2025-10-04T22:19:44+01:00,817.7,312.8,bench-host-01,peer-scaling-2025-10
PEER-32-R5,32,143971,20,b4c97cf07d743510b9518297,2025-10-04T22:19:44+01:00,839.0,315.9,bench-host-01,peer-scaling-2025-10
PEER-32-R5,32,143971,21,fbf1bb255da7e46b5c6db68e,2025-10-04T22:19:44+01:00,810.0,303.2,bench-host-01,peer-scaling-2025-10
PEER-32-R5,32,143971,22,36d10dda99b19f2b76158f18,2025-10-04T22:19:45+01:00,776.7,319.9,bench-host-01,peer-scaling-2025-10
PEER-32-R5,32,143971,23,4fc5f8cfac4d49473d60e2af,2025-10-04T22:19:45+01:00,888.9,318.4,bench-host-01,peer-scaling-2025-10
PEER-32-R5,32,143971,24,90206b3544b33192e5ab3dc4,2025-10-04T22:19:46+01:00,876.7,325.2,bench-host-01,peer-scaling-2025-10
PEER-32-R5,32,143971,25,b9e0a848885db5679808933f,2025-10-04T22:19:46+01:00,796.7,324.7,bench-host-01,peer-scaling-2025-10
PEER-32-R5,32,143972,26,fcf0476efd9415745cbe2142,2025-10-04T22:19:46+01:00,873.1,323.8,bench-host-01,peer-scaling-2025-10
PEER-32-R5,32,143972,27,6c67945be1527724fac8ec6a,2025-10-04T22:19:47+01:00,863.9,317.6,bench-host-01,peer-scaling-2025-10
PEER-32-R5,32,143972,28,9b31c055b13dc63b17521e16,2025-10-04T22:19:47+01:00,787.3,315.3,bench-host-01,peer-scaling-2025-10
PEER-32-R5,32,143972,29,093c0036b6f362d93c06d743,2025-10-04T22:19:48+01:00,844.9,313.8,bench-host-01,peer-scaling-2025-10
PEER-32-R5,32,143972,30,9f4c40a71dc3851140c5f399,2025-10-04T22:19:48+01:00,702.8,310.3,bench-host-01,peer-scaling-2025-10
PEER-32-R5,32,143972,31,2a6c6629a7fb32a2a345786f,2025-10-04T22:19:48+01:00,802.8,327.8,bench-host-01,peer-scaling-2025-10
PEER-32-R5,32,143972,32,5008191c2699f3b99b2d732e,2025-10-04T22:19:49+01:00,872.9,324.5,bench-host-01,peer-scaling-2025-10
PEER-32-R5,32,143972,33,08363b4bba43b3f728d73146,2025-10-04T22:19:49+01:00,818.8,312.0,bench-host-01,peer-scaling-2025-10
PEER-32-R5,32,143972,34,efabfc7006654aa373953ba8,2025-10-04T22:19:50+01:00,719.4,316.7,bench-host-01,peer-scaling-2025-10
PEER-32-R5,32,143972,35,d08f897eb5252af5585b09d1,2025-10-04T22:19:50+01:00,859.9,316.0,bench-host-01,peer-scaling-2025-10
PEER-32-R5,32,143973,36,0b03702a14778d93e20d76ca,2025-10-04T22:19:50+01:00,747.6,323.1,bench-host-01,peer-scaling-2025-10
PEER-32-R5,32,143973,37,a35db867bee61a0aa4f3b683,2025-10-04T22:19:51+01:00,813.8,312.8,bench-host-01,peer-scaling-2025-10
PEER-32-R5,32,143973,38,d52e7e33a668a686e0d72f3d,2025-10-04T22:19:51+01:00,827.8,316.3,bench-host-01,peer-scaling-2025-10
PEER-32-R5,32,143973,39,290ae2cada04061e530132ca,2025-10-04T22:19:52+01:00,772.4,315.3,bench-host-01,peer-scaling-2025-10
PEER-32-R5,32,143973,40,b873dcb36ebba647890c909d,2025-10-04T22:19:52+01:00,840.8,318.1,bench-host-01,peer-scaling-2025-10
PEER-32-R5,32,143973,41,85e155e2b259abfdafdd239c,2025-10-04T22:19:52+01:00,801.3,322.0,bench-host-01,peer-scaling-2025-10
PEER-32-R5,32,143973,42,9feba25d8b0dd802c4f8bb68,2025-10-04T22:19:53+01:00,826.9,316.8,bench-host-01,peer-scaling-2025-10
PEER-32-R5,32,143973,43,62b3a034842b488ab7a54eba,2025-10-04T22:19:53+01:00,847.3,311.6,bench-host-01,peer-scaling-2025-10
PEER-32-R5,32,143973,44,d6ea181af84ed8df6113a6e6,2025-10-04T22:19:54+01:00,915.7,318.3,bench-host-01,peer-scaling-2025-10
PEER-32-R5,32,143974,45,2f7cddaf62078a638d6e64a5,2025-10-04T22:19:54+01:00,885.3,317.8,bench-host-01,peer-scaling-2025-10
PEER-32-R5,32,143974,46,7f7424aeb257388832a47ae1,2025-10-04T22:19:54+01:00,797.3,311.5,bench-host-01,peer-scaling-2025-10
PEER-32-R5,32,143974,47,ca144b607268c01515f3cc46,2025-10-04T22:19:55+01:00,726.0,311.4,bench-host-01,peer-scaling-2025-10
PEER-32-R5,32,143974,48,e31566ebab9b2a937f7d8aff,2025-10-04T22:19:55+01:00,855.7,327.8,bench-host-01,peer-scaling-2025-10
PEER-32-R5,32,143974,49,58ef070d257e80a3a954c643,2025-10-04T22:19:56+01:00,888.8,311.9,bench-host-01,peer-scaling-2025-10
PEER-32-R5,32,143974,50,48086470814f7f5fa8e0738e,2025-10-04T22:19:56+01:00,723.1,318.0,bench-host-01,peer-scaling-2025-10
PEER-32-R5,32,143974,51,f6d19ca4260419776bfb695a,2025-10-04T22:19:56+01:00,772.1,311.4,bench-host-01,peer-scaling-2025-10
PEER-32-R5,32,143974,52,758bcb41fd01e2b3cc8cee73,2025-10-04T22:19:57+01:00,794.6,317.3,bench-host-01,peer-scaling-2025-10
PEER-32-R5,32,143974,53,7fcdabfa781b783d30e54a32,2025-10-04T22:19:57+01:00,764.1,321.5,bench-host-01,peer-scaling-2025-10
PEER-32-R5,32,143974,54,df09ec291672940bcc99a029,2025-10-04T22:19:58+01:00,733.6,318.9,bench-host-01,peer-scaling-2025-10
PEER-32-R5,32,143974,55,7f10cf38538a5f5cc30b2de9,2025-10-04T22:19:58+01:00,797.4,317.9,bench-host-01,peer-scaling-2025-10
PEER-32-R5,32,143974,56,9878b69e236e6d8197a917ed,2025-10-04T22:19:59+01:00,811.1,314.4,bench-host-01,peer-scaling-2025-10
PEER-32-R5,32,143974,57,7b74cc86d05ee97a63a6731c,2025-10-04T22:19:59+01:00,928.0,314.3,bench-host-01,peer-scaling-2025-10
PEER-32-R5,32,143974,58,a947527bd09f0b1f17bb9c05,2025-10-04T22:19:59+01:00,837.6,315.1,bench-host-01,peer-scaling-2025-10
PEER-32-R5,32,143974,59,870fbe9fe429fdd284c6c201,2025-10-04T22:20:00+01:00,805.3,323.2,bench-host-01,peer-scaling-2025-10
PEER-32-R5,32,143974,60,2d0ebf0a4b9689869310220f,2025-10-04T22:20:00+01:00,864.2,318.4,bench-host-01,peer-scaling-2025-10
PEER-32-R5,32,143974,61,6f0ebc98692b1b04a07b55fb,2025-10-04T22:20:01+01:00,720.4,313.6,bench-host-01,peer-scaling-2025-10
PEER-32-R5,32,143974,62,a68d618ec48aea2044c519b9,2025-10-04T22:20:01+01:00,848.5,319.5,bench-host-01,peer-scaling-2025-10
PEER-32-R5,32,143975,63,2fab1fa145fe51b44ff75a1a,2025-10-04T22:20:01+01:00,834.3,312.1,bench-host-01,peer-scaling-2025-10
PEER-32-R5,32,143975,64,9626bb59db1ebb7d8ccd08cb,2025-10-04T22:20:02+01:00,737.8,317.4,bench-host-01,peer-scaling-2025-10
PEER-32-R5,32,143975,65,aaee6f2c361905db0ecce242,2025-10-04T22:20:02+01:00,825.9,315.8,bench-host-01,peer-scaling-2025-10
PEER-32-R5,32,143975,66,6da97020353a816a227d08c7,2025-10-04T22:20:03+01:00,766.5,308.1,bench-host-01,peer-scaling-2025-10
PEER-32-R5,32,143975,67,9a10781587d3f2d235adb6ce,2025-10-04T22:20:03+01:00,797.4,313.9,bench-host-01,peer-scaling-2025-10
PEER-32-R5,32,143975,68,7b17da4ea9b1b1719da6e24b,2025-10-04T22:20:03+01:00,793.7,326.5,bench-host-01,peer-scaling-2025-10
PEER-32-R5,32,143975,69,b7d535f290908cafa1c0802c,2025-10-04T22:20:04+01:00,846.4,314.6,bench-host-01,peer-scaling-2025-10
PEER-32-R5,32,143976,70,6fb473a1fb161b8bbaf4ef40,2025-10-04T22:20:04+01:00,855.0,313.2,bench-host-01,peer-scaling-2025-10
PEER-32-R5,32,143976,71,4aa31460d41f2f68b767b68b,2025-10-04T22:20:05+01:00,755.2,316.7,bench-host-01,peer-scaling-2025-10
PEER-32-R5,32,143977,72,1d3708c2ee8f82361b582281,2025-10-04T22:20:05+01:00,891.1,327.7,bench-host-01,peer-scaling-2025-10
PEER-32-R5,32,143977,73,a5e47782a32ecb72a935fcf2,2025-10-04T22:20:05+01:00,785.5,306.2,bench-host-01,peer-scaling-2025-10
PEER-32-R5,32,143977,74,491becbf41ec5e2a5c328799,2025-10-04T22:20:06+01:00,829.9,320.5,bench-host-01,peer-scaling-2025-10
PEER-32-R5,32,143977,75,8f5b4c868c7978cd591d7ba9,2025-10-04T22:20:06+01:00,756.7,327.5,bench-host-01,peer-scaling-2025-10
PEER-32-R5,32,143977,76,552c35dc36f449c982ef5f89,2025-10-04T22:20:07+01:00,830.3,319.8,bench-host-01,peer-scaling-2025-10
PEER-32-R5,32,143977,77,e784981b0b1aab2170d7f85f,2025-10-04T22:20:07+01:00,772.0,320.8,bench-host-01,peer-scaling-2025-10
PEER-32-R5,32,143977,78,364081754394fd6a869b7e73,2025-10-04T22:20:07+01:00,710.4,328.8,bench-host-01,peer-scaling-2025-10
PEER-32-R5,32,143977,79,74cc080cfe3709a77d946fa2,2025-10-04T22:20:08+01:00,819.0,312.9,bench-host-01,peer-scaling-2025-10
PEER-32-R5,32,143977,80,f6b6b9646d9001499a76356e,2025-10-04T22:20:08+01:00,821.7,326.8,bench-host-01,peer-scaling-2025-10
PEER-32-R5,32,143977,81,7685ee53255bb170707f7414,2025-10-04T22:20:09+01:00,787.3,313.6,bench-host-01,peer-scaling-2025-10
PEER-32-R5,32,143977,82,b23a4cff63b187cf07c48f24,2025-10-04T22:20:09+01:00,810.4,315.3,bench-host-01,peer-scaling-2025-10
PEER-32-R5,32,143977,83,413eda7e03c00d2005f95183,2025-10-04T22:20:09+01:00,727.8,317.8,bench-host-01,peer-scaling-2025-10
PEER-32-R5,32,143977,84,54a4136f178d79dbf5ea947f,2025-10-04T22:20:10+01:00,808.3,312.7,bench-host-01,peer-scaling-2025-10
PEER-32-R5,32,143977,85,3eb9c589aab758efed9918e3,2025-10-04T22:20:10+01:00,804.3,316.6,bench-host-01,peer-scaling-2025-10
PEER-32-R5,32,143977,86,8643eafb5ea4d58ea0652c6b,2025-10-04T22:20:11+01:00,889.4,322.7,bench-host-01,peer-scaling-2025-10
PEER-32-R5,32,143977,87,6c09b0a5f6e9144ba6c8255c,2025-10-04T22:20:11+01:00,844.6,328.3,bench-host-01,peer-scaling-2025-10
PEER-32-R5,32,143977,88,c70d50980843c1a794116004,2025-10-04T22:20:12+01:00,847.3,330.1,bench-host-01,peer-scaling-2025-10
PEER-32-R5,32,143977,89,f01fa9db7905ef5e7b56d094,2025-10-04T22:20:12+01:00,824.3,327.2,bench-host-01,peer-scaling-2025-10
PEER-32-R5,32,143978,90,2ef72a192dd65a37f3544ebf,2025-10-04T22:20:12+01:00,879.1,326.3,bench-host-01,peer-scaling-2025-10
PEER-32-R5,32,143978,91,0dab7e1313757fd3a72be0d9,2025-10-04T22:20:13+01:00,727.4,321.2,bench-host-01,peer-scaling-2025-10
PEER-32-R5,32,143978,92,17558e65aaab5962b28f0b4c,2025-10-04T22:20:13+01:00,666.9,310.5,bench-host-01,peer-scaling-2025-10
PEER-32-R5,32,143978,93,a33823c6388d33a3945690d4,2025-10-04T22:20:14+01:00,809.4,303.1,bench-host-01,peer-scaling-2025-10
PEER-32-R5,32,143978,94,57b0abbcb8d8b1bfdf335830,2025-10-04T22:20:14+01:00,828.7,321.0,bench-host-01,peer-scaling-2025-10
PEER-32-R5,32,143978,95,b2c9ec7517e84c3a414fc35b,2025-10-04T22:20:14+01:00,844.2,321.4,bench-host-01,peer-scaling-2025-10
PEER-32-R5,32,143979,96,bedc12adf3d32ca2a09b31cf,2025-10-04T22:20:15+01:00,750.8,323.0,bench-host-01,peer-scaling-2025-10
PEER-32-R5,32,143979,97,86ed0ef02bc318e62a50915a,2025-10-04T22:20:15+01:00,829.1,317.5,bench-host-01,peer-scaling-2025-10
PEER-32-R5,32,143979,98,209fc1a81dbb3e0b968f59a8,2025-10-04T22:20:16+01:00,873.9,312.2,bench-host-01,peer-scaling-2025-10
PEER-32-R5,32,143979,99,994b333594c79daa2c68202c,2025-10-04T22:20:16+01:00,829.7,319.1,bench-host-01,peer-scaling-2025-10
PEER-32-R5,32,143979,100,5392b0937690a70b67fdd708,2025-10-04T22:20:16+01:00,972.6,308.7,bench-host-01,peer-scaling-2025-10
PEER-32-R5,32,143979,101,802fc417063f41410a4dd33c,2025-10-04T22:20:17+01:00,659.3,317.3,bench-host-01,peer-scaling-2025-10
PEER-32-R5,32,143979,102,17c53a7f88e3c6627017e568,2025-10-04T22:20:17+01:00,762.3,316.6,bench-host-01,peer-scaling-2025-10
PEER-32-R5,32,143979,103,73ed5b22ab406ee5dda47e4d,2025-10-04T22:20:18+01:00,879.1,312.6,bench-host-01,peer-scaling-2025-10
PEER-32-R5,32,143979,104,f7065a9ee95ce6a8c77bb30a,2025-10-04T22:20:18+01:00,816.4,314.9,bench-host-01,peer-scaling-2025-10
PEER-32-R5,32,143979,105,033824b9eaa7e9699f4b2b12,2025-10-04T22:20:18+01:00,865.0,321.6,bench-host-01,peer-scaling-2025-10
PEER-32-R5,32,143979,106,24abb8acbccd947f287a8373,2025-10-04T22:20:19+01:00,769.9,312.9,bench-host-01,peer-scaling-2025-10
PEER-32-R5,32,143979,107,ff7a5ca0e7e766e1c7e934af,2025-10-04T22:20:19+01:00,834.3,314.8,bench-host-01,peer-scaling-2025-10
PEER-32-R5,32,143980,108,5aeb47eb5a1a112bc6b71c13,2025-10-04T22:20:20+01:00,836.9,317.3,bench-host-01,peer-scaling-2025-10
PEER-32-R5,32,143980,109,b19186f7500f616fc56437ee,2025-10-04T22:20:20+01:00,785.9,322.7,bench-host-01,peer-scaling-2025-10
PEER-32-R5,32,143981,110,478c3076ecdd63941c940eac,2025-10-04T22:20:20+01:00,794.0,313.9,bench-host-01,peer-scaling-2025-10
PEER-32-R5,32,143981,111,ca96e9e2296f6a4848e97412,2025-10-04T22:20:21+01:00,777.4,313.9,bench-host-01,peer-scaling-2025-10
PEER-32-R5,32,143981,112,2cb4c6ad4c43d21c79020000,2025-10-04T22:20:21+01:00,712.8,311.3,bench-host-01,peer-scaling-2025-10
PEER-32-R5,32,143981,113,cf0d5a3d1df8118836a67731,2025-10-04T22:20:22+01:00,816.0,313.6,bench-host-01,peer-scaling-2025-10
PEER-32-R5,32,143981,114,3df108264bd90ff957a8ee86,2025-10-04T22:20:22+01:00,809.7,315.6,bench-host-01,peer-scaling-2025-10
PEER-32-R5,32,143981,115,9f90928ac20ae123c4d5ae1f,2025-10-04T22:20:22+01:00,689.8,318.0,bench-host-01,peer-scaling-2025-10
PEER-32-R5,32,143981,116,5d12f1885c3869c65222fe26,2025-10-04T22:20:23+01:00,929.9,313.6,bench-host-01,peer-scaling-2025-10
PEER-32-R5,32,143982,117,09ff09d09bc68e7a5935932c,2025-10-04T22:20:23+01:00,828.7,314.7,bench-host-01,peer-scaling-2025-10
PEER-32-R5,32,143982,118,c69030dd914299ceee4b5a14,2025-10-04T22:20:24+01:00,796.2,312.3,bench-host-01,peer-scaling-2025-10
PEER-32-R5,32,143982,119,d6a068294eb77963dbecc92e,2025-10-04T22:20:24+01:00,790.0,314.8,bench-host-01,peer-scaling-2025-10
PEER-32-R5,32,143982,120,b85db34860c8ca55a9c656cb,2025-10-04T22:20:25+01:00,772.9,317.7,bench-host-01,peer-scaling-2025-10
PEER-32-R5,32,143982,121,9b9ada2babcebc4f385115bb,2025-10-04T22:20:25+01:00,817.1,318.0,bench-host-01,peer-scaling-2025-10
PEER-32-R5,32,143982,122,6fecfa04e9e321262cf3180b,2025-10-04T22:20:25+01:00,781.8,312.5,bench-host-01,peer-scaling-2025-10
PEER-32-R5,32,143982,123,ceb6e49af230c50dc43b97b3,2025-10-04T22:20:26+01:00,753.3,310.4,bench-host-01,peer-scaling-2025-10
PEER-32-R5,32,143982,124,2be73c6f1c03496cdd649262,2025-10-04T22:20:26+01:00,859.0,318.2,bench-host-01,peer-scaling-2025-10
PEER-32-R5,32,143982,125,908409db25fd1c9af093f928,2025-10-04T22:20:27+01:00,834.1,319.6,bench-host-01,peer-scaling-2025-10
PEER-32-R5,32,143982,126,056aba32fe8cc31173dd1cb8,2025-10-04T22:20:27+01:00,864.4,317.5,bench-host-01,peer-scaling-2025-10
PEER-32-R5,32,143982,127,0fce309b10b8e35fd499d1be,2025-10-04T22:20:27+01:00,803.1,316.7,bench-host-01,peer-scaling-2025-10
PEER-32-R5,32,143982,128,03330ad1241a96b8ecdc7623,2025-10-04T22:20:28+01:00,828.1,311.8,bench-host-01,peer-scaling-2025-10
PEER-32-R5,32,143982,129,3d0aa02d17de2139a9ba71ae,2025-10-04T22:20:28+01:00,751.1,314.7,bench-host-01,peer-scaling-2025-10
PEER-16-R5,16,126013,0,09f6a54c2663664c995666b3,2025-10-05T03:20:29+01:00,968.0,322.3,bench-host-01,peer-scaling-2025-10
PEER-16-R5,16,126013,1,9f32ed5bb5d43f7d4065f00e,2025-10-05T03:20:29+01:00,1107.6,323.7,bench-host-01,peer-scaling-2025-10
PEER-16-R5,16,126013,2,d2b1903f65e80a994fe015cb,2025-10-05T03:20:30+01:00,1079.3,316.7,bench-host-01,peer-scaling-2025-10
PEER-16-R5,16,126013,3,215e87a75bbcc7bc8ccad1f7,2025-10-05T03:20:30+01:00,1006.2,325.7,bench-host-01,peer-scaling-2025-10
PEER-16-R5,16,126013,4,c40bbdf6ba79fb1204fc53ed,2025-10-05T03:20:31+01:00,1220.0,319.1,bench-host-01,peer-scaling-2025-10
PEER-16-R5,16,126013,5,88b9d0ae82999dde59a430df,2025-10-05T03:20:31+01:00,1053.1,325.8,bench-host-01,peer-scaling-2025-10
PEER-16-R5,16,126013,6,cc2fcf4bcf171cad96446688,2025-10-05T03:20:32+01:00,1124.2,328.1,bench-host-01,peer-scaling-2025-10
PEER-16-R5,16,126013,7,942edbfdbca36a13c5e4a573,2025-10-05T03:20:32+01:00,1089.6,324.5,bench-host-01,peer-scaling-2025-10
PEER-16-R5,16,126013,8,da34e943da83646c84e42736,2025-10-05T03:20:33+01:00,1031.0,321.1,bench-host-01,peer-scaling-2025-10
PEER-16-R5,16,126013,9,ca83e257438044c361a8ba7c,2025-10-05T03:20:33+01:00,1090.4,324.1,bench-host-01,peer-scaling-2025-10
PEER-16-R5,16,126013,10,83855c85cc54b966092ed042,2025-10-05T03:20:34+01:00,1125.7,318.6,bench-host-01,peer-scaling-2025-10
PEER-16-R5,16,126014,11,65d9acd0ec1d677f52db5963,2025-10-05T03:20:34+01:00,1171.8,328.8,bench-host-01,peer-scaling-2025-10
PEER-16-R5,16,126014,12,20b95a031afc91fc327b3439,2025-10-05T03:20:35+01:00,964.5,325.7,bench-host-01,peer-scaling-2025-10
PEER-16-R5,16,126014,13,459b4dafb289205bed4d1eba,2025-10-05T03:20:35+01:00,1024.4,328.8,bench-host-01,peer-scaling-2025-10
PEER-16-R5,16,126014,14,36c2a3a1bd22212e961bc1ae,2025-10-05T03:20:36+01:00,1127.6,320.1,bench-host-01,peer-scaling-2025-10
PEER-16-R5,16,126014,15,bbd895f864f98a61bbab540f,2025-10-05T03:20:36+01:00,1069.1,314.4,bench-host-01,peer-scaling-2025-10
PEER-16-R5,16,126014,16,9871773040918a674800a8f5,2025-10-05T03:20:37+01:00,977.5,324.2,bench-host-01,peer-scaling-2025-10
PEER-16-R5,16,126014,17,c9b7131a5284666f8843cddf,2025-10-05T03:20:38+01:00,1086.1,325.9,bench-host-01,peer-scaling-2025-10
PEER-16-R5,16,126014,18,553b957ea681dede2a04aa83,2025-10-05T03:20:38+01:00,1076.8,316.6,bench-host-01,peer-scaling-2025-10
PEER-16-R5,16,126014,19,67decfddc06af211c7dfba44,2025-10-05T03:20:39+01:00,1037.4,326.7,bench-host-01,peer-scaling-2025-10
PEER-16-R5,16,126014,20,e7b27602eede19719dfd12ad,2025-10-05T03:20:39+01:00,1013.2,326.9,bench-host-01,peer-scaling-2025-10
PEER-16-R5,16,126014,21,076d10de331078162525a0af,2025-10-05T03:20:40+01:00,1117.4,329.5,bench-host-01,peer-scaling-2025-10
PEER-16-R5,16,126014,22,7eada2022a2d82cba000c54e,2025-10-05T03:20:40+01:00,1104.6,321.9,bench-host-01,peer-scaling-2025-10
PEER-16-R5,16,126014,23,e340d40fb9e6c9974f87909a,2025-10-05T03:20:41+01:00,1030.4,318.2,bench-host-01,peer-scaling-2025-10
PEER-16-R5,16,126014,24,8cbfb08e2c88f593827d66cd,2025-10-05T03:20:41+01:00,1141.2,319.4,bench-host-01,peer-scaling-2025-10
PEER-16-R5,16,126014,25,7dbf5ad6572d3b025e8121b4,2025-10-05T03:20:42+01:00,1055.3,317.3,bench-host-01,peer-scaling-2025-10
PEER-16-R5,16,126014,26,1a9314a8fedb7fa60d3b22ab,2025-10-05T03:20:42+01:00,1062.8,327.2,bench-host-01,peer-scaling-2025-10
PEER-16-R5,16,126014,27,43af36dce4d9406913b862cb,2025-10-05T03:20:43+01:00,1108.2,320.7,bench-host-01,peer-scaling-2025-10
PEER-16-R5,16,126014,28,aab1896cc9746a24276ffc72,2025-10-05T03:20:43+01:00,1063.5,323.4,bench-host-01,peer-scaling-2025-10
PEER-16-R5,16,126014,29,ac7276726692c77f36b4b71e,2025-10-05T03:20:44+01:00,1099.2,328.2,bench-host-01,peer-scaling-2025-10
PEER-16-R5,16,126014,30,e5774ae74df1b311dddaa7a5,2025-10-05T03:20:44+01:00,1090.9,325.6,bench-host-01,peer-scaling-2025-10
PEER-16-R5,16,126014,31,ca91888cef4b84d541e70957,2025-10-05T03:20:45+01:00,1062.0,331.0,bench-host-01,peer-scaling-2025-10
PEER-16-R5,16,126015,32,f84e1aa8505e76bb5622d8e0,2025-10-05T03:20:45+01:00,1027.0,322.3,bench-host-01,peer-scaling-2025-10
PEER-16-R5,16,126015,33,ce6fd7a693798eefbd99492d,2025-10-05T03:20:46+01:00,1087.1,320.7,bench-host-01,peer-scaling-2025-10
PEER-16-R5,16,126015,34,35d7b3711846c0b4b15c48d8,2025-10-05T03:20:47+01:00,983.7,320.9,bench-host-01,peer-scaling-2025-10
PEER-16-R5,16,126015,35,4216bc121b2cb724139684cc,2025-10-05T03:20:47+01:00,1051.6,322.8,bench-host-01,peer-scaling-2025-10
PEER-16-R5,16,126016,36,fc8c9f15c3b3482c5a25a3a1,2025-10-05T03:20:48+01:00,1034.4,321.3,bench-host-01,peer-scaling-2025-10
PEER-16-R5,16,126016,37,6370953e6e3143b7c1a8eb1e,2025-10-05T03:20:48+01:00,1062.2,327.1,bench-host-01,peer-scaling-2025-10
PEER-16-R5,16,126016,38,1183ac65df7c5dcdfb54d480,2025-10-05T03:20:49+01:00,993.9,319.3,bench-host-01,peer-scaling-2025-10
PEER-16-R5,16,126016,39,5162b24fd93a5df1c5efa401,2025-10-05T03:20:49+01:00,1122.1,320.2,bench-host-01,peer-scaling-2025-10
PEER-16-R5,16,126016,40,36d40c768990b63b860f0d09,2025-10-05T03:20:50+01:00,1069.4,320.3,bench-host-01,peer-scaling-2025-10
PEER-16-R5,16,126016,41,7ee747469915c6fee4178f7f,2025-10-05T03:20:50+01:00,1063.5,330.8,bench-host-01,peer-scaling-2025-10
PEER-16-R5,16,126016,42,ca1c1c66708da1265e9334dc,2025-10-05T03:20:51+01:00,1072.6,328.3,bench-host-01,peer-scaling-2025-10
PEER-16-R5,16,126016,43,919c594db3ab585ec5bfcb30,2025-10-05T03:20:51+01:00,1019.2,322.0,bench-host-01,peer-scaling-2025-10
PEER-16-R5,16,126016,44,2df0dd3ca19a27dc8473924c,2025-10-05T03:20:52+01:00,1018.0,318.7,bench-host-01,peer-scaling-2025-10
PEER-16-R5,16,126017,45,1346c03c324f347ee723d752,2025-10-05T03:20:52+01:00,1152.5,326.0,bench-host-01,peer-scaling-2025-10
PEER-16-R5,16,126017,46,bcd44f59f86850b230371d16,2025-10-05T03:20:53+01:00,918.8,320.9,bench-host-01,peer-scaling-2025-10
PEER-16-R5,16,126017,47,e222f963ba19525e445505f7,2025-10-05T03:20:53+01:00,1130.9,323.6,bench-host-01,peer-scaling-2025-10
PEER-16-R5,16,126017,48,27ce97ee81e6130676edc9e8,2025-10-05T03:20:54+01:00,1054.4,317.6,bench-host-01,peer-scaling-2025-10
PEER-16-R5,16,126017,49,83550fde46905daf594815b4,2025-10-05T03:20:54+01:00,1072.3,318.5,bench-host-01,peer-scaling-2025-10
PEER-16-R5,16,126017,50,455a0dc2311d7daaba4e42c9,2025-10-05T03:20:55+01:00,1191.5,322.8,bench-host-01,peer-scaling-2025-10
PEER-16-R5,16,126017,51,ca22bd1851a15b8ceb78aa08,2025-10-05T03:20:56+01:00,1056.8,327.6,bench-host-01,peer-scaling-2025-10
PEER-16-R5,16,126017,52,dc11c0c421bb1cd6e3bdbd95,2025-10-05T03:20:56+01:00,950.7,326.1,bench-host-01,peer-scaling-2025-10
PEER-16-R5,16,126017,53,2b5a7aadc3c40c162c484b4d,2025-10-05T03:20:57+01:00,952.9,326.7,bench-host-01,peer-scaling-2025-10
PEER-16-R5,16,126017,54,a2e33c1c3a5dc1e9c0a49083,2025-10-05T03:20:57+01:00,1014.0,327.2,bench-host-01,peer-scaling-2025-10
PEER-16-R5,16,126017,55,d692d69a410f31e80700425b,2025-10-05T03:20:58+01:00,999.1,322.1,bench-host-01,peer-scaling-2025-10
PEER-16-R5,16,126017,56,624dee1063916b9e3c59ba6f,2025-10-05T03:20:58+01:00,926.6,325.8,bench-host-01,peer-scaling-2025-10
PEER-16-R5,16,126017,57,3c8552b10e16b08ceeaa2a86,2025-10-05T03:20:59+01:00,1066.3,322.5,bench-host-01,peer-scaling-2025-10
PEER-16-R5,16,126017,58,516a6c5a6b5fc8e0a3aed0b3,2025-10-05T03:20:59+01:00,1105.8,318.4,bench-host-01,peer-scaling-2025-10
PEER-16-R5,16,126017,59,5469e77411022aede9891549,2025-10-05T03:21:00+01:00,1098.3,323.5,bench-host-01,peer-scaling-2025-10
PEER-16-R5,16,126018,60,fdca825d198a3b7f88152a60,2025-10-05T03:21:00+01:00,1054.3,317.5,bench-host-01,peer-scaling-2025-10
PEER-16-R5,16,126018,61,b9e34fd9f76c3cd59bda6933,2025-10-05T03:21:01+01:00,1022.9,313.9,bench-host-01,peer-scaling-2025-10
PEER-16-R5,16,126018,62,af5b902d1ab92ad335b44aff,2025-10-05T03:21:01+01:00,1052.0,320.8,bench-host-01,peer-scaling-2025-10
PEER-16-R5,16,126018,63,22e23530747fb980bf6ab0c5,2025-10-05T03:21:02+01:00,1089.1,320.3,bench-host-01,peer-scaling-2025-10
PEER-16-R5,16,126018,64,c067df98e8d009f15672f3e1,2025-10-05T03:21:02+01:00,1127.6,325.8,bench-host-01,peer-scaling-2025-10
PEER-16-R5,16,126018,65,92f623dc1e121dbe84916102,2025-10-05T03:21:03+01:00,1029.0,314.3,bench-host-01,peer-scaling-2025-10
PEER-16-R5,16,126018,66,28f15f2fa5964efbb55a7352,2025-10-05T03:21:03+01:00,1083.0,325.2,bench-host-01,peer-scaling-2025-10
PEER-16-R5,16,126018,67,e14e261e9ab6352151a1c09e,2025-10-05T03:21:04+01:00,1069.3,319.5,bench-host-01,peer-scaling-2025-10
PEER-16-R5,16,126018,68,a782972572d5a90d9a3bf311,2025-10-05T03:21:04+01:00,1094.0,318.9,bench-host-01,peer-scaling-2025-10
PEER-16-R5,16,126018,69,bb44278d0d876057a381564f,2025-10-05T03:21:05+01:00,945.1,321.9,bench-host-01,peer-scaling-2025-10
PEER-16-R5,16,126018,70,c279d2c2ddbc4869cea865f2,2025-10-05T03:21:06+01:00,1011.5,328.1,bench-host-01,peer-scaling-2025-10
PEER-16-R5,16,126018,71,093f00e0bb133de142c5db43,2025-10-05T03:21:06+01:00,991.5,327.1,bench-host-01,peer-scaling-2025-10
PEER-16-R5,16,126018,72,c41ea81fbde323ea8a2420c9,2025-10-05T03:21:07+01:00,1070.5,324.7,bench-host-01,peer-scaling-2025-10
PEER-16-R5,16,126018,73,ac47da0563ded9d5e3a377c5,2025-10-05T03:21:07+01:00,1042.7,335.7,bench-host-01,peer-scaling-2025-10
PEER-16-R5,16,126018,74,33f4c1eeb310b802ccc889fa,2025-10-05T03:21:08+01:00,1148.0,325.3,bench-host-01,peer-scaling-2025-10
PEER-16-R5,16,126018,75,1e827c2ccef4e67c05c75db1,2025-10-05T03:21:08+01:00,957.3,323.6,bench-host-01,peer-scaling-2025-10
PEER-16-R5,16,126018,76,918132965bff00d7f8292443,2025-10-05T03:21:09+01:00,1054.2,330.7,bench-host-01,peer-scaling-2025-10
PEER-16-R5,16,126018,77,2c71362675feac035d654ccc,2025-10-05T03:21:09+01:00,1061.1,322.1,bench-host-01,peer-scaling-2025-10
PEER-16-R5,16,126018,78,818ba7fdd21749f80ecf9284,2025-10-05T03:21:10+01:00,1072.7,320.1,bench-host-01,peer-scaling-2025-10
PEER-16-R5,16,126018,79,0026b195dddf2c59d7f9e09d,2025-10-05T03:21:10+01:00,985.7,326.7,bench-host-01,peer-scaling-2025-10
PEER-16-R5,16,126018,80,337dc5a7030c182c74447f87,2025-10-05T03:21:11+01:00,1047.8,319.9,bench-host-01,peer-scaling-2025-10
PEER-16-R5,16,126018,81,371dbb3d77f83927696446ff,2025-10-05T03:21:11+01:00,1154.8,326.5,bench-host-01,peer-scaling-2025-10
PEER-16-R5,16,126018,82,fb5c024f27af719517a289c3,2025-10-05T03:21:12+01:00,1015.7,331.3,bench-host-01,peer-scaling-2025-10
PEER-16-R5,16,126018,83,28842c3f61910e0fdf77bebc,2025-10-05T03:21:12+01:00,1111.4,324.2,bench-host-01,peer-scaling-2025-10
PEER-16-R5,16,126018,84,031b51548024e2f895822f57,2025-10-05T03:21:13+01:00,1060.5,319.3,bench-host-01,peer-scaling-2025-10
PEER-16-R5,16,126018,85,d2519a5e19f7ae058965805d,2025-10-05T03:21:13+01:00,1024.2,318.6,bench-host-01,peer-scaling-2025-10
PEER-16-R5,16,126018,86,a7740932656a04e9c40138f0,2025-10-05T03:21:14+01:00,1034.0,320.8,bench-host-01,peer-scaling-2025-10
PEER-16-R5,16,126018,87,8148fc7e514713c213a02dcf,2025-10-05T03:21:15+01:00,1003.3,326.5,bench-host-01,peer-scaling-2025-10
PEER-16-R5,16,126019,88,a660867de66269843945ad4b,2025-10-05T03:21:15+01:00,1045.2,325.9,bench-host-01,peer-scaling-2025-10
PEER-16-R5,16,126019,89,c8976387a89fa77151385c7c,2025-10-05T03:21:16+01:00,1043.6,328.5,bench-host-01,peer-scaling-2025-10
PEER-16-R5,16,126020,90,d294e9a208e31157ce29fced,2025-10-05T03:21:16+01:00,1011.0,327.0,bench-host-01,peer-scaling-2025-10
PEER-16-R5,16,126020,91,85d71378728bef770f3dc665,2025-10-05T03:21:17+01:00,1048.2,322.4,bench-host-01,peer-scaling-2025-10
PEER-16-R5,16,126020,92,4eefe11710219fa4d987ff1f,2025-10-05T03:21:17+01:00,1089.9,322.4,bench-host-01,peer-scaling-2025-10
PEER-16-R5,16,126020,93,512ebdee68b88efa5c4ec9d5,2025-10-05T03:21:18+01:00,1044.4,321.5,bench-host-01,peer-scaling-2025-10
PEER-16-R5,16,126020,94,90e1f456c1ba822383887044,2025-10-05T03:21:18+01:00,1089.0,316.8,bench-host-01,peer-scaling-2025-10
PEER-16-R5,16,126020,95,9b622d429abd16e6c2b4857c,2025-10-05T03:21:19+01:00,1071.3,326.0,bench-host-01,peer-scaling-2025-10
PEER-16-R5,16,126021,96,be68e88d3366c8e1885a4e5d,2025-10-05T03:21:19+01:00,1035.2,324.0,bench-host-01,peer-scaling-2025-10
PEER-16-R5,16,126021,97,d16d143e34f5cee1a2aae26e,2025-10-05T03:21:20+01:00,1063.7,324.8,bench-host-01,peer-scaling-2025-10
PEER-16-R5,16,126022,98,0d75e4af15cd82a9c8d1d64b,2025-10-05T03:21:20+01:00,1157.4,323.3,bench-host-01,peer-scaling-2025-10
PEER-16-R5,16,126022,99,009634f6b8437f4e2ac01e44,2025-10-05T03:21:21+01:00,1083.5,325.0,bench-host-01,peer-scaling-2025-10
PEER-16-R5,16,126022,100,b6d078f7f4326b52373c6d47,2025-10-05T03:21:21+01:00,1171.3,318.7,bench-host-01,peer-scaling-2025-10
PEER-16-R5,16,126022,101,e95e6fdde4784beb51740990,2025-10-05T03:21:22+01:00,1021.5,326.3,bench-host-01,peer-scaling-2025-10
PEER-16-R5,16,126022,102,042df3ee76afced33098d0c6,2025-10-05T03:21:22+01:00,965.9,328.7,bench-host-01,peer-scaling-2025-10
PEER-16-R5,16,126022,103,024432424453eefeef0557d1,2025-10-05T03:21:23+01:00,1052.2,329.1,bench-host-01,peer-scaling-2025-10
PEER-16-R5,16,126022,104,b1a1ed20b1066a2da54d6a14,2025-10-05T03:21:24+01:00,1076.8,323.3,bench-host-01,peer-scaling-2025-10
PEER-16-R5,16,126022,105,c97c824abd6bb46eb72c176a,2025-10-05T03:21:24+01:00,1185.9,328.6,bench-host-01,peer-scaling-2025-10
PEER-16-R5,16,126022,106,a9fe6ecb70602047342fcb2d,2025-10-05T03:21:25+01:00,1112.6,322.9,bench-host-01,peer-scaling-2025-10
PEER-16-R5,16,126022,107,8cd103c57b95d04f5aa9100c,2025-10-05T03:21:25+01:00,1096.1,324.6,bench-host-01,peer-scaling-2025-10
PEER-16-R5,16,126023,108,4191fdce6d130d7dfe664af4,2025-10-05T03:21:26+01:00,1025.7,324.1,bench-host-01,peer-scaling-2025-10
PEER-16-R5,16,126023,109,eabe8ef53fd1136255fa6b13,2025-10-05T03:21:26+01:00,1150.4,320.1,bench-host-01,peer-scaling-2025-10
PEER-16-R5,16,126024,110,3369a719ca3e031dc73435da,2025-10-05T03:21:27+01:00,1087.2,322.1,bench-host-01,peer-scaling-2025-10
PEER-16-R5,16,126024,111,5cd11f185e753392d78c6f3f,2025-10-05T03:21:27+01:00,1009.5,332.1,bench-host-01,peer-scaling-2025-10
PEER-16-R5,16,126024,112,8e1168e2679a96da8a8fd202,2025-10-05T03:21:28+01:00,1111.5,319.0,bench-host-01,peer-scaling-2025-10
PEER-16-R5,16,126024,113,9bf1ac38bfc6af297948441c,2025-10-05T03:21:28+01:00,1048.1,322.1,bench-host-01,peer-scaling-2025-10
PEER-16-R5,16,126024,114,df43c04ebeb4724478fcb983,2025-10-05T03:21:29+01:00,1016.5,321.8,bench-host-01,peer-scaling-2025-10
PEER-16-R5,16,126024,115,2abe264c13b1899e61d442d9,2025-10-05T03:21:29+01:00,1078.2,317.7,bench-host-01,peer-scaling-2025-10
PEER-16-R5,16,126024,116,e9aafa38babd0d7f64b468e4,2025-10-05T03:21:30+01:00,1095.5,324.4,bench-host-01,peer-scaling-2025-10
PEER-16-R5,16,126024,117,7da425f1c2dd9cb7beac0d25,2025-10-05T03:21:30+01:00,1061.8,319.1,bench-host-01,peer-scaling-2025-10
PEER-16-R5,16,126024,118,be58421ebc0249aabb261567,2025-10-05T03:21:31+01:00,1095.2,317.2,bench-host-01,peer-scaling-2025-10
PEER-16-R5,16,126024,119,7edbf910aab14aa6b168bc52,2025-10-05T03:21:31+01:00,1012.0,325.2,bench-host-01,peer-scaling-2025-10
PEER-16-R5,16,126024,120,cc219c55eb16b9343baa62b8,2025-10-05T03:21:32+01:00,1093.3,335.0,bench-host-01,peer-scaling-2025-10
PEER-16-R5,16,126024,121,8c5f4ddf715b456f74685d74,2025-10-05T03:21:33+01:00,1041.4,324.4,bench-host-01,peer-scaling-2025-10
PEER-16-R5,16,126024,122,b882d61d58a970755337970c,2025-10-05T03:21:33+01:00,1041.4,328.3,bench-host-01,peer-scaling-2025-10
PEER-16-R5,16,126024,123,464415b106c38bbff1c01bcc,2025-10-05T03:21:34+01:00,1137.1,325.3,bench-host-01,peer-scaling-2025-10
PEER-16-R5,16,126024,124,9cfa4cd8a142874961cc3c17,2025-10-05T03:21:34+01:00,1100.5,319.5,bench-host-01,peer-scaling-2025-10
PEER-16-R5,16,126024,125,a098bbdada3d3ba90897744f,2025-10-05T03:21:35+01:00,1112.2,325.8,bench-host-01,peer-scaling-2025-10
PEER-16-R5,16,126025,126,ed1a110839baf4b81b725711,2025-10-05T03:21:35+01:00,1055.8,321.4,bench-host-01,peer-scaling-2025-10
PEER-16-R5,16,126025,127,5e83ee8e7ce7d98a9a93cd7a,2025-10-05T03:21:36+01:00,1051.5,322.4,bench-host-01,peer-scaling-2025-10
PEER-16-R5,16,126025,128,27fdd51a0269357639428ddd,2025-10-05T03:21:36+01:00,1102.5,329.5,bench-host-01,peer-scaling-2025-10
PEER-16-R5,16,126025,129,b7afb64334af98be9af071f4,2025-10-05T03:21:37+01:00,1097.2,328.1,bench-host-01,peer-scaling-2025-10
PEER-08-R5,8,114637,0,ff84d6abc3e5e1d4708b5e04,2025-10-05T08:21:37+01:00,1220.2,326.0,bench-host-01,peer-scaling-2025-10
PEER-08-R5,8,114637,1,2cc8b29311b16a32fd1d901a,2025-10-05T08:21:38+01:00,1060.5,329.6,bench-host-01,peer-scaling-2025-10
PEER-08-R5,8,114637,2,e3be19648111b40a9a0d8eaa,2025-10-05T08:21:38+01:00,1202.8,327.4,bench-host-01,peer-scaling-2025-10
PEER-08-R5,8,114637,3,ccb68272065902e6efb1ebab,2025-10-05T08:21:39+01:00,1129.6,319.6,bench-host-01,peer-scaling-2025-10
PEER-08-R5,8,114637,4,0722b1c96a01e2d5d8aaf9e8,2025-10-05T08:21:40+01:00,1151.6,323.5,bench-host-01,peer-scaling-2025-10
PEER-08-R5,8,114637,5,7bdee5e7b179c88a4ca5cd89,2025-10-05T08:21:40+01:00,1157.2,311.0,bench-host-01,peer-scaling-2025-10
PEER-08-R5,8,114637,6,aaf683ce0835a0f0076e3790,2025-10-05T08:21:41+01:00,1159.1,308.2,bench-host-01,peer-scaling-2025-10
PEER-08-R5,8,114637,7,fdfee452263c11544ca76cd3,2025-10-05T08:21:41+01:00,1207.9,320.6,bench-host-01,peer-scaling-2025-10
PEER-08-R5,8,114637,8,673f14298c9ffc22fba04d5d,2025-10-05T08:21:42+01:00,1162.0,321.7,bench-host-01,peer-scaling-2025-10
PEER-08-R5,8,114637,9,c5b0e8a2e036113097c27fcb,2025-10-05T08:21:42+01:00,1164.5,322.5,bench-host-01,peer-scaling-2025-10
PEER-08-R5,8,114637,10,371c33e9d9ffe12dbd62d97b,2025-10-05T08:21:43+01:00,1232.7,317.5,bench-host-01,peer-scaling-2025-10
PEER-08-R5,8,114637,11,384bfabfb520a8fdd57f4fb7,2025-10-05T08:21:44+01:00,1106.5,325.7,bench-host-01,peer-scaling-2025-10
PEER-08-R5,8,114637,12,81b564f882777a891f461583,2025-10-05T08:21:44+01:00,1097.5,319.9,bench-host-01,peer-scaling-2025-10
PEER-08-R5,8,114637,13,1bbd26d81e8f578abd0ddd03,2025-10-05T08:21:45+01:00,1163.6,316.8,bench-host-01,peer-scaling-2025-10
PEER-08-R5,8,114637,14,c20d1909f462f2a002d0d382,2025-10-05T08:21:45+01:00,1182.1,323.6,bench-host-01,peer-scaling-2025-10
PEER-08-R5,8,114637,15,5e9ca23a2ddf4c891353b7eb,2025-10-05T08:21:46+01:00,1008.4,316.6,bench-host-01,peer-scaling-2025-10
PEER-08-R5,8,114637,16,28b83b5ae1dc5e8a5018e698,2025-10-05T08:21:46+01:00,1151.7,328.8,bench-host-01,peer-scaling-2025-10
PEER-08-R5,8,114637,17,c39b396d73548fbe4246ac75,2025-10-05T08:21:47+01:00,1229.9,322.6,bench-host-01,peer-scaling-2025-10
PEER-08-R5,8,114637,18,14bae110f7096de768a43375,2025-10-05T08:21:48+01:00,1136.0,320.6,bench-host-01,peer-scaling-2025-10
PEER-08-R5,8,114637,19,b260d199ccaeac8dcc4b4ec2,2025-10-05T08:21:48+01:00,1141.9,324.7,bench-host-01,peer-scaling-2025-10
PEER-08-R5,8,114637,20,f7d0ae297e066f8322c29ace,2025-10-05T08:21:49+01:00,1137.4,327.4,bench-host-01,peer-scaling-2025-10
PEER-08-R5,8,114637,21,b0a95ed440b145dd922571a2,2025-10-05T08:21:49+01:00,1135.7,314.8,bench-host-01,peer-scaling-2025-10
PEER-08-R5,8,114637,22,c615a10622b202f31fb2b5a6,2025-10-05T08:21:50+01:00,1147.1,317.7,bench-host-01,peer-scaling-2025-10
PEER-08-R5,8,114637,23,d6d2506ee0331b8b1d31d54a,2025-10-05T08:21:50+01:00,1155.4,322.6,bench-host-01,peer-scaling-2025-10
PEER-08-R5,8,114637,24,a6659876c1137e303c5ab51d,2025-10-05T08:21:51+01:00,1114.5,324.4,bench-host-01,peer-scaling-2025-10
PEER-08-R5,8,114637,25,19c415f6176bbd4c20579442,2025-10-05T08:21:52+01:00,1161.2,319.8,bench-host-01,peer-scaling-2025-10
PEER-08-R5,8,114638,26,da4e4218b0240f94d463b313,2025-10-05T08:21:52+01:00,1022.0,327.7,bench-host-01,peer-scaling-2025-10
PEER-08-R5,8,114638,27,2c62a16e9b3516e0e5d40839,2025-10-05T08:21:53+01:00,1165.5,328.9,bench-host-01,peer-scaling-2025-10
PEER-08-R5,8,114638,28,ccf8a5dc10f78a531aac70e0,2025-10-05T08:21:53+01:00,1205.3,329.0,bench-host-01,peer-scaling-2025-10
PEER-08-R5,8,114638,29,3f83e4f140b55650456840f2,2025-10-05T08:21:54+01:00,1028.4,317.7,bench-host-01,peer-scaling-2025-10
PEER-08-R5,8,114638,30,815202928b1104e11fc418ed,2025-10-05T08:21:55+01:00,1011.6,313.1,bench-host-01,peer-scaling-2025-10
PEER-08-R5,8,114638,31,d2d01be5bfe796ae3031e379,2025-10-05T08:21:55+01:00,1140.2,315.2,bench-host-01,peer-scaling-2025-10
PEER-08-R5,8,114638,32,bbf892be0276682974964202,2025-10-05T08:21:56+01:00,1203.7,315.7,bench-host-01,peer-scaling-2025-10
PEER-08-R5,8,114638,33,5539e8df479c1a2eb668603c,2025-10-05T08:21:56+01:00,1192.6,326.2,bench-host-01,peer-scaling-2025-10
PEER-08-R5,8,114638,34,dfd710a00cd0b58608ecd53b,2025-10-05T08:21:57+01:00,1111.7,323.4,bench-host-01,peer-scaling-2025-10
PEER-08-R5,8,114638,35,f7f9c7e7b07a2c6cd3f93ac5,2025-10-05T08:21:57+01:00,1260.9,328.2,bench-host-01,peer-scaling-2025-10
PEER-08-R5,8,114638,36,36357e1d4072aa123a5eb200,2025-10-05T08:21:58+01:00,1175.9,316.6,bench-host-01,peer-scaling-2025-10
PEER-08-R5,8,114638,37,a5d224153f2e2a20c84cc097,2025-10-05T08:21:59+01:00,1177.5,320.3,bench-host-01,peer-scaling-2025-10
PEER-08-R5,8,114638,38,46df3d230c3cd4dacae3909b,2025-10-05T08:21:59+01:00,1098.7,331.9,bench-host-01,peer-scaling-2025-10
PEER-08-R5,8,114638,39,0850c11dcf05e51c09548a1f,2025-10-05T08:22:00+01:00,1090.4,322.1,bench-host-01,peer-scaling-2025-10
PEER-08-R5,8,114638,40,68dd5760c6f1ef21b63d6125,2025-10-05T08:22:00+01:00,1175.9,323.4,bench-host-01,peer-scaling-2025-10
PEER-08-R5,8,114638,41,3443f52ff7bc381619e80b17,2025-10-05T08:22:01+01:00,1074.1,325.8,bench-host-01,peer-scaling-2025-10
PEER-08-R5,8,114639,42,3f7046148235fe9b50f4d965,2025-10-05T08:22:01+01:00,1066.1,319.2,bench-host-01,peer-scaling-2025-10
PEER-08-R5,8,114639,43,8699823973d2fe3bce65d51b,2025-10-05T08:22:02+01:00,1205.9,319.7,bench-host-01,peer-scaling-2025-10
PEER-08-R5,8,114639,44,4ee3bdbebac4aa85de851d1a,2025-10-05T08:22:03+01:00,1120.0,326.7,bench-host-01,peer-scaling-2025-10
PEER-08-R5,8,114639,45,49b0347865f6a209f0ea0883,2025-10-05T08:22:03+01:00,1081.5,318.0,bench-host-01,peer-scaling-2025-10
PEER-08-R5,8,114639,46,cb39da02fbe96842048dbeb7,2025-10-05T08:22:04+01:00,1137.8,314.9,bench-host-01,peer-scaling-2025-10
PEER-08-R5,8,114639,47,66ab19a8f9e3cba119543ecc,2025-10-05T08:22:04+01:00,1201.6,316.2,bench-host-01,peer-scaling-2025-10
PEER-08-R5,8,114639,48,7f124109e236da538827d9ab,2025-10-05T08:22:05+01:00,997.4,318.3,bench-host-01,peer-scaling-2025-10
PEER-08-R5,8,114639,49,d6321a7482af3b735f861b60,2025-10-05T08:22:05+01:00,1159.2,327.5,bench-host-01,peer-scaling-2025-10
PEER-08-R5,8,114639,50,3c88f80b7c3a79e5389580bd,2025-10-05T08:22:06+01:00,1119.4,330.4,bench-host-01,peer-scaling-2025-10
PEER-08-R5,8,114639,51,c305fa2e514b6834c482ebca,2025-10-05T08:22:07+01:00,1023.9,320.6,bench-host-01,peer-scaling-2025-10
PEER-08-R5,8,114639,52,b8a5ad70da7d3d74b8108717,2025-10-05T08:22:07+01:00,1169.2,323.4,bench-host-01,peer-scaling-2025-10
PEER-08-R5,8,114639,53,296295d7f065198a7dc4228b,2025-10-05T08:22:08+01:00,1209.9,321.4,bench-host-01,peer-scaling-2025-10
PEER-08-R5,8,114639,54,fe470d908014aa152cc9148d,2025-10-05T08:22:08+01:00,1123.8,317.5,bench-host-01,peer-scaling-2025-10
PEER-08-R5,8,114640,55,1fd2617a15273fc16c6f0cb2,2025-10-05T08:22:09+01:00,1085.3,319.4,bench-host-01,peer-scaling-2025-10
PEER-08-R5,8,114641,56,b8a1a8b45ccede43ec5120c0,2025-10-05T08:22:09+01:00,1281.1,322.8,bench-host-01,peer-scaling-2025-10
PEER-08-R5,8,114641,57,c319d33a0091a958c44cdac4,2025-10-05T08:22:10+01:00,1116.2,316.5,bench-host-01,peer-scaling-2025-10
PEER-08-R5,8,114641,58,bab31ab9acc479eb118ed4b0,2025-10-05T08:22:11+01:00,1122.4,313.8,bench-host-01,peer-scaling-2025-10
PEER-08-R5,8,114641,59,c63438be99bbd1cf46fb907b,2025-10-05T08:22:11+01:00,1017.9,313.6,bench-host-01,peer-scaling-2025-10
PEER-08-R5,8,114641,60,11f882ff01e272c50eea1e19,2025-10-05T08:22:12+01:00,1079.7,328.6,bench-host-01,peer-scaling-2025-10
PEER-08-R5,8,114641,61,5690514930d4f63b97237341,2025-10-05T08:22:12+01:00,1191.6,331.1,bench-host-01,peer-scaling-2025-10
PEER-08-R5,8,114641,62,34d7ddf849192600b5a2ea46,2025-10-05T08:22:13+01:00,1186.6,314.1,bench-host-01,peer-scaling-2025-10
PEER-08-R5,8,114641,63,478c7ef27f65edd0b474046c,2025-10-05T08:22:13+01:00,1170.3,319.8,bench-host-01,peer-scaling-2025-10
PEER-08-R5,8,114641,64,7173397e40edec4aca10f7e2,2025-10-05T08:22:14+01:00,1182.4,317.5,bench-host-01,peer-scaling-2025-10
PEER-08-R5,8,114641,65,86a7f82151714a5d8a819cca,2025-10-05T08:22:15+01:00,1148.6,321.6,bench-host-01,peer-scaling-2025-10
PEER-08-R5,8,114641,66,331951786083286120f1cb68,2025-10-05T08:22:15+01:00,1159.9,314.7,bench-host-01,peer-scaling-2025-10
PEER-08-R5,8,114641,67,7d2683857570494c2cb9aa60,2025-10-05T08:22:16+01:00,1189.7,326.6,bench-host-01,peer-scaling-2025-10
PEER-08-R5,8,114641,68,b6e0dacfb33a311ae6145537,2025-10-05T08:22:16+01:00,1153.8,312.9,bench-host-01,peer-scaling-2025-10
PEER-08-R5,8,114641,69,f851fd158c40dd3eaad54aca,2025-10-05T08:22:17+01:00,1106.1,318.7,bench-host-01,peer-scaling-2025-10
PEER-08-R5,8,114641,70,25a86f359d7fcfc42e0cb306,2025-10-05T08:22:17+01:00,1081.2,327.7,bench-host-01,peer-scaling-2025-10
PEER-08-R5,8,114641,71,5b25f871e40fe87f1c39a25e,2025-10-05T08:22:18+01:00,1124.7,331.7,bench-host-01,peer-scaling-2025-10
PEER-08-R5,8,114641,72,a8f9a8c8c3281329e4a17fe5,2025-10-05T08:22:19+01:00,1190.0,322.2,bench-host-01,peer-scaling-2025-10
PEER-08-R5,8,114641,73,582894b1e044c08fcfe5cad9,2025-10-05T08:22:19+01:00,1191.7,317.6,bench-host-01,peer-scaling-2025-10
PEER-08-R5,8,114641,74,c8ff47c3de7055438e1d5096,2025-10-05T08:22:20+01:00,1166.3,308.7,bench-host-01,peer-scaling-2025-10
PEER-08-R5,8,114641,75,c12c1a80e84bcfa25f0c912f,2025-10-05T08:22:20+01:00,1098.2,324.8,bench-host-01,peer-scaling-2025-10
PEER-08-R5,8,114641,76,8dbf700620dd26edbb819f91,2025-10-05T08:22:21+01:00,1199.3,321.1,bench-host-01,peer-scaling-2025-10
PEER-08-R5,8,114641,77,d17ae784d8cd75d47acfb08f,2025-10-05T08:22:22+01:00,1175.2,324.1,bench-host-01,peer-scaling-2025-10
PEER-08-R5,8,114641,78,fcb1b15fa23b86f0c2862aa7,2025-10-05T08:22:22+01:00,1148.0,323.5,bench-host-01,peer-scaling-2025-10
PEER-08-R5,8,114641,79,f7e1c03a95cb0d1fac0099d0,2025-10-05T08:22:23+01:00,1201.8,323.1,bench-host-01,peer-scaling-2025-10
PEER-08-R5,8,114641,80,643ba11081034918e9e5793e,2025-10-05T08:22:23+01:00,1028.8,317.6,bench-host-01,peer-scaling-2025-10
PEER-08-R5,8,114642,81,2883e5f17e10e98d3b1ad469,2025-10-05T08:22:24+01:00,1137.9,317.4,bench-host-01,peer-scaling-2025-10
PEER-08-R5,8,114642,82,610dc6ec0b2cd3b32dfc5672,2025-10-05T08:22:24+01:00,1175.4,322.6,bench-host-01,peer-scaling-2025-10
PEER-08-R5,8,114642,83,2a81b2258296fcdb271c7027,2025-10-05T08:22:25+01:00,1170.0,319.5,bench-host-01,peer-scaling-2025-10
PEER-08-R5,8,114643,84,919e34bc9e0f64b8c1f46692,2025-10-05T08:22:26+01:00,1231.3,315.2,bench-host-01,peer-scaling-2025-10
PEER-08-R5,8,114643,85,93b5b939364b2d622d05593d,2025-10-05T08:22:26+01:00,1176.6,326.2,bench-host-01,peer-scaling-2025-10
PEER-08-R5,8,114643,86,46f9acf0b37cff3d9bcce0a3,2025-10-05T08:22:27+01:00,1121.8,321.2,bench-host-01,peer-scaling-2025-10
PEER-08-R5,8,114643,87,c7f7c06e19a4001f730372b7,2025-10-05T08:22:27+01:00,1168.8,319.9,bench-host-01,peer-scaling-2025-10
PEER-08-R5,8,114643,88,9da16811d332fa316b2fc3f6,2025-10-05T08:22:28+01:00,1199.4,313.6,bench-host-01,peer-scaling-2025-10
PEER-08-R5,8,114643,89,b62ab23a6f0340237af92740,2025-10-05T08:22:28+01:00,1129.7,321.5,bench-host-01,peer-scaling-2025-10
PEER-08-R5,8,114643,90,d4deea054c823be9aece14d7,2025-10-05T08:22:29+01:00,1189.9,315.4,bench-host-01,peer-scaling-2025-10
PEER-08-R5,8,114643,91,9feb6a293f6b5abdad2796c8,2025-10-05T08:22:30+01:00,1128.3,323.0,bench-host-01,peer-scaling-2025-10
PEER-08-R5,8,114643,92,fb1ba3d0389133ae5434227e,2025-10-05T08:22:30+01:00,1103.9,319.3,bench-host-01,peer-scaling-2025-10
PEER-08-R5,8,114643,93,eae31115dcf3abba53da7311,2025-10-05T08:22:31+01:00,1096.1,315.9,bench-host-01,peer-scaling-2025-10
PEER-08-R5,8,114643,94,78309b7e6e8c116da81bbd09,2025-10-05T08:22:31+01:00,1124.1,319.9,bench-host-01,peer-scaling-2025-10
PEER-08-R5,8,114643,95,576cca2966d990beefff2e6c,2025-10-05T08:22:32+01:00,1187.5,323.1,bench-host-01,peer-scaling-2025-10
PEER-08-R5,8,114643,96,448ea99a952ee2a6870f3aac,2025-10-05T08:22:32+01:00,1180.8,318.4,bench-host-01,peer-scaling-2025-10
PEER-08-R5,8,114643,97,762b5f4724f4b9f157c47cb3,2025-10-05T08:22:33+01:00,1158.5,316.5,bench-host-01,peer-scaling-2025-10
PEER-08-R5,8,114643,98,a5ac0bd36a4c60084de39213,2025-10-05T08:22:34+01:00,1191.5,324.3,bench-host-01,peer-scaling-2025-10
PEER-08-R5,8,114643,99,8caec57f7e74a88c34bda871,2025-10-05T08:22:34+01:00,1175.0,321.3,bench-host-01,peer-scaling-2025-10
PEER-08-R5,8,114643,100,ac434d677dc030eab81f7155,2025-10-05T08:22:35+01:00,1072.6,320.0,bench-host-01,peer-scaling-2025-10
PEER-08-R5,8,114643,101,839612158c2bde45a72596c8,2025-10-05T08:22:35+01:00,1182.6,316.1,bench-host-01,peer-scaling-2025-10
PEER-08-R5,8,114643,102,ca50897bd4f7982d83c60d61,2025-10-05T08:22:36+01:00,1120.3,314.4,bench-host-01,peer-scaling-2025-10
PEER-08-R5,8,114643,103,0f098b981dcab521a9698a15,2025-10-05T08:22:36+01:00,1136.9,321.5,bench-host-01,peer-scaling-2025-10
PEER-08-R5,8,114643,104,e22766c51583a085a9e62848,2025-10-05T08:22:37+01:00,1060.3,316.7,bench-host-01,peer-scaling-2025-10
PEER-08-R5,8,114643,105,a637194c5f3b9c9bae7c4ec5,2025-10-05T08:22:38+01:00,1145.3,319.6,bench-host-01,peer-scaling-2025-10
PEER-08-R5,8,114643,106,a5dec890b3effe53b662a96b,2025-10-05T08:22:38+01:00,1219.1,311.5,bench-host-01,peer-scaling-2025-10
PEER-08-R5,8,114643,107,70e642cc6a2f784ac3c4c4cb,2025-10-05T08:22:39+01:00,1148.4,327.6,bench-host-01,peer-scaling-2025-10
PEER-08-R5,8,114643,108,18b3be52143879eb1144ca73,2025-10-05T08:22:39+01:00,1102.6,322.9,bench-host-01,peer-scaling-2025-10
PEER-08-R5,8,114643,109,c2b1b2fb7d12168037d75615,2025-10-05T08:22:40+01:00,1006.2,314.4,bench-host-01,peer-scaling-2025-10
PEER-08-R5,8,114644,110,e00243b9aa4ee14da660d5cd,2025-10-05T08:22:40+01:00,1131.3,331.7,bench-host-01,peer-scaling-2025-10
PEER-08-R5,8,114644,111,566117f6b8670ddad8b663cf,2025-10-05T08:22:41+01:00,1146.9,315.4,bench-host-01,peer-scaling-2025-10
PEER-08-R5,8,114645,112,2228735e040ee4f0994efa28,2025-10-05T08:22:42+01:00,1194.4,317.7,bench-host-01,peer-scaling-2025-10
PEER-08-R5,8,114645,113,b6223b2ec071aa88e4dd0ddb,2025-10-05T08:22:42+01:00,1136.5,314.4,bench-host-01,peer-scaling-2025-10
PEER-08-R5,8,114645,114,e17e5b4fcba47aa02999f332,2025-10-05T08:22:43+01:00,1128.8,318.7,bench-host-01,peer-scaling-2025-10
PEER-08-R5,8,114645,115,d09a9a78605ecff4cb9a6e06,2025-10-05T08:22:43+01:00,1098.6,313.3,bench-host-01,peer-scaling-2025-10
PEER-08-R5,8,114645,116,8f636e59e9e28685e4202dd0,2025-10-05T08:22:44+01:00,1238.8,324.0,bench-host-01,peer-scaling-2025-10
PEER-08-R5,8,114646,117,60b289e23c1b7f9199cf9b6d,2025-10-05T08:22:45+01:00,1235.2,319.0,bench-host-01,peer-scaling-2025-10
PEER-08-R5,8,114646,118,abc559103454fe30eede2162,2025-10-05T08:22:45+01:00,1140.3,314.5,bench-host-01,peer-scaling-2025-10
PEER-08-R5,8,114646,119,7e4bdcc95e637845521a955c,2025-10-05T08:22:46+01:00,1222.9,324.0,bench-host-01,peer-scaling-2025-10
PEER-08-R5,8,114646,120,583a99d4c4a30248764c375e,2025-10-05T08:22:46+01:00,1086.1,318.1,bench-host-01,peer-scaling-2025-10
PEER-08-R5,8,114646,121,3ff1a04b63b34f7a790f70a5,2025-10-05T08:22:47+01:00,1135.7,315.6,bench-host-01,peer-scaling-2025-10
PEER-08-R5,8,114646,122,f9d49d305a2ffbf8f9fc42f6,2025-10-05T08:22:47+01:00,1101.8,326.3,bench-host-01,peer-scaling-2025-10
PEER-08-R5,8,114646,123,06152f26c5aafa915ba9c8d6,2025-10-05T08:22:48+01:00,1135.3,312.9,bench-host-01,peer-scaling-2025-10
PEER-08-R5,8,114646,124,18a95b89dd6ea3c529a00b71,2025-10-05T08:22:49+01:00,1226.4,321.1,bench-host-01,peer-scaling-2025-10
PEER-08-R5,8,114646,125,a3129471aab15f5e82785488,2025-10-05T08:22:49+01:00,1104.7,328.0,bench-host-01,peer-scaling-2025-10
PEER-08-R5,8,114646,126,27e8113feaf403abc05b0670,2025-10-05T08:22:50+01:00,1144.1,320.8,bench-host-01,peer-scaling-2025-10
PEER-08-R5,8,114646,127,96eafb624f09c18f4c266e3c,2025-10-05T08:22:50+01:00,1214.6,328.7,bench-host-01,peer-scaling-2025-10
PEER-08-R5,8,114646,128,abd66f6ed606d4650a2eb127,2025-10-05T08:22:51+01:00,1180.0,320.7,bench-host-01,peer-scaling-2025-10
PEER-08-R5,8,114646,129,3c17b14d28fcdc63e9129f44,2025-10-05T08:22:51+01:00,1201.5,319.2,bench-host-01,peer-scaling-2025-10
PEER-32-R6,32,423659,0,a05fe421d29c87c32f0253e5,2025-10-05T13:22:52+01:00,771.0,317.0,bench-host-01,peer-scaling-2025-10
PEER-32-R6,32,423659,1,6a88d6e750b559ffafe07dee,2025-10-05T13:22:52+01:00,902.2,313.7,bench-host-01,peer-scaling-2025-10
PEER-32-R6,32,423659,2,20c63a5b914c10054af3d524,2025-10-05T13:22:53+01:00,754.6,314.7,bench-host-01,peer-scaling-2025-10
PEER-32-R6,32,423659,3,3d427ffee748b7ff65d24520,2025-10-05T13:22:53+01:00,849.8,319.2,bench-host-01,peer-scaling-2025-10
PEER-32-R6,32,423659,4,cc8ca98f105eb395f072a147,2025-10-05T13:22:54+01:00,694.2,314.4,bench-host-01,peer-scaling-2025-10
PEER-32-R6,32,423659,5,374c3ddc5a49d648ca1b895d,2025-10-05T13:22:54+01:00,810.5,316.4,bench-host-01,peer-scaling-2025-10
PEER-32-R6,32,423659,6,1df72fbc20b6494f790e02d5,2025-10-05T13:22:54+01:00,807.4,312.0,bench-host-01,peer-scaling-2025-10
PEER-32-R6,32,423659,7,5f50d99e6554aa34fd1656b9,2025-10-05T13:22:55+01:00,797.3,309.9,bench-host-01,peer-scaling-2025-10
PEER-32-R6,32,423659,8,44ee2fadb78a380345da2ba7,2025-10-05T13:22:55+01:00,746.4,325.3,bench-host-01,peer-scaling-2025-10
PEER-32-R6,32,423659,9,29369ce29b96a8f8623cd265,2025-10-05T13:22:56+01:00,797.8,318.2,bench-host-01,peer-scaling-2025-10
PEER-32-R6,32,423659,10,d98673696aaafcdf0e527fc3,2025-10-05T13:22:56+01:00,755.8,313.1,bench-host-01,peer-scaling-2025-10
PEER-32-R6,32,423660,11,9327c2603cd387876c23d39a,2025-10-05T13:22:56+01:00,831.0,325.8,bench-host-01,peer-scaling-2025-10
PEER-32-R6,32,423660,12,8059168d5463f60e6000d0d1,2025-10-05T13:22:57+01:00,822.5,312.6,bench-host-01,peer-scaling-2025-10
PEER-32-R6,32,423660,13,de2dbfd735ae8d34bdfde529,2025-10-05T13:22:57+01:00,748.3,316.1,bench-host-01,peer-scaling-2025-10
PEER-32-R6,32,423660,14,ba0fa9f91240c667633e1da8,2025-10-05T13:22:58+01:00,684.8,315.6,bench-host-01,peer-scaling-2025-10
PEER-32-R6,32,423660,15,e51d404c3da98a0f802f435f,2025-10-05T13:22:58+01:00,722.1,317.6,bench-host-01,peer-scaling-2025-10
PEER-32-R6,32,423660,16,a1de9e6a1c0ad2f2f9ea91f7,2025-10-05T13:22:58+01:00,862.9,315.2,bench-host-01,peer-scaling-2025-10
PEER-32-R6,32,423660,17,33d04a14b43272c759e4523e,2025-10-05T13:22:59+01:00,881.4,321.5,bench-host-01,peer-scaling-2025-10
PEER-32-R6,32,423660,18,c159f0badabede2bb6987b7a,2025-10-05T13:22:59+01:00,867.2,318.5,bench-host-01,peer-scaling-2025-10
PEER-32-R6,32,423660,19,bfd23b668dbe385c550d90ba,2025-10-05T13:23:00+01:00,846.6,325.7,bench-host-01,peer-scaling-2025-10
PEER-32-R6,32,423660,20,18ee11a6d03716be28cb0f62,2025-10-05T13:23:00+01:00,770.8,325.0,bench-host-01,peer-scaling-2025-10
PEER-32-R6,32,423660,21,6f15404ff7987822e3ba8608,2025-10-05T13:23:00+01:00,815.7,316.1,bench-host-01,peer-scaling-2025-10
PEER-32-R6,32,423660,22,c658f1c5424ffbdc6945d721,2025-10-05T13:23:01+01:00,771.4,322.1,bench-host-01,peer-scaling-2025-10
PEER-32-R6,32,423660,23,e595af724017bc568c7434da,2025-10-05T13:23:01+01:00,896.7,314.8,bench-host-01,peer-scaling-2025-10
PEER-32-R6,32,423660,24,dd08a06e367ba7b54f5c6246,2025-10-05T13:23:02+01:00,849.0,317.2,bench-host-01,peer-scaling-2025-10
PEER-32-R6,32,423660,25,e55682b26c7eccd047160cbf,2025-10-05T13:23:02+01:00,799.8,316.1,bench-host-01,peer-scaling-2025-10
PEER-32-R6,32,423660,26,319e3099e697cffcc20c08c2,2025-10-05T13:23:03+01:00,834.9,308.4,bench-host-01,peer-scaling-2025-10
PEER-32-R6,32,423660,27,1cd0ed37106aa846503440c4,2025-10-05T13:23:03+01:00,880.7,311.5,bench-host-01,peer-scaling-2025-10
PEER-32-R6,32,423660,28,1f96393ad90606ac6990bbc8,2025-10-05T13:23:03+01:00,769.0,311.2,bench-host-01,peer-scaling-2025-10
PEER-32-R6,32,423660,29,38d4b44c1c19d39fd5c33bc8,2025-10-05T13:23:04+01:00,733.6,311.9,bench-host-01,peer-scaling-2025-10
PEER-32-R6,32,423660,30,da0bb25bc3b813130c55fb40,2025-10-05T13:23:04+01:00,838.7,312.8,bench-host-01,peer-scaling-2025-10
PEER-32-R6,32,423660,31,1ec706d2b5c12d989db8310a,2025-10-05T13:23:05+01:00,740.8,321.6,bench-host-01,peer-scaling-2025-10
PEER-32-R6,32,423660,32,395f2d1606b958439c260982,2025-10-05T13:23:05+01:00,837.2,317.0,bench-host-01,peer-scaling-2025-10
PEER-32-R6,32,423660,33,af8b420c5bfed5bf9543d410,2025-10-05T13:23:05+01:00,735.8,320.4,bench-host-01,peer-scaling-2025-10
PEER-32-R6,32,423660,34,20115e87e756c21927372c0b,2025-10-05T13:23:06+01:00,840.2,313.3,bench-host-01,peer-scaling-2025-10
PEER-32-R6,32,423660,35,38da697b2c66a7f216edb0f1,2025-10-05T13:23:06+01:00,921.2,314.9,bench-host-01,peer-scaling-2025-10
PEER-32-R6,32,423660,36,ae7c8c86a9785d06936bb6fd,2025-10-05T13:23:07+01:00,814.7,321.0,bench-host-01,peer-scaling-2025-10
PEER-32-R6,32,423660,37,cf6223929ab58ff19b95445a,2025-10-05T13:23:07+01:00,732.6,318.0,bench-host-01,peer-scaling-2025-10
PEER-32-R6,32,423660,38,6828f8719dad6f70fef2bb8b,2025-10-05T13:23:07+01:00,867.3,321.5,bench-host-01,peer-scaling-2025-10
PEER-32-R6,32,423661,39,19763b51e890bec0434091f0,2025-10-05T13:23:08+01:00,688.2,319.7,bench-host-01,peer-scaling-2025-10
PEER-32-R6,32,423661,40,e0965cbe057a706d04c9fb5f,2025-10-05T13:23:08+01:00,892.9,311.8,bench-host-01,peer-scaling-2025-10
PEER-32-R6,32,423661,41,182dfb3c8c5aea5b353e566d,2025-10-05T13:23:09+01:00,726.9,324.7,bench-host-01,peer-scaling-2025-10
PEER-32-R6,32,423661,42,8402e0d3dfa04c0a54d94bd4,2025-10-05T13:23:09+01:00,756.0,315.5,bench-host-01,peer-scaling-2025-10
PEER-32-R6,32,423661,43,29793a9de3820ace0938f3f5,2025-10-05T13:23:09+01:00,744.0,313.4,bench-host-01,peer-scaling-2025-10
PEER-32-R6,32,423661,44,b12ca645aacad0b5f93e12bb,2025-10-05T13:23:10+01:00,811.9,320.8,bench-host-01,peer-scaling-2025-10
PEER-32-R6,32,423661,45,956264afe0a7d09494d64f19,2025-10-05T13:23:10+01:00,779.3,312.4,bench-host-01,peer-scaling-2025-10
PEER-32-R6,32,423661,46,94068b59522ad0cf04856bfa,2025-10-05T13:23:11+01:00,819.6,316.1,bench-host-01,peer-scaling-2025-10
PEER-32-R6,32,423661,47,ce5c886b40d9d1c01b4d62ea,2025-10-05T13:23:11+01:00,809.7,318.2,bench-host-01,peer-scaling-2025-10
PEER-32-R6,32,423661,48,3846e0fb1f7c85f71346db0f,2025-10-05T13:23:11+01:00,775.4,322.7,bench-host-01,peer-scaling-2025-10
PEER-32-R6,32,423661,49,9a91f5a9c47719870a274f78,2025-10-05T13:23:12+01:00,768.3,320.4,bench-host-01,peer-scaling-2025-10
PEER-32-R6,32,423661,50,4b00b2a480460f102e83702e,2025-10-05T13:23:12+01:00,783.2,323.6,bench-host-01,peer-scaling-2025-10
PEER-32-R6,32,423661,51,29081b196d82f6442da90b11,2025-10-05T13:23:13+01:00,866.5,314.7,bench-host-01,peer-scaling-2025-10
PEER-32-R6,32,423661,52,5784844a7e91e4eb7f810b4f,2025-10-05T13:23:13+01:00,938.0,323.5,bench-host-01,peer-scaling-2025-10
PEER-32-R6,32,423661,53,d11592a3e80d7c28e196caf3,2025-10-05T13:23:13+01:00,825.1,322.0,bench-host-01,peer-scaling-2025-10
PEER-32-R6,32,423662,54,049c4f49fd677d83066e8bb4,2025-10-05T13:23:14+01:00,856.9,309.1,bench-host-01,peer-scaling-2025-10
PEER-32-R6,32,423662,55,1b5847eb103d0fbcafb4912d,2025-10-05T13:23:14+01:00,790.2,314.1,bench-host-01,peer-scaling-2025-10
PEER-32-R6,32,423662,56,2334a760799c43d6d5d7f6e1,2025-10-05T13:23:15+01:00,766.2,314.9,bench-host-01,peer-scaling-2025-10
PEER-32-R6,32,423662,57,0c5bd95f29417c2c3e1f9d34,2025-10-05T13:23:15+01:00,730.0,321.7,bench-host-01,peer-scaling-2025-10
PEER-32-R6,32,423662,58,522725b1d409e2f47ac36c29,2025-10-05T13:23:16+01:00,809.6,325.7,bench-host-01,peer-scaling-2025-10
PEER-32-R6,32,423662,59,0b1ef5850c417c3f61876451,2025-10-05T13:23:16+01:00,835.8,311.3,bench-host-01,peer-scaling-2025-10
PEER-32-R6,32,423663,60,482d2009e7f7478581e640b0,2025-10-05T13:23:16+01:00,767.6,313.6,bench-host-01,peer-scaling-2025-10
PEER-32-R6,32,423663,61,dcea270b8585c8dc10fc73ec,2025-10-05T13:23:17+01:00,775.3,321.8,bench-host-01,peer-scaling-2025-10
PEER-32-R6,32,423663,62,826d820ec32bd9af0fe2372b,2025-10-05T13:23:17+01:00,801.6,312.6,bench-host-01,peer-scaling-2025-10
PEER-32-R6,32,423663,63,3f7b7526d5bb2a29573c9982,2025-10-05T13:23:18+01:00,913.7,309.5,bench-host-01,peer-scaling-2025-10
PEER-32-R6,32,423663,64,8ef8a6bbd6d35a768ef42d5f,2025-10-05T13:23:18+01:00,879.0,316.1,bench-host-01,peer-scaling-2025-10
PEER-32-R6,32,423663,65,b34c3757413adde2b24c2bd8,2025-10-05T13:23:18+01:00,821.9,312.9,bench-host-01,peer-scaling-2025-10
PEER-32-R6,32,423663,66,30e76c210385699ce1d5f1f3,2025-10-05T13:23:19+01:00,855.2,326.7,bench-host-01,peer-scaling-2025-10
PEER-32-R6,32,423663,67,3b7c107a15eab9b0b0a7aff3,2025-10-05T13:23:19+01:00,747.4,318.3,bench-host-01,peer-scaling-2025-10
PEER-32-R6,32,423663,68,59d4baac9d4637f2b5694807,2025-10-05T13:23:20+01:00,901.4,313.4,bench-host-01,peer-scaling-2025-10
PEER-32-R6,32,423663,69,d212099ae7d145791bdd0b0a,2025-10-05T13:23:20+01:00,852.5,314.7,bench-host-01,peer-scaling-2025-10
PEER-32-R6,32,423664,70,ceadb1306723778e7fc3b872,2025-10-05T13:23:20+01:00,919.2,314.5,bench-host-01,peer-scaling-2025-10
PEER-32-R6,32,423664,71,d1d014eebd99fff2a9103fcc,2025-10-05T13:23:21+01:00,901.2,314.3,bench-host-01,peer-scaling-2025-10
PEER-32-R6,32,423665,72,16633a75713199599990be59,2025-10-05T13:23:21+01:00,814.7,321.2,bench-host-01,peer-scaling-2025-10
PEER-32-R6,32,423665,73,02562299cd91f6807cefc631,2025-10-05T13:23:22+01:00,859.7,319.5,bench-host-01,peer-scaling-2025-10
PEER-32-R6,32,423665,74,0623b61fe45545cb068fbeff,2025-10-05T13:23:22+01:00,845.8,325.7,bench-host-01,peer-scaling-2025-10
PEER-32-R6,32,423665,75,29a8461d60a1467ff2972e51,2025-10-05T13:23:22+01:00,837.6,322.2,bench-host-01,peer-scaling-2025-10
PEER-32-R6,32,423665,76,be9532787513a4c0d940c63a,2025-10-05T13:23:23+01:00,837.0,320.7,bench-host-01,peer-scaling-2025-10
PEER-32-R6,32,423665,77,31ceed8f7f5cb62aa2180fe2,2025-10-05T13:23:23+01:00,916.9,320.4,bench-host-01,peer-scaling-2025-10
PEER-32-R6,32,423665,78,62419a884be63117b12aadb8,2025-10-05T13:23:24+01:00,787.5,314.1,bench-host-01,peer-scaling-2025-10
PEER-32-R6,32,423665,79,c8645155264f5b46cf62ec5d,2025-10-05T13:23:24+01:00,787.9,311.7,bench-host-01,peer-scaling-2025-10
PEER-32-R6,32,423665,80,88bc776b9a8e49a1c88bfc96,2025-10-05T13:23:24+01:00,756.3,328.7,bench-host-01,peer-scaling-2025-10
PEER-32-R6,32,423665,81,0ef3f566eed067c6faa4f46c,2025-10-05T13:23:25+01:00,839.6,311.3,bench-host-01,peer-scaling-2025-10
PEER-32-R6,32,423665,82,10ef6a2e2ab019752b3b2f5d,2025-10-05T13:23:25+01:00,813.4,318.3,bench-host-01,peer-scaling-2025-10
PEER-32-R6,32,423665,83,336fc654c7243a349d8bc2a0,2025-10-05T13:23:26+01:00,828.4,312.1,bench-host-01,peer-scaling-2025-10
PEER-32-R6,32,423666,84,f7597ca91ada4cf4eede64cd,2025-10-05T13:23:26+01:00,848.4,316.7,bench-host-01,peer-scaling-2025-10
PEER-32-R6,32,423666,85,a20e2efea21f46e3005443e0,2025-10-05T13:23:26+01:00,824.9,319.6,bench-host-01,peer-scaling-2025-10
PEER-32-R6,32,423666,86,e87dee8647227c755f300655,2025-10-05T13:23:27+01:00,829.2,314.0,bench-host-01,peer-scaling-2025-10
PEER-32-R6,32,423666,87,be1b473f17dfc2ffda8e6251,2025-10-05T13:23:27+01:00,779.6,312.1,bench-host-01,peer-scaling-2025-10
PEER-32-R6,32,423667,88,96dd33f982a617321913b57e,2025-10-05T13:23:28+01:00,863.3,321.0,bench-host-01,peer-scaling-2025-10
PEER-32-R6,32,423667,89,e29ba91538fedceaa663663c,2025-10-05T13:23:28+01:00,876.4,321.2,bench-host-01,peer-scaling-2025-10
PEER-32-R6,32,423668,90,477c14ce1f49b6988a379630,2025-10-05T13:23:29+01:00,776.0,320.0,bench-host-01,peer-scaling-2025-10
PEER-32-R6,32,423669,91,3117fafbcb0ade417c7a6d2e,2025-10-05T13:23:29+01:00,807.9,314.9,bench-host-01,peer-scaling-2025-10
PEER-32-R6,32,423669,92,5471149715383bebec27d68d,2025-10-05T13:23:29+01:00,795.5,314.6,bench-host-01,peer-scaling-2025-10
PEER-32-R6,32,423669,93,f4e26e5d72ba3976c11e11e3,2025-10-05T13:23:30+01:00,738.7,319.6,bench-host-01,peer-scaling-2025-10
PEER-32-R6,32,423669,94,32bb568e47186b7c54fdac6e,2025-10-05T13:23:30+01:00,796.0,321.4,bench-host-01,peer-scaling-2025-10
PEER-32-R6,32,423669,95,00cd655837540b16a50637ec,2025-10-05T13:23:31+01:00,923.0,314.6,bench-host-01,peer-scaling-2025-10
PEER-32-R6,32,423670,96,fb86d8bb89c83c36292d41f2,2025-10-05T13:23:31+01:00,777.6,319.4,bench-host-01,peer-scaling-2025-10
PEER-32-R6,32,423670,97,7513f3e527f5b39b6bffd89b,2025-10-05T13:23:31+01:00,868.5,325.8,bench-host-01,peer-scaling-2025-10
PEER-32-R6,32,423670,98,59fffe68c9240ff359ff4652,2025-10-05T13:23:32+01:00,812.5,309.2,bench-host-01,peer-scaling-2025-10
PEER-32-R6,32,423670,99,95176fbfb43af477a8c09622,2025-10-05T13:23:32+01:00,910.6,318.2,bench-host-01,peer-scaling-2025-10
PEER-32-R6,32,423670,100,a592d257133e5ae50b113722,2025-10-05T13:23:33+01:00,826.9,318.2,bench-host-01,peer-scaling-2025-10
PEER-32-R6,32,423670,101,a297612bafa4ba206c04dd7f,2025-10-05T13:23:33+01:00,792.8,321.1,bench-host-01,peer-scaling-2025-10
PEER-32-R6,32,423670,102,00ca634bb149345420bf9b6f,2025-10-05T13:23:33+01:00,773.1,309.0,bench-host-01,peer-scaling-2025-10
PEER-32-R6,32,423670,103,800b38861086a2dc944e660e,2025-10-05T13:23:34+01:00,860.0,313.6,bench-host-01,peer-scaling-2025-10
PEER-32-R6,32,423670,104,cfc753e33bbf4375330ea604,2025-10-05T13:23:34+01:00,869.0,314.3,bench-host-01,peer-scaling-2025-10
PEER-32-R6,32,423671,105,39d1af6cbcc96d0afe63b813,2025-10-05T13:23:35+01:00,833.2,312.6,bench-host-01,peer-scaling-2025-10
PEER-32-R6,32,423671,106,7182ca09b1d7461abafc1458,2025-10-05T13:23:35+01:00,780.2,321.4,bench-host-01,peer-scaling-2025-10
PEER-32-R6,32,423671,107,ee65c1c5059e1060b13d8940,2025-10-05T13:23:35+01:00,767.3,320.9,bench-host-01,peer-scaling-2025-10
PEER-32-R6,32,423671,108,a00ea5c56a62717c6d0dc7ed,2025-10-05T13:23:36+01:00,895.8,321.1,bench-host-01,peer-scaling-2025-10
PEER-32-R6,32,423671,109,9a00672e82ff1f1173ed6b26,2025-10-05T13:23:36+01:00,764.5,316.3,bench-host-01,peer-scaling-2025-10
PEER-32-R6,32,423671,110,3fdb2bba0866b12ca0ef6aa2,2025-10-05T13:23:37+01:00,707.2,315.7,bench-host-01,peer-scaling-2025-10
PEER-32-R6,32,423671,111,2e33bd27d5a3e6c72fae4510,2025-10-05T13:23:37+01:00,982.1,314.0,bench-host-01,peer-scaling-2025-10
PEER-32-R6,32,423671,112,4294e5d9b856650b7f8dee43,2025-10-05T13:23:37+01:00,775.1,327.5,bench-host-01,peer-scaling-2025-10
PEER-32-R6,32,423671,113,5a8c22beab82323035989788,2025-10-05T13:23:38+01:00,790.9,319.1,bench-host-01,peer-scaling-2025-10
PEER-32-R6,32,423671,114,587ed1f1b4ec3d5ee228ac9e,2025-10-05T13:23:38+01:00,767.6,325.9,bench-host-01,peer-scaling-2025-10
PEER-32-R6,32,423671,115,258599acceffaa433627e206,2025-10-05T13:23:39+01:00,778.3,327.8,bench-host-01,peer-scaling-2025-10
PEER-32-R6,32,423671,116,eb56307870e983037de10c8f,2025-10-05T13:23:39+01:00,713.1,311.4,bench-host-01,peer-scaling-2025-10
PEER-32-R6,32,423671,117,1541c5391c3e0904dc2b4fd7,2025-10-05T13:23:39+01:00,770.5,316.3,bench-host-01,peer-scaling-2025-10
PEER-32-R6,32,423671,118,6cafda82f350d43f7b38e385,2025-10-05T13:23:40+01:00,872.4,310.1,bench-host-01,peer-scaling-2025-10
PEER-32-R6,32,423671,119,e052d43bf789f0fe72da8ec7,2025-10-05T13:23:40+01:00,876.3,324.0,bench-host-01,peer-scaling-2025-10
PEER-32-R6,32,423671,120,15b47b47d50d06a8a7c92b8f,2025-10-05T13:23:41+01:00,745.3,309.9,bench-host-01,peer-scaling-2025-10
PEER-32-R6,32,423671,121,4f21cebaee5a965d59086a93,2025-10-05T13:23:41+01:00,780.7,326.0,bench-host-01,peer-scaling-2025-10
PEER-32-R6,32,423671,122,eb0f7027e9e597a051dbb938,2025-10-05T13:23:41+01:00,787.8,316.2,bench-host-01,peer-scaling-2025-10
PEER-32-R6,32,423671,123,ae378f9f4ca504ff8cb896b8,2025-10-05T13:23:42+01:00,794.4,315.4,bench-host-01,peer-scaling-2025-10
PEER-32-R6,32,423671,124,e2f54d036779f29946205830,2025-10-05T13:23:42+01:00,794.6,314.1,bench-host-01,peer-scaling-2025-10
PEER-32-R6,32,423671,125,842e8e101d268577b575801c,2025-10-05T13:23:43+01:00,870.1,318.1,bench-host-01,peer-scaling-2025-10
PEER-32-R6,32,423671,126,53f51aa8defa784580a3e993,2025-10-05T13:23:43+01:00,820.1,309.7,bench-host-01,peer-scaling-2025-10
PEER-32-R6,32,423671,127,b8a83728f11444c31373b8c5,2025-10-05T13:23:44+01:00,878.8,321.7,bench-host-01,peer-scaling-2025-10
PEER-32-R6,32,423671,128,421e0323bf89cc24f681683d,2025-10-05T13:23:44+01:00,834.0,323.4,bench-host-01,peer-scaling-2025-10
PEER-32-R6,32,423671,129,5d5284a3c8dd3c3108462927,2025-10-05T13:23:44+01:00,790.9,316.7,bench-host-01,peer-scaling-2025-10
PEER-16-R6,16,146433,0,5cf6219fd77c70d9ac3fb8c8,2025-10-05T18:23:45+01:00,1015.1,327.5,bench-host-01,peer-scaling-2025-10
PEER-16-R6,16,146433,1,99abb9a9c553a011e2044497,2025-10-05T18:23:45+01:00,1004.0,325.4,bench-host-01,peer-scaling-2025-10
PEER-16-R6,16,146433,2,fd118ad4fcca87011bf94cdc,2025-10-05T18:23:46+01:00,1097.0,318.1,bench-host-01,peer-scaling-2025-10
PEER-16-R6,16,146433,3,82d47c75b5604fec606530c5,2025-10-05T18:23:46+01:00,1073.8,317.8,bench-host-01,peer-scaling-2025-10
PEER-16-R6,16,146433,4,93d8d765f8de30ce5a0b8cba,2025-10-05T18:23:47+01:00,999.1,329.4,bench-host-01,peer-scaling-2025-10
PEER-16-R6,16,146433,5,8598093856028330c6b47a72,2025-10-05T18:23:47+01:00,1144.7,318.1,bench-host-01,peer-scaling-2025-10
PEER-16-R6,16,146433,6,06f3d7d1ad5c80af4c1a3dcc,2025-10-05T18:23:48+01:00,1066.0,325.1,bench-host-01,peer-scaling-2025-10
PEER-16-R6,16,146433,7,31e8dc4a114f33204562d244,2025-10-05T18:23:48+01:00,1015.4,322.9,bench-host-01,peer-scaling-2025-10
PEER-16-R6,16,146433,8,c389bc6df0f1f907bbae3a38,2025-10-05T18:23:49+01:00,1090.0,316.9,bench-host-01,peer-scaling-2025-10
PEER-16-R6,16,146433,9,b2ecf9ab59d73046ed3a2f12,2025-10-05T18:23:49+01:00,1013.7,317.9,bench-host-01,peer-scaling-2025-10
PEER-16-R6,16,146433,10,4e722a9131956020bb2131f2,2025-10-05T18:23:50+01:00,1035.7,317.1,bench-host-01,peer-scaling-2025-10
PEER-16-R6,16,146433,11,2951ec4125414ed5bc3358d0,2025-10-05T18:23:51+01:00,1126.0,319.8,bench-host-01,peer-scaling-2025-10
PEER-16-R6,16,146434,12,569371b814a73643c7ec8b1c,2025-10-05T18:23:51+01:00,1112.2,320.4,bench-host-01,peer-scaling-2025-10
PEER-16-R6,16,146434,13,f6e0be94944bf9f8d469dc5e,2025-10-05T18:23:52+01:00,981.2,322.8,bench-host-01,peer-scaling-2025-10
PEER-16-R6,16,146434,14,0bad9adcddf8959effb64c10,2025-10-05T18:23:52+01:00,1176.5,320.3,bench-host-01,peer-scaling-2025-10
PEER-16-R6,16,146434,15,13ea6c546b5588c81f9f55f2,2025-10-05T18:23:53+01:00,1193.3,326.1,bench-host-01,peer-scaling-2025-10
PEER-16-R6,16,146434,16,633b6a5172811f6a090d73be,2025-10-05T18:23:53+01:00,972.1,320.8,bench-host-01,peer-scaling-2025-10
PEER-16-R6,16,146434,17,1c78702d7d637be8deb38165,2025-10-05T18:23:54+01:00,990.5,319.3,bench-host-01,peer-scaling-2025-10
PEER-16-R6,16,146434,18,05521fc81c53adbf4b3cfebe,2025-10-05T18:23:54+01:00,1020.4,326.7,bench-host-01,peer-scaling-2025-10
PEER-16-R6,16,146434,19,0639bab5e731d4e2013fc699,2025-10-05T18:23:55+01:00,1145.5,323.5,bench-host-01,peer-scaling-2025-10
PEER-16-R6,16,146435,20,40b4d4e9e837fa8bc86b7b2d,2025-10-05T18:23:55+01:00,1001.1,320.4,bench-host-01,peer-scaling-2025-10
PEER-16-R6,16,146435,21,bc534c5edcda94682036609a,2025-10-05T18:23:56+01:00,1115.2,319.7,bench-host-01,peer-scaling-2025-10
PEER-16-R6,16,146435,22,e90e16cd86bdcf30e3a4a9fe,2025-10-05T18:23:56+01:00,1147.0,326.2,bench-host-01,peer-scaling-2025-10
PEER-16-R6,16,146435,23,6640f454dfa2ae82db37851d,2025-10-05T18:23:57+01:00,1077.8,320.4,bench-host-01,peer-scaling-2025-10
PEER-16-R6,16,146435,24,8d2b0cba8045b3f66d7b1d82,2025-10-05T18:23:57+01:00,1106.4,319.6,bench-host-01,peer-scaling-2025-10
PEER-16-R6,16,146435,25,8921c533ae6b873bd4c52751,2025-10-05T18:23:58+01:00,1029.0,316.9,bench-host-01,peer-scaling-2025-10
PEER-16-R6,16,146436,26,b1d1afd3b2fff820a35bdfbd,2025-10-05T18:23:58+01:00,1010.1,319.7,bench-host-01,peer-scaling-2025-10
PEER-16-R6,16,146436,27,acfcc61c03b6b3c10e90589a,2025-10-05T18:23:59+01:00,1042.2,331.4,bench-host-01,peer-scaling-2025-10
PEER-16-R6,16,146436,28,9bea27b9fc5d45d835a30e40,2025-10-05T18:24:00+01:00,1042.3,322.6,bench-host-01,peer-scaling-2025-10
PEER-16-R6,16,146436,29,f4dab004d717165e96d67edd,2025-10-05T18:24:00+01:00,1196.3,321.2,bench-host-01,peer-scaling-2025-10
PEER-16-R6,16,146436,30,06bade6b0e6be81c64d19b9b,2025-10-05T18:24:01+01:00,1084.8,322.4,bench-host-01,peer-scaling-2025-10
PEER-16-R6,16,146436,31,2ea82ada728fcfcad1b88a4e,2025-10-05T18:24:01+01:00,1033.6,311.7,bench-host-01,peer-scaling-2025-10
PEER-16-R6,16,146436,32,c896ec4fdc111f20ab477e1a,2025-10-05T18:24:02+01:00,1044.1,325.8,bench-host-01,peer-scaling-2025-10
PEER-16-R6,16,146437,33,b9f5c8764f13ff4d8832878d,2025-10-05T18:24:02+01:00,1064.5,324.2,bench-host-01,peer-scaling-2025-10
PEER-16-R6,16,146437,34,a80fb0e6c636b397bf5edc20,2025-10-05T18:24:03+01:00,990.5,325.5,bench-host-01,peer-scaling-2025-10
PEER-16-R6,16,146437,35,3b47246ac93174b36604a023,2025-10-05T18:24:03+01:00,1064.7,320.1,bench-host-01,peer-scaling-2025-10
PEER-16-R6,16,146437,36,e0b7f773532636dad4740951,2025-10-05T18:24:04+01:00,1144.3,329.4,bench-host-01,peer-scaling-2025-10
PEER-16-R6,16,146437,37,a7d0f099b57023a7b5c2f3a4,2025-10-05T18:24:04+01:00,1009.9,318.6,bench-host-01,peer-scaling-2025-10
PEER-16-R6,16,146437,38,d294d594bb71716c87a8a0e1,2025-10-05T18:24:05+01:00,1028.1,323.5,bench-host-01,peer-scaling-2025-10
PEER-16-R6,16,146437,39,e810db6173602384129c48a3,2025-10-05T18:24:05+01:00,1107.7,325.1,bench-host-01,peer-scaling-2025-10
PEER-16-R6,16,146437,40,d2abbadb46c329e6a81a70b9,2025-10-05T18:24:06+01:00,1030.5,328.2,bench-host-01,peer-scaling-2025-10
PEER-16-R6,16,146437,41,93d55999ef271e2047f0e043,2025-10-05T18:24:06+01:00,1033.5,323.0,bench-host-01,peer-scaling-2025-10
PEER-16-R6,16,146437,42,4b171a26dade87df766d2a98,2025-10-05T18:24:07+01:00,1104.3,332.4,bench-host-01,peer-scaling-2025-10
PEER-16-R6,16,146437,43,de89abc586381bb3d400b38d,2025-10-05T18:24:07+01:00,1100.4,331.0,bench-host-01,peer-scaling-2025-10
PEER-16-R6,16,146437,44,78a3cbab53b4fadd494e2ba1,2025-10-05T18:24:08+01:00,1090.4,321.4,bench-host-01,peer-scaling-2025-10
PEER-16-R6,16,146437,45,211e0a78a3b555a38488b26b,2025-10-05T18:24:09+01:00,1107.6,320.9,bench-host-01,peer-scaling-2025-10
PEER-16-R6,16,146437,46,ba77923e812fa3ea7b6be6da,2025-10-05T18:24:09+01:00,1088.3,315.2,bench-host-01,peer-scaling-2025-10
PEER-16-R6,16,146437,47,5fbdcc4924758cbbc5af79f5,2025-10-05T18:24:10+01:00,1147.3,325.1,bench-host-01,peer-scaling-2025-10
PEER-16-R6,16,146437,48,4e3d170d4cca76561e7f3bbb,2025-10-05T18:24:10+01:00,1041.8,317.0,bench-host-01,peer-scaling-2025-10
PEER-16-R6,16,146437,49,359c4c103eb6f1adca570880,2025-10-05T18:24:11+01:00,999.6,320.9,bench-host-01,peer-scaling-2025-10
PEER-16-R6,16,146437,50,d6df7252f612fda1157e6572,2025-10-05T18:24:11+01:00,1069.0,311.7,bench-host-01,peer-scaling-2025-10
PEER-16-R6,16,146437,51,8f7fb89d336a1c393dc49f36,2025-10-05T18:24:12+01:00,1007.8,319.6,bench-host-01,peer-scaling-2025-10
PEER-16-R6,16,146437,52,401925a30609ea9731e1e00c,2025-10-05T18:24:12+01:00,1050.2,322.6,bench-host-01,peer-scaling-2025-10
PEER-16-R6,16,146437,53,c3986c56af0deee5ceb0531f,2025-10-05T18:24:13+01:00,1083.0,323.9,bench-host-01,peer-scaling-2025-10
PEER-16-R6,16,146438,54,dcb659bd930d0eebaa97f2e2,2025-10-05T18:24:13+01:00,1107.7,321.3,bench-host-01,peer-scaling-2025-10
PEER-16-R6,16,146438,55,59114c573c1c217d57d301c8,2025-10-05T18:24:14+01:00,1111.4,321.0,bench-host-01,peer-scaling-2025-10
PEER-16-R6,16,146439,56,c73d2eb2413fc11bc49cf5db,2025-10-05T18:24:14+01:00,1026.9,316.6,bench-host-01,peer-scaling-2025-10
PEER-16-R6,16,146439,57,ac827ae5457028e19bdbe6e9,2025-10-05T18:24:15+01:00,1025.6,321.4,bench-host-01,peer-scaling-2025-10
PEER-16-R6,16,146439,58,208a14b3b550739e0e968c21,2025-10-05T18:24:15+01:00,1085.1,320.7,bench-host-01,peer-scaling-2025-10
PEER-16-R6,16,146439,59,8fe7209b247147bfc7b60064,2025-10-05T18:24:16+01:00,1086.4,328.0,bench-host-01,peer-scaling-2025-10
PEER-16-R6,16,146440,60,3dee5ecd2a9c19f2ba1f4e42,2025-10-05T18:24:16+01:00,1026.2,327.2,bench-host-01,peer-scaling-2025-10
PEER-16-R6,16,146440,61,25ea91efa4e5714046ab38a2,2025-10-05T18:24:17+01:00,1045.1,326.6,bench-host-01,peer-scaling-2025-10
PEER-16-R6,16,146440,62,b70e381a50bb527d460d4c73,2025-10-05T18:24:18+01:00,1067.5,310.3,bench-host-01,peer-scaling-2025-10
PEER-16-R6,16,146440,63,4d2b7768080797193fb269f8,2025-10-05T18:24:18+01:00,966.6,316.7,bench-host-01,peer-scaling-2025-10
PEER-16-R6,16,146441,64,5aaf8a4f4e10b4268698f532,2025-10-05T18:24:19+01:00,982.9,320.8,bench-host-01,peer-scaling-2025-10
PEER-16-R6,16,146441,65,2137c9731e54880d4629aea0,2025-10-05T18:24:19+01:00,1072.7,309.4,bench-host-01,peer-scaling-2025-10
PEER-16-R6,16,146441,66,840f842c5b9e8b9426fc1e34,2025-10-05T18:24:20+01:00,969.3,316.5,bench-host-01,peer-scaling-2025-10
PEER-16-R6,16,146441,67,4d8675b5ec987788dda37f6e,2025-10-05T18:24:20+01:00,1128.2,319.9,bench-host-01,peer-scaling-2025-10
PEER-16-R6,16,146441,68,fece2b10a3d88b9984de1644,2025-10-05T18:24:21+01:00,1051.9,326.4,bench-host-01,peer-scaling-2025-10
PEER-16-R6,16,146441,69,f491321557dad9361e72f59f,2025-10-05T18:24:21+01:00,1151.2,325.7,bench-host-01,peer-scaling-2025-10
PEER-16-R6,16,146441,70,141815091dfc5a50be1641fb,2025-10-05T18:24:22+01:00,913.1,325.5,bench-host-01,peer-scaling-2025-10
PEER-16-R6,16,146441,71,bddb523a0692364b87f89bf9,2025-10-05T18:24:22+01:00,1056.0,319.3,bench-host-01,peer-scaling-2025-10
PEER-16-R6,16,146441,72,9ec2b358716b94827c4a7798,2025-10-05T18:24:23+01:00,1165.3,312.9,bench-host-01,peer-scaling-2025-10
PEER-16-R6,16,146441,73,c7a18cdbba0a0fc3d7217894,2025-10-05T18:24:23+01:00,1054.1,314.2,bench-host-01,peer-scaling-2025-10
PEER-16-R6,16,146441,74,1d61ead46cd0a7cd988a17b3,2025-10-05T18:24:24+01:00,984.1,319.2,bench-host-01,peer-scaling-2025-10
PEER-16-R6,16,146441,75,086f9d785d921257844ffd1b,2025-10-05T18:24:24+01:00,1040.7,324.7,bench-host-01,peer-scaling-2025-10
PEER-16-R6,16,146441,76,f76f719894cd87da2ecc6b0b,2025-10-05T18:24:25+01:00,1013.5,319.5,bench-host-01,peer-scaling-2025-10
PEER-16-R6,16,146441,77,3b4563d541b88c6fed3822ef,2025-10-05T18:24:25+01:00,1085.9,316.0,bench-host-01,peer-scaling-2025-10
PEER-16-R6,16,146441,78,368235ad33f31d260146f398,2025-10-05T18:24:26+01:00,1062.7,323.1,bench-host-01,peer-scaling-2025-10
PEER-16-R6,16,146441,79,731f9034f020dab5ffeeedcf,2025-10-05T18:24:26+01:00,1102.7,321.7,bench-host-01,peer-scaling-2025-10
PEER-16-R6,16,146441,80,af454e6fa55df3d15a6de89c,2025-10-05T18:24:27+01:00,1010.9,335.7,bench-host-01,peer-scaling-2025-10
PEER-16-R6,16,146441,81,45e4b9725d3043b33f8d4c01,2025-10-05T18:24:28+01:00,1030.3,324.7,bench-host-01,peer-scaling-2025-10
PEER-16-R6,16,146441,82,6af149e2b9346f44c685cdf9,2025-10-05T18:24:28+01:00,1068.1,327.1,bench-host-01,peer-scaling-2025-10
PEER-16-R6,16,146441,83,9d8a3ef209f567b3ee0b0783,2025-10-05T18:24:29+01:00,1124.5,324.5,bench-host-01,peer-scaling-2025-10
PEER-16-R6,16,146441,84,a740b1027a3437d75da312fd,2025-10-05T18:24:29+01:00,1103.4,329.5,bench-host-01,peer-scaling-2025-10
PEER-16-R6,16,146441,85,05079a6176a0682321fce8e1,2025-10-05T18:24:30+01:00,1119.9,319.1,bench-host-01,peer-scaling-2025-10
PEER-16-R6,16,146441,86,4ecf2f9713e55f3e704b1311,2025-10-05T18:24:30+01:00,989.5,327.8,bench-host-01,peer-scaling-2025-10
PEER-16-R6,16,146441,87,2b4ce0a7f2ca849e25743933,2025-10-05T18:24:31+01:00,1104.1,319.5,bench-host-01,peer-scaling-2025-10
PEER-16-R6,16,146441,88,d4f9a7d5da3045f17f275e9d,2025-10-05T18:24:31+01:00,1036.3,325.9,bench-host-01,peer-scaling-2025-10
PEER-16-R6,16,146441,89,6f03a75a04874d9b2b2a2482,2025-10-05T18:24:32+01:00,1049.9,322.9,bench-host-01,peer-scaling-2025-10
PEER-16-R6,16,146441,90,27d335475739488fb294af00,2025-10-05T18:24:32+01:00,995.5,325.4,bench-host-01,peer-scaling-2025-10
PEER-16-R6,16,146441,91,24e0061d80f847f91803bae6,2025-10-05T18:24:33+01:00,1000.9,325.3,bench-host-01,peer-scaling-2025-10
PEER-16-R6,16,146441,92,f1ced6e39de907481d1b2a7c,2025-10-05T18:24:33+01:00,1055.7,313.8,bench-host-01,peer-scaling-2025-10
PEER-16-R6,16,146441,93,c3a04628e0e87b8f54e85c8d,2025-10-05T18:24:34+01:00,1022.9,321.3,bench-host-01,peer-scaling-2025-10
PEER-16-R6,16,146441,94,e712385ebc12ab2442fdf35c,2025-10-05T18:24:34+01:00,1140.1,334.2,bench-host-01,peer-scaling-2025-10
PEER-16-R6,16,146441,95,cd71f0a523a57fb88f92d39f,2025-10-05T18:24:35+01:00,993.7,322.9,bench-host-01,peer-scaling-2025-10
PEER-16-R6,16,146441,96,31e107601ef8c5f2cfb076ac,2025-10-05T18:24:35+01:00,1091.8,329.4,bench-host-01,peer-scaling-2025-10
PEER-16-R6,16,146441,97,4c86f3895305584b4d43f68e,2025-10-05T18:24:36+01:00,977.9,316.4,bench-host-01,peer-scaling-2025-10
PEER-16-R6,16,146441,98,b1241e6c43a38f7e3af3c372,2025-10-05T18:24:37+01:00,1060.3,323.1,bench-host-01,peer-scaling-2025-10
PEER-16-R6,16,146441,99,90c4903837d00d0fac760d1f,2025-10-05T18:24:37+01:00,1142.8,324.6,bench-host-01,peer-scaling-2025-10
PEER-16-R6,16,146441,100,e8a12a94b1d7829565bea8eb,2025-10-05T18:24:38+01:00,1075.4,333.4,bench-host-01,peer-scaling-2025-10
PEER-16-R6,16,146441,101,d1b8d6418e58eddbfed1473d,2025-10-05T18:24:38+01:00,1084.5,324.0,bench-host-01,peer-scaling-2025-10
PEER-16-R6,16,146441,102,19e65fb93efebc05abf568b2,2025-10-05T18:24:39+01:00,1043.8,326.8,bench-host-01,peer-scaling-2025-10
PEER-16-R6,16,146441,103,6b73459f4eb215107cbf8300,2025-10-05T18:24:39+01:00,1066.0,329.4,bench-host-01,peer-scaling-2025-10
PEER-16-R6,16,146441,104,5964a2125ebdcf1e14c87744,2025-10-05T18:24:40+01:00,1101.7,322.1,bench-host-01,peer-scaling-2025-10
PEER-16-R6,16,146441,105,db3570238120c1426672410f,2025-10-05T18:24:40+01:00,1006.5,329.9,bench-host-01,peer-scaling-2025-10
PEER-16-R6,16,146441,106,873ecb0e00a25bf319c16e60,2025-10-05T18:24:41+01:00,1064.3,324.2,bench-host-01,peer-scaling-2025-10
PEER-16-R6,16,146441,107,e99d24eb13e7bd70f2bf058c,2025-10-05T18:24:41+01:00,1037.0,332.5,bench-host-01,peer-scaling-2025-10
PEER-16-R6,16,146441,108,c0449ec0604f61001f12b727,2025-10-05T18:24:42+01:00,1067.3,326.1,bench-host-01,peer-scaling-2025-10
PEER-16-R6,16,146441,109,c5a9d8cef4d7f4dbc2b037a1,2025-10-05T18:24:42+01:00,1063.5,320.9,bench-host-01,peer-scaling-2025-10
PEER-16-R6,16,146442,110,33fb4b7a3ceeb6e7eebb0a2d,2025-10-05T18:24:43+01:00,1022.7,324.8,bench-host-01,peer-scaling-2025-10
PEER-16-R6,16,146442,111,b268c3abb9047af9cf529094,2025-10-05T18:24:43+01:00,1121.9,310.2,bench-host-01,peer-scaling-2025-10
PEER-16-R6,16,146442,112,ec4a1fdc681474419be1d4ea,2025-10-05T18:24:44+01:00,1035.8,324.1,bench-host-01,peer-scaling-2025-10
PEER-16-R6,16,146442,113,1af1bc8018537345c87a54fc,2025-10-05T18:24:44+01:00,1007.6,322.6,bench-host-01,peer-scaling-2025-10
PEER-16-R6,16,146442,114,d4637874d639130e65ffb9d3,2025-10-05T18:24:45+01:00,982.4,322.5,bench-host-01,peer-scaling-2025-10
PEER-16-R6,16,146442,115,eb540fc808fe2b1cad3ab79f,2025-10-05T18:24:46+01:00,1074.1,312.8,bench-host-01,peer-scaling-2025-10
PEER-16-R6,16,146442,116,b0d9e08c7b11748760a79f96,2025-10-05T18:24:46+01:00,1135.1,315.5,bench-host-01,peer-scaling-2025-10
PEER-16-R6,16,146442,117,590d5fc095c5db6474a5f91d,2025-10-05T18:24:47+01:00,1037.4,312.6,bench-host-01,peer-scaling-2025-10
PEER-16-R6,16,146442,118,6eddf47edcdd2f1542ac056a,2025-10-05T18:24:47+01:00,1176.5,321.5,bench-host-01,peer-scaling-2025-10
PEER-16-R6,16,146442,119,5fbd4eb2b5be6aecd7930345,2025-10-05T18:24:48+01:00,1071.1,325.5,bench-host-01,peer-scaling-2025-10
PEER-16-R6,16,146443,120,4c06a5bf4f127660c7e0d60d,2025-10-05T18:24:48+01:00,1077.1,323.4,bench-host-01,peer-scaling-2025-10
PEER-16-R6,16,146443,121,a0bf0a27cf4a9cc3eecb492b,2025-10-05T18:24:49+01:00,986.2,314.0,bench-host-01,peer-scaling-2025-10
PEER-16-R6,16,146443,122,7e02739a603393279616e4be,2025-10-05T18:24:49+01:00,1069.0,318.9,bench-host-01,peer-scaling-2025-10
PEER-16-R6,16,146443,123,c80797bad8eb5050748a8cc3,2025-10-05T18:24:50+01:00,1068.1,323.0,bench-host-01,peer-scaling-2025-10
PEER-16-R6,16,146443,124,3c6e3fdcb2842b89015b5d4f,2025-10-05T18:24:50+01:00,1132.6,324.9,bench-host-01,peer-scaling-2025-10
PEER-16-R6,16,146443,125,c62c578dcacce9b79e39de13,2025-10-05T18:24:51+01:00,1047.5,314.7,bench-host-01,peer-scaling-2025-10
PEER-16-R6,16,146443,126,744b181f5cb1a1c82459844c,2025-10-05T18:24:51+01:00,1079.1,327.1,bench-host-01,peer-scaling-2025-10
PEER-16-R6,16,146443,127,b773c2859e33d5cab7d72a18,2025-10-05T18:24:52+01:00,1003.2,319.0,bench-host-01,peer-scaling-2025-10
PEER-16-R6,16,146443,128,0a1b66f11064d0643e6a537a,2025-10-05T18:24:52+01:00,1024.1,315.6,bench-host-01,peer-scaling-2025-10
PEER-16-R6,16,146443,129,47316ed9c322d759b3a1588a,2025-10-05T18:24:53+01:00,994.7,319.5,bench-host-01,peer-scaling-2025-10
PEER-08-R6,8,173634,0,9f967c01ca50ac9d4fcdc0ea,2025-10-05T23:24:53+01:00,1101.7,322.0,bench-host-01,peer-scaling-2025-10
PEER-08-R6,8,173634,1,f1c871dc81ff1701a962dd12,2025-10-05T23:24:54+01:00,1103.2,318.0,bench-host-01,peer-scaling-2025-10
PEER-08-R6,8,173634,2,4fa74519e0b3265a29e18cdd,2025-10-05T23:24:55+01:00,1117.6,323.1,bench-host-01,peer-scaling-2025-10
PEER-08-R6,8,173634,3,3524c97b8b530397e00e2b7b,2025-10-05T23:24:55+01:00,1086.6,322.0,bench-host-01,peer-scaling-2025-10
PEER-08-R6,8,173634,4,02d8f0aeabcca83520b31cb9,2025-10-05T23:24:56+01:00,1150.5,322.6,bench-host-01,peer-scaling-2025-10
PEER-08-R6,8,173634,5,59cb5c6b220c7edebc5e73d5,2025-10-05T23:24:56+01:00,1080.3,319.8,bench-host-01,peer-scaling-2025-10
PEER-08-R6,8,173634,6,e74b0088dccb6105458540b0,2025-10-05T23:24:57+01:00,1102.9,319.9,bench-host-01,peer-scaling-2025-10
PEER-08-R6,8,173634,7,dc46ac82c290b829429c8da7,2025-10-05T23:24:57+01:00,1106.5,318.6,bench-host-01,peer-scaling-2025-10
PEER-08-R6,8,173634,8,8ef830de3955c5284c6665dd,2025-10-05T23:24:58+01:00,1128.8,321.5,bench-host-01,peer-scaling-2025-10
PEER-08-R6,8,173634,9,9a444acac396eab819303c02,2025-10-05T23:24:59+01:00,1141.7,313.1,bench-host-01,peer-scaling-2025-10
PEER-08-R6,8,173634,10,d9ef2904c3ac5f8c19e45288,2025-10-05T23:24:59+01:00,1162.5,317.1,bench-host-01,peer-scaling-2025-10
PEER-08-R6,8,173635,11,90f8b89acb99ad85651f1ecf,2025-10-05T23:25:00+01:00,1157.2,329.6,bench-host-01,peer-scaling-2025-10
PEER-08-R6,8,173635,12,593da5e91770c339c4b9e286,2025-10-05T23:25:00+01:00,967.9,313.6,bench-host-01,peer-scaling-2025-10
PEER-08-R6,8,173635,13,05d419a746c6def09c26b995,2025-10-05T23:25:01+01:00,1184.3,317.6,bench-host-01,peer-scaling-2025-10
PEER-08-R6,8,173635,14,64b64618455ae1cad9dafe5e,2025-10-05T23:25:01+01:00,1212.9,330.5,bench-host-01,peer-scaling-2025-10
PEER-08-R6,8,173635,15,841904e33d98bee5d6c45673,2025-10-05T23:25:02+01:00,1130.9,317.1,bench-host-01,peer-scaling-2025-10
PEER-08-R6,8,173635,16,9f11e30a51c8d0abc9200242,2025-10-05T23:25:03+01:00,1087.6,318.7,bench-host-01,peer-scaling-2025-10
PEER-08-R6,8,173635,17,5c226cafef980c5d5e1c9dcc,2025-10-05T23:25:03+01:00,1133.0,320.3,bench-host-01,peer-scaling-2025-10
PEER-08-R6,8,173636,18,2859f43633da13f4e1990221,2025-10-05T23:25:04+01:00,1162.8,311.4,bench-host-01,peer-scaling-2025-10
PEER-08-R6,8,173636,19,9e07abdabfd7ab2cb93fb53a,2025-10-05T23:25:04+01:00,1077.7,316.0,bench-host-01,peer-scaling-2025-10
PEER-08-R6,8,173636,20,0831468d02a52d1d82d84905,2025-10-05T23:25:05+01:00,1160.6,320.1,bench-host-01,peer-scaling-2025-10
PEER-08-R6,8,173636,21,25577152bbb46dab1a162fd0,2025-10-05T23:25:06+01:00,1185.2,321.5,bench-host-01,peer-scaling-2025-10
PEER-08-R6,8,173636,22,4fcf99274ede5e3d87c35fa1,2025-10-05T23:25:06+01:00,1177.5,318.4,bench-host-01,peer-scaling-2025-10
PEER-08-R6,8,173636,23,e5601bc33b74ae71f7d73ebe,2025-10-05T23:25:07+01:00,1126.7,311.3,bench-host-01,peer-scaling-2025-10
PEER-08-R6,8,173636,24,91c3a31c2a094dd191a5ddcf,2025-10-05T23:25:07+01:00,1110.5,326.2,bench-host-01,peer-scaling-2025-10
PEER-08-R6,8,173636,25,ea7bac79abaa7299ec55c7fe,2025-10-05T23:25:08+01:00,1083.8,317.3,bench-host-01,peer-scaling-2025-10
PEER-08-R6,8,173636,26,565def180d2cabc4a316b5b8,2025-10-05T23:25:08+01:00,1130.5,324.7,bench-host-01,peer-scaling-2025-10
PEER-08-R6,8,173636,27,547106881494ade0f5884201,2025-10-05T23:25:09+01:00,1080.9,318.9,bench-host-01,peer-scaling-2025-10
PEER-08-R6,8,173636,28,e592e7b481a9110fa136dda4,2025-10-05T23:25:10+01:00,1168.4,323.5,bench-host-01,peer-scaling-2025-10
PEER-08-R6,8,173636,29,ee9fe817312dd08474506a74,2025-10-05T23:25:10+01:00,1087.2,321.9,bench-host-01,peer-scaling-2025-10
PEER-08-R6,8,173636,30,6d06c13aa2f8f36799532dfb,2025-10-05T23:25:11+01:00,1126.5,320.2,bench-host-01,peer-scaling-2025-10
PEER-08-R6,8,173636,31,4dd5b3c4ce8c28c747ba959d,2025-10-05T23:25:11+01:00,1250.6,315.0,bench-host-01,peer-scaling-2025-10
PEER-08-R6,8,173636,32,73957b461e3ad6d7ad43d578,2025-10-05T23:25:12+01:00,1203.9,320.0,bench-host-01,peer-scaling-2025-10
PEER-08-R6,8,173636,33,0d2e7474b6788d69530d2f0d,2025-10-05T23:25:12+01:00,1006.9,321.5,bench-host-01,peer-scaling-2025-10
PEER-08-R6,8,173636,34,a4f684d60da953c2fd043224,2025-10-05T23:25:13+01:00,1240.3,328.7,bench-host-01,peer-scaling-2025-10
PEER-08-R6,8,173636,35,32d2e26372c7f5672704c854,2025-10-05T23:25:14+01:00,1158.6,319.5,bench-host-01,peer-scaling-2025-10
PEER-08-R6,8,173636,36,d5db005978983739b55765b5,2025-10-05T23:25:14+01:00,1152.1,319.7,bench-host-01,peer-scaling-2025-10
PEER-08-R6,8,173636,37,2eb0bfcd6ff20ce7a0d246d6,2025-10-05T23:25:15+01:00,1145.7,326.1,bench-host-01,peer-scaling-2025-10
PEER-08-R6,8,173636,38,8f3efdf350a181a38708e07b,2025-10-05T23:25:15+01:00,1085.1,331.0,bench-host-01,peer-scaling-2025-10
PEER-08-R6,8,173637,39,f3d8e301383d5c5359501c12,2025-10-05T23:25:16+01:00,1164.6,324.9,bench-host-01,peer-scaling-2025-10
PEER-08-R6,8,173637,40,ecdffe2fa63781245c83e30f,2025-10-05T23:25:16+01:00,1164.2,316.9,bench-host-01,peer-scaling-2025-10
PEER-08-R6,8,173637,41,72c135a47cf4a110cc007dab,2025-10-05T23:25:17+01:00,1141.3,326.9,bench-host-01,peer-scaling-2025-10
PEER-08-R6,8,173637,42,cbef8c9cb5fd7c6397b775db,2025-10-05T23:25:18+01:00,1153.9,321.1,bench-host-01,peer-scaling-2025-10
PEER-08-R6,8,173637,43,c3f94ffdf33756ba570c6d78,2025-10-05T23:25:18+01:00,1187.9,318.9,bench-host-01,peer-scaling-2025-10
PEER-08-R6,8,173637,44,b0327cc92bfdc1228b97d76c,2025-10-05T23:25:19+01:00,1265.3,320.4,bench-host-01,peer-scaling-2025-10
PEER-08-R6,8,173637,45,341157b5207843784eae0a38,2025-10-05T23:25:19+01:00,1136.5,315.5,bench-host-01,peer-scaling-2025-10
PEER-08-R6,8,173637,46,9862fd62df6e3cb76ce22965,2025-10-05T23:25:20+01:00,1165.9,325.1,bench-host-01,peer-scaling-2025-10
PEER-08-R6,8,173637,47,6ad03b3f0f41d0c1ec18e79b,2025-10-05T23:25:20+01:00,1142.9,323.4,bench-host-01,peer-scaling-2025-10
PEER-08-R6,8,173637,48,468b34c3125f8c1db8453e61,2025-10-05T23:25:21+01:00,1134.6,320.3,bench-host-01,peer-scaling-2025-10
PEER-08-R6,8,173637,49,e7fa674246f04995a50e6785,2025-10-05T23:25:22+01:00,1236.1,321.5,bench-host-01,peer-scaling-2025-10
PEER-08-R6,8,173637,50,818f7262027419b1baf8fa1a,2025-10-05T23:25:22+01:00,1258.0,316.6,bench-host-01,peer-scaling-2025-10
PEER-08-R6,8,173637,51,a3c14c26cb06091053fd509d,2025-10-05T23:25:23+01:00,1167.4,318.8,bench-host-01,peer-scaling-2025-10
PEER-08-R6,8,173637,52,fa8e9ff14d324a813a59fdac,2025-10-05T23:25:23+01:00,1092.8,319.5,bench-host-01,peer-scaling-2025-10
PEER-08-R6,8,173637,53,556971f05e8ca2b40bd3f9ba,2025-10-05T23:25:24+01:00,1057.9,318.6,bench-host-01,peer-scaling-2025-10
PEER-08-R6,8,173638,54,8ec389fe0820057446491133,2025-10-05T23:25:24+01:00,1082.0,325.0,bench-host-01,peer-scaling-2025-10
PEER-08-R6,8,173638,55,6a65775ac8892da3e1c53adb,2025-10-05T23:25:25+01:00,1129.6,321.7,bench-host-01,peer-scaling-2025-10
PEER-08-R6,8,173638,56,a33ce8f44802bd861cfb2b84,2025-10-05T23:25:26+01:00,1128.4,319.0,bench-host-01,peer-scaling-2025-10
PEER-08-R6,8,173638,57,1ee2b9bfbc02c8656da30831,2025-10-05T23:25:26+01:00,1189.2,323.6,bench-host-01,peer-scaling-2025-10
PEER-08-R6,8,173638,58,277d887a552e8354df5f43fe,2025-10-05T23:25:27+01:00,1087.3,318.1,bench-host-01,peer-scaling-2025-10
PEER-08-R6,8,173638,59,e8abcc2d408323afec270d2f,2025-10-05T23:25:27+01:00,1050.8,319.0,bench-host-01,peer-scaling-2025-10
PEER-08-R6,8,173638,60,8544fba32bbd2e0c714ae316,2025-10-05T23:25:28+01:00,1105.9,331.2,bench-host-01,peer-scaling-2025-10
PEER-08-R6,8,173638,61,54d50b0ca30cb3dea6d94ff0,2025-10-05T23:25:29+01:00,1091.0,315.1,bench-host-01,peer-scaling-2025-10
PEER-08-R6,8,173638,62,a125056b8be1e49a29ee0c74,2025-10-05T23:25:29+01:00,1156.1,316.5,bench-host-01,peer-scaling-2025-10
PEER-08-R6,8,173638,63,d01687a4ea64ddd74f11c57c,2025-10-05T23:25:30+01:00,1161.4,316.7,bench-host-01,peer-scaling-2025-10
PEER-08-R6,8,173638,64,33166ba54aa89cad656e5b41,2025-10-05T23:25:30+01:00,1189.9,311.6,bench-host-01,peer-scaling-2025-10
PEER-08-R6,8,173638,65,9eb7740c414e53ff8aebf81e,2025-10-05T23:25:31+01:00,1151.9,314.5,bench-host-01,peer-scaling-2025-10
PEER-08-R6,8,173638,66,4019fb10fc764bef2a6f1f4f,2025-10-05T23:25:31+01:00,999.5,322.8,bench-host-01,peer-scaling-2025-10
PEER-08-R6,8,173638,67,721f5e3a0174f4b0ad7d0aba,2025-10-05T23:25:32+01:00,1102.0,321.2,bench-host-01,peer-scaling-2025-10
PEER-08-R6,8,173638,68,b84d3df59e03aecc1ad23c34,2025-10-05T23:25:33+01:00,1288.7,323.8,bench-host-01,peer-scaling-2025-10
PEER-08-R6,8,173638,69,5d4efebfb235743d48eba0dd,2025-10-05T23:25:33+01:00,1131.3,312.1,bench-host-01,peer-scaling-2025-10
PEER-08-R6,8,173638,70,8215b14bef4b45267c65f010,2025-10-05T23:25:34+01:00,1176.2,322.0,bench-host-01,peer-scaling-2025-10
PEER-08-R6,8,173638,71,bbbdba7d2498648043b2d604,2025-10-05T23:25:34+01:00,1122.1,325.4,bench-host-01,peer-scaling-2025-10
PEER-08-R6,8,173639,72,b3d9481878460a1ee680790c,2025-10-05T23:25:35+01:00,1141.6,319.9,bench-host-01,peer-scaling-2025-10
PEER-08-R6,8,173639,73,b7084b190ccf65b966cd63a4,2025-10-05T23:25:35+01:00,1085.2,318.1,bench-host-01,peer-scaling-2025-10
PEER-08-R6,8,173639,74,2c1960873b8c8ae49506d269,2025-10-05T23:25:36+01:00,1134.8,327.0,bench-host-01,peer-scaling-2025-10
PEER-08-R6,8,173639,75,6e5e2049cdf42b42bc531ca3,2025-10-05T23:25:37+01:00,1154.4,328.8,bench-host-01,peer-scaling-2025-10
PEER-08-R6,8,173639,76,587f81fac737607abdc3d9d9,2025-10-05T23:25:37+01:00,1131.8,322.1,bench-host-01,peer-scaling-2025-10
PEER-08-R6,8,173640,77,f2515e7323519f7a41f0b081,2025-10-05T23:25:38+01:00,1090.2,312.7,bench-host-01,peer-scaling-2025-10
PEER-08-R6,8,173640,78,1ecc75b82f96cb2a5fd1c2ef,2025-10-05T23:25:38+01:00,1165.7,318.1,bench-host-01,peer-scaling-2025-10
PEER-08-R6,8,173640,79,d2a29486d2b6ecf573e2cec6,2025-10-05T23:25:39+01:00,1089.3,330.3,bench-host-01,peer-scaling-2025-10
PEER-08-R6,8,173640,80,989aa4a88887c3021350421d,2025-10-05T23:25:39+01:00,1157.7,317.6,bench-host-01,peer-scaling-2025-10
PEER-08-R6,8,173640,81,8e2000baf773a001db4f4e5e,2025-10-05T23:25:40+01:00,1170.8,321.9,bench-host-01,peer-scaling-2025-10
PEER-08-R6,8,173640,82,13614c7ec1cf13516d540765,2025-10-05T23:25:41+01:00,1161.6,318.4,bench-host-01,peer-scaling-2025-10
PEER-08-R6,8,173640,83,0a5a754a4d4640e6fada002f,2025-10-05T23:25:41+01:00,1123.7,311.2,bench-host-01,peer-scaling-2025-10
PEER-08-R6,8,173640,84,6cbb6f0d16d675b866862df0,2025-10-05T23:25:42+01:00,1112.8,322.7,bench-host-01,peer-scaling-2025-10
PEER-08-R6,8,173640,85,de88dce437137e87c37090d0,2025-10-05T23:25:42+01:00,1164.3,316.1,bench-host-01,peer-scaling-2025-10
PEER-08-R6,8,173640,86,15e134e6bc81d58bea50dd28,2025-10-05T23:25:43+01:00,1061.6,322.7,bench-host-01,peer-scaling-2025-10
PEER-08-R6,8,173640,87,2eb96265ed4e69b0fb3f7782,2025-10-05T23:25:43+01:00,1156.5,322.9,bench-host-01,peer-scaling-2025-10
PEER-08-R6,8,173640,88,0a6ff7a02318b0ee11d6ca83,2025-10-05T23:25:44+01:00,1231.4,322.6,bench-host-01,peer-scaling-2025-10
PEER-08-R6,8,173640,89,2ea6cebc9201abb793295f28,2025-10-05T23:25:45+01:00,1151.4,311.0,bench-host-01,peer-scaling-2025-10
PEER-08-R6,8,173641,90,0e5ea5f00d2aa39a7d882eea,2025-10-05T23:25:45+01:00,1181.2,317.6,bench-host-01,peer-scaling-2025-10
PEER-08-R6,8,173641,91,f4b82cc3c55ce2cc9c39ea64,2025-10-05T23:25:46+01:00,1125.1,328.1,bench-host-01,peer-scaling-2025-10
PEER-08-R6,8,173641,92,7541aaced5d8175100676449,2025-10-05T23:25:46+01:00,1207.3,327.1,bench-host-01,peer-scaling-2025-10
PEER-08-R6,8,173641,93,3bb85f78ca461de88acc7bd8,2025-10-05T23:25:47+01:00,1152.9,322.7,bench-host-01,peer-scaling-2025-10
PEER-08-R6,8,173641,94,0a254b854cb2bcf3507b6adb,2025-10-05T23:25:47+01:00,1111.8,323.3,bench-host-01,peer-scaling-2025-10
PEER-08-R6,8,173641,95,19d374f43ae9115beca618e6,2025-10-05T23:25:48+01:00,1156.8,323.0,bench-host-01,peer-scaling-2025-10
PEER-08-R6,8,173642,96,2808e7cb0eaef0990d50e975,2025-10-05T23:25:49+01:00,1149.4,321.9,bench-host-01,peer-scaling-2025-10
PEER-08-R6,8,173642,97,30b346ad6e6c988916af2d47,2025-10-05T23:25:49+01:00,1109.3,319.4,bench-host-01,peer-scaling-2025-10
PEER-08-R6,8,173643,98,a0446f865a23e98d591272f5,2025-10-05T23:25:50+01:00,1103.9,324.5,bench-host-01,peer-scaling-2025-10
PEER-08-R6,8,173644,99,99c7efec641d3085ef45392b,2025-10-05T23:25:50+01:00,1096.6,321.9,bench-host-01,peer-scaling-2025-10
PEER-08-R6,8,173644,100,33366c9d96f3e2a339ca8115,2025-10-05T23:25:51+01:00,1124.4,317.8,bench-host-01,peer-scaling-2025-10
PEER-08-R6,8,173644,101,ee3794b5f721044467ed36a5,2025-10-05T23:25:51+01:00,1199.7,321.1,bench-host-01,peer-scaling-2025-10
PEER-08-R6,8,173644,102,f78c8ef9b1c6d4e8397ecdd9,2025-10-05T23:25:52+01:00,1126.4,323.2,bench-host-01,peer-scaling-2025-10
PEER-08-R6,8,173644,103,61bd31c313984d1aea7ac6cb,2025-10-05T23:25:53+01:00,1186.3,321.9,bench-host-01,peer-scaling-2025-10
PEER-08-R6,8,173644,104,1808f6f5ca6607d36f867350,2025-10-05T23:25:53+01:00,1137.4,316.5,bench-host-01,peer-scaling-2025-10
PEER-08-R6,8,173644,105,e4ac6f336efda5d0202ae781,2025-10-05T23:25:54+01:00,1119.2,320.9,bench-host-01,peer-scaling-2025-10
PEER-08-R6,8,173644,106,661590a904aeb824c4b5162e,2025-10-05T23:25:54+01:00,1135.7,319.1,bench-host-01,peer-scaling-2025-10
PEER-08-R6,8,173644,107,61467bb71fc98c9b4781d250,2025-10-05T23:25:55+01:00,1090.6,321.8,bench-host-01,peer-scaling-2025-10
PEER-08-R6,8,173644,108,cb263045a7dae13f375341af,2025-10-05T23:25:56+01:00,1189.1,321.9,bench-host-01,peer-scaling-2025-10
PEER-08-R6,8,173644,109,1bdfb5b00f153d446e70ebd2,2025-10-05T23:25:56+01:00,1109.8,312.2,bench-host-01,peer-scaling-2025-10
PEER-08-R6,8,173645,110,19cd30150a019d3b73641ceb,2025-10-05T23:25:57+01:00,1133.0,312.0,bench-host-01,peer-scaling-2025-10
PEER-08-R6,8,173645,111,61bc2a4a06409310c6b3849f,2025-10-05T23:25:57+01:00,1155.8,323.1,bench-host-01,peer-scaling-2025-10
PEER-08-R6,8,173646,112,e9d312456d0a0cf0333ebb18,2025-10-05T23:25:58+01:00,1183.3,312.8,bench-host-01,peer-scaling-2025-10
PEER-08-R6,8,173646,113,71f49e50aab9b6a7e6b8cc7f,2025-10-05T23:25:58+01:00,1196.8,320.6,bench-host-01,peer-scaling-2025-10
PEER-08-R6,8,173646,114,2b445c3bed0ac8a65bdd4c7b,2025-10-05T23:25:59+01:00,1194.1,316.5,bench-host-01,peer-scaling-2025-10
PEER-08-R6,8,173646,115,286ad911f2e4ed0aabf3e53d,2025-10-05T23:26:00+01:00,1175.4,329.4,bench-host-01,peer-scaling-2025-10
PEER-08-R6,8,173646,116,d7efb03cbef953d4e75d9400,2025-10-05T23:26:00+01:00,1252.0,319.8,bench-host-01,peer-scaling-2025-10
PEER-08-R6,8,173646,117,64c0d829998eff36931fa33c,2025-10-05T23:26:01+01:00,1122.3,327.3,bench-host-01,peer-scaling-2025-10
PEER-08-R6,8,173646,118,7659c8dd4a3c53ec42061086,2025-10-05T23:26:01+01:00,1184.9,323.2,bench-host-01,peer-scaling-2025-10
PEER-08-R6,8,173646,119,ce3973e851781e74fb0ba5ac,2025-10-05T23:26:02+01:00,1152.5,315.4,bench-host-01,peer-scaling-2025-10
PEER-08-R6,8,173646,120,7b7f50e543c217d54a44d559,2025-10-05T23:26:02+01:00,1182.5,317.1,bench-host-01,peer-scaling-2025-10
PEER-08-R6,8,173646,121,56b8d56ca9f8150380d95b7d,2025-10-05T23:26:03+01:00,1165.8,320.5,bench-host-01,peer-scaling-2025-10
PEER-08-R6,8,173646,122,df1d24436443408273d9726b,2025-10-05T23:26:04+01:00,1161.2,331.6,bench-host-01,peer-scaling-2025-10
PEER-08-R6,8,173646,123,cf1d59c2d882d26a58551bb8,2025-10-05T23:26:04+01:00,1174.4,324.1,bench-host-01,peer-scaling-2025-10
PEER-08-R6,8,173646,124,5d6aeb03b2389deca2de1fea,2025-10-05T23:26:05+01:00,1248.9,311.9,bench-host-01,peer-scaling-2025-10
PEER-08-R6,8,173646,125,b4f73c73a9db3ffb539102bf,2025-10-05T23:26:05+01:00,1134.3,323.7,bench-host-01,peer-scaling-2025-10
PEER-08-R6,8,173646,126,71c716b5b6f774ae26b3b4eb,2025-10-05T23:26:06+01:00,1139.2,314.1,bench-host-01,peer-scaling-2025-10
PEER-08-R6,8,173646,127,e0f6e9d814f583ba923ccdf5,2025-10-05T23:26:06+01:00,1166.5,324.6,bench-host-01,peer-scaling-2025-10
PEER-08-R6,8,173646,128,feb25667a7d0d82caca1a69d,2025-10-05T23:26:07+01:00,1076.9,329.6,bench-host-01,peer-scaling-2025-10
PEER-08-R6,8,173646,129,44deabc14ec44991899ee05e,2025-10-05T23:26:08+01:00,1098.5,323.6,bench-host-01,peer-scaling-2025-10
PEER-04-R6,4,706417,0,c758a8716d047efbceced2ed,2025-10-06T04:26:08+01:00,1092.0,331.7,bench-host-01,peer-scaling-2025-10
PEER-04-R6,4,706417,1,a6efd729062344f525ec05b7,2025-10-06T04:26:09+01:00,1258.7,316.6,bench-host-01,peer-scaling-2025-10
PEER-04-R6,4,706417,2,05f086d8557288db948d770a,2025-10-06T04:26:09+01:00,1195.8,315.1,bench-host-01,peer-scaling-2025-10
PEER-04-R6,4,706417,3,e677eeee9f31d674cf686932,2025-10-06T04:26:10+01:00,1239.1,320.3,bench-host-01,peer-scaling-2025-10
PEER-04-R6,4,706417,4,74de5f9fe40ad94ddbc86ee1,2025-10-06T04:26:11+01:00,1141.9,313.8,bench-host-01,peer-scaling-2025-10
PEER-04-R6,4,706417,5,cd470461ff5230a365d5e1fc,2025-10-06T04:26:11+01:00,1174.5,323.4,bench-host-01,peer-scaling-2025-10
PEER-04-R6,4,706417,6,e8543f87a5fcf375baaa20c9,2025-10-06T04:26:12+01:00,1267.8,317.2,bench-host-01,peer-scaling-2025-10
PEER-04-R6,4,706417,7,761d962d37717ed977ab4cdb,2025-10-06T04:26:12+01:00,1215.7,321.7,bench-host-01,peer-scaling-2025-10
PEER-04-R6,4,706417,8,992aa08e32eb1c3b2afb13da,2025-10-06T04:26:13+01:00,1088.1,324.4,bench-host-01,peer-scaling-2025-10
PEER-04-R6,4,706417,9,295f7c7a70f4d1817d482545,2025-10-06T04:26:14+01:00,1139.0,324.5,bench-host-01,peer-scaling-2025-10
PEER-04-R6,4,706417,10,e151865ce82a5fb343c59341,2025-10-06T04:26:14+01:00,1126.9,320.4,bench-host-01,peer-scaling-2025-10
PEER-04-R6,4,706417,11,bba2d35948a8939d36df3e7f,2025-10-06T04:26:15+01:00,1168.1,319.3,bench-host-01,peer-scaling-2025-10
PEER-04-R6,4,706417,12,62b2081a1670afcb5b94f2e3,2025-10-06T04:26:15+01:00,1171.3,326.5,bench-host-01,peer-scaling-2025-10
PEER-04-R6,4,706417,13,8c9eea915995dca7d19c8586,2025-10-06T04:26:16+01:00,1239.7,322.1,bench-host-01,peer-scaling-2025-10
PEER-04-R6,4,706417,14,36629cebe4ca60dc195e71c9,2025-10-06T04:26:17+01:00,1260.7,319.5,bench-host-01,peer-scaling-2025-10
PEER-04-R6,4,706417,15,15b3e4c463b554b73c57a485,2025-10-06T04:26:17+01:00,1242.8,328.0,bench-host-01,peer-scaling-2025-10
PEER-04-R6,4,706417,16,3dfa03e841e41f4b223a47ce,2025-10-06T04:26:18+01:00,1181.1,314.3,bench-host-01,peer-scaling-2025-10
PEER-04-R6,4,706417,17,4d8eb51739cb42d1e2217179,2025-10-06T04:26:18+01:00,1229.7,325.4,bench-host-01,peer-scaling-2025-10
PEER-04-R6,4,706417,18,ae6aeaf7fa49d85694beaf19,2025-10-06T04:26:19+01:00,1275.1,329.8,bench-host-01,peer-scaling-2025-10
PEER-04-R6,4,706417,19,9e9da3d1467377353c71685f,2025-10-06T04:26:20+01:00,1233.8,321.8,bench-host-01,peer-scaling-2025-10
PEER-04-R6,4,706417,20,ec0dbedbbc4b375d27720fad,2025-10-06T04:26:20+01:00,1223.2,327.6,bench-host-01,peer-scaling-2025-10
PEER-04-R6,4,706417,21,8617388b084ec6109c863a02,2025-10-06T04:26:21+01:00,1214.6,314.0,bench-host-01,peer-scaling-2025-10
PEER-04-R6,4,706417,22,328166accdaec8372f7893d8,2025-10-06T04:26:21+01:00,1159.9,325.1,bench-host-01,peer-scaling-2025-10
PEER-04-R6,4,706417,23,b8ea51f088b2333a085886c6,2025-10-06T04:26:22+01:00,1222.5,330.8,bench-host-01,peer-scaling-2025-10
PEER-04-R6,4,706417,24,2d4c1c5478dda8709a3e282e,2025-10-06T04:26:23+01:00,1207.6,316.9,bench-host-01,peer-scaling-2025-10
PEER-04-R6,4,706417,25,332684d1d7b456b150139474,2025-10-06T04:26:23+01:00,1220.2,321.1,bench-host-01,peer-scaling-2025-10
PEER-04-R6,4,706417,26,370b571930542b226a4c5191,2025-10-06T04:26:24+01:00,1363.5,324.2,bench-host-01,peer-scaling-2025-10
PEER-04-R6,4,706417,27,a912dd1394ce73d7eb86eec6,2025-10-06T04:26:24+01:00,1173.9,317.9,bench-host-01,peer-scaling-2025-10
PEER-04-R6,4,706417,28,bba8c45e85415c5f23bea537,2025-10-06T04:26:25+01:00,1180.0,317.2,bench-host-01,peer-scaling-2025-10
PEER-04-R6,4,706417,29,1b4850fec13b312414db9f70,2025-10-06T04:26:26+01:00,1238.3,314.3,bench-host-01,peer-scaling-2025-10
PEER-04-R6,4,706417,30,cd125108b21db25c441885d4,2025-10-06T04:26:26+01:00,1143.3,326.0,bench-host-01,peer-scaling-2025-10
PEER-04-R6,4,706417,31,9faebc5c001e0d4be0c1d058,2025-10-06T04:26:27+01:00,1236.0,317.8,bench-host-01,peer-scaling-2025-10
PEER-04-R6,4,706417,32,55b7f2ceb53500423c55a81e,2025-10-06T04:26:27+01:00,1188.4,317.5,bench-host-01,peer-scaling-2025-10
PEER-04-R6,4,706417,33,74f63dff525a3db508caae89,2025-10-06T04:26:28+01:00,1319.4,316.7,bench-host-01,peer-scaling-2025-10
PEER-04-R6,4,706417,34,3fb1c19bd9897bf182e6c12a,2025-10-06T04:26:29+01:00,1191.9,323.3,bench-host-01,peer-scaling-2025-10
PEER-04-R6,4,706417,35,6cf1b0f5b5ea74d517c1d344,2025-10-06T04:26:29+01:00,1154.0,322.1,bench-host-01,peer-scaling-2025-10
PEER-04-R6,4,706417,36,bf861fa82a35f2a8c3af5c76,2025-10-06T04:26:30+01:00,1119.7,316.9,bench-host-01,peer-scaling-2025-10
PEER-04-R6,4,706417,37,93165ed1b8d9107efc85a12b,2025-10-06T04:26:30+01:00,1222.5,320.0,bench-host-01,peer-scaling-2025-10
PEER-04-R6,4,706417,38,d1e997083d4cf248851d8fa3,2025-10-06T04:26:31+01:00,1150.8,320.8,bench-host-01,peer-scaling-2025-10
PEER-04-R6,4,706417,39,f608cc9faecc6ce47b7808b4,2025-10-06T04:26:32+01:00,1186.3,327.0,bench-host-01,peer-scaling-2025-10
PEER-04-R6,4,706417,40,91feb450fe4f16b497edb35a,2025-10-06T04:26:32+01:00,1146.0,317.5,bench-host-01,peer-scaling-2025-10
PEER-04-R6,4,706417,41,f35e9505a5a2b5d6e60013ca,2025-10-06T04:26:33+01:00,1279.6,312.7,bench-host-01,peer-scaling-2025-10
PEER-04-R6,4,706417,42,a8165506df1315283986e665,2025-10-06T04:26:33+01:00,1258.5,307.0,bench-host-01,peer-scaling-2025-10
PEER-04-R6,4,706417,43,93395cd9a56a5009a521766f,2025-10-06T04:26:34+01:00,1212.3,323.1,bench-host-01,peer-scaling-2025-10
PEER-04-R6,4,706417,44,3f74332201077287be6bce57,2025-10-06T04:26:35+01:00,1196.4,325.9,bench-host-01,peer-scaling-2025-10
PEER-04-R6,4,706418,45,8cf4542f07282548fff14e0a,2025-10-06T04:26:35+01:00,1228.9,311.2,bench-host-01,peer-scaling-2025-10
PEER-04-R6,4,706418,46,dbb818610c5e57bc3f020a01,2025-10-06T04:26:36+01:00,1179.7,324.1,bench-host-01,peer-scaling-2025-10
PEER-04-R6,4,706418,47,ff204c7784cf0e239a36a395,2025-10-06T04:26:36+01:00,1184.4,312.0,bench-host-01,peer-scaling-2025-10
PEER-04-R6,4,706418,48,d860485234a170a7bf8db75a,2025-10-06T04:26:37+01:00,1276.6,318.6,bench-host-01,peer-scaling-2025-10
PEER-04-R6,4,706418,49,297336cc3906cc66b614b2d3,2025-10-06T04:26:38+01:00,1174.3,315.6,bench-host-01,peer-scaling-2025-10
PEER-04-R6,4,706419,50,370652bb00602c96ec830555,2025-10-06T04:26:38+01:00,1231.5,316.5,bench-host-01,peer-scaling-2025-10
PEER-04-R6,4,706419,51,f5825b18bea26920d323ff12,2025-10-06T04:26:39+01:00,1238.2,326.3,bench-host-01,peer-scaling-2025-10
PEER-04-R6,4,706419,52,3a8212ec91abffe43cfb11de,2025-10-06T04:26:39+01:00,1221.6,316.6,bench-host-01,peer-scaling-2025-10
PEER-04-R6,4,706419,53,5d7a8c3749d78484b6f4f955,2025-10-06T04:26:40+01:00,1293.3,320.5,bench-host-01,peer-scaling-2025-10
PEER-04-R6,4,706420,54,8abdcd00334c9079f4c85c7c,2025-10-06T04:26:41+01:00,1112.8,317.6,bench-host-01,peer-scaling-2025-10
PEER-04-R6,4,706420,55,3f5600868ffb29430fa89c5d,2025-10-06T04:26:41+01:00,1220.1,331.2,bench-host-01,peer-scaling-2025-10
PEER-04-R6,4,706420,56,7cd5d6294fcae29d8b3ed6ea,2025-10-06T04:26:42+01:00,1175.5,317.0,bench-host-01,peer-scaling-2025-10
PEER-04-R6,4,706420,57,78372804e74e8d4b471fcaf7,2025-10-06T04:26:42+01:00,1200.7,324.4,bench-host-01,peer-scaling-2025-10
PEER-04-R6,4,706420,58,24eb4811b9e7be0e3960c8c7,2025-10-06T04:26:43+01:00,1137.9,329.3,bench-host-01,peer-scaling-2025-10
PEER-04-R6,4,706420,59,f7cec4e3443351e24b99d262,2025-10-06T04:26:44+01:00,1169.8,325.4,bench-host-01,peer-scaling-2025-10
PEER-04-R6,4,706420,60,bbfec042f45fbcd83b88f6b4,2025-10-06T04:26:44+01:00,1173.2,319.5,bench-host-01,peer-scaling-2025-10
PEER-04-R6,4,706420,61,e588a3d68ca49386ccdb562c,2025-10-06T04:26:45+01:00,1053.3,313.0,bench-host-01,peer-scaling-2025-10
PEER-04-R6,4,706420,62,a77de7b75278e4bf5a55cd87,2025-10-06T04:26:46+01:00,1233.2,322.4,bench-host-01,peer-scaling-2025-10
PEER-04-R6,4,706420,63,b662338b03eff471c944fdc1,2025-10-06T04:26:46+01:00,1224.6,314.4,bench-host-01,peer-scaling-2025-10
PEER-04-R6,4,706420,64,e12e6584075e6fcad1cdaa1c,2025-10-06T04:26:47+01:00,1305.8,320.8,bench-host-01,peer-scaling-2025-10
PEER-04-R6,4,706420,65,e8a3cfc9ba6b7a55ab74a5d7,2025-10-06T04:26:47+01:00,1205.5,320.6,bench-host-01,peer-scaling-2025-10
PEER-04-R6,4,706420,66,565f46206a9ef6505c8bcfa5,2025-10-06T04:26:48+01:00,1223.9,325.8,bench-host-01,peer-scaling-2025-10
PEER-04-R6,4,706420,67,45029fd4fac08549cdc0a254,2025-10-06T04:26:49+01:00,1261.0,326.2,bench-host-01,peer-scaling-2025-10
PEER-04-R6,4,706420,68,066910f749f7f6e601f396fc,2025-10-06T04:26:49+01:00,1242.5,318.6,bench-host-01,peer-scaling-2025-10
PEER-04-R6,4,706420,69,8748673c7a71da9035b31c56,2025-10-06T04:26:50+01:00,1172.4,319.3,bench-host-01,peer-scaling-2025-10
PEER-04-R6,4,706420,70,e4cfe8709e657712b6568606,2025-10-06T04:26:50+01:00,1215.2,318.6,bench-host-01,peer-scaling-2025-10
PEER-04-R6,4,706420,71,9a1e7d36e52e2f29303d3e84,2025-10-06T04:26:51+01:00,1166.3,323.9,bench-host-01,peer-scaling-2025-10
PEER-04-R6,4,706420,72,d96d9ab923c3ce8ccf615318,2025-10-06T04:26:52+01:00,1149.9,325.1,bench-host-01,peer-scaling-2025-10
PEER-04-R6,4,706420,73,46e99bf769bc2b70fedacc45,2025-10-06T04:26:52+01:00,1162.5,321.9,bench-host-01,peer-scaling-2025-10
PEER-04-R6,4,706420,74,aa84d8f187f5e93a233b7c53,2025-10-06T04:26:53+01:00,1210.2,325.9,bench-host-01,peer-scaling-2025-10
PEER-04-R6,4,706420,75,6b6b6e2456da6a83c4de619f,2025-10-06T04:26:53+01:00,1269.4,320.6,bench-host-01,peer-scaling-2025-10
PEER-04-R6,4,706420,76,3799c353e6167780fe852a14,2025-10-06T04:26:54+01:00,1170.6,328.3,bench-host-01,peer-scaling-2025-10
PEER-04-R6,4,706420,77,0f31a9409a3f0df1fe9bb620,2025-10-06T04:26:55+01:00,1146.4,312.2,bench-host-01,peer-scaling-2025-10
PEER-04-R6,4,706420,78,19a8314a268ec539e9163847,2025-10-06T04:26:55+01:00,1224.8,320.7,bench-host-01,peer-scaling-2025-10
PEER-04-R6,4,706420,79,41d49e1a8d8f9db75358ec39,2025-10-06T04:26:56+01:00,1116.1,321.2,bench-host-01,peer-scaling-2025-10
PEER-04-R6,4,706420,80,79e78eff103edf628007f097,2025-10-06T04:26:56+01:00,1196.2,315.7,bench-host-01,peer-scaling-2025-10
PEER-04-R6,4,706421,81,930f67302b48abcde58267f5,2025-10-06T04:26:57+01:00,1222.4,318.7,bench-host-01,peer-scaling-2025-10
PEER-04-R6,4,706421,82,5098d84e22e20bf7ebe8fd4c,2025-10-06T04:26:58+01:00,1214.3,321.0,bench-host-01,peer-scaling-2025-10
PEER-04-R6,4,706421,83,79e63f08c058d6f3a57d64bc,2025-10-06T04:26:58+01:00,1170.1,313.9,bench-host-01,peer-scaling-2025-10
PEER-04-R6,4,706421,84,a00803fcbf089806224a0bcf,2025-10-06T04:26:59+01:00,1154.0,311.5,bench-host-01,peer-scaling-2025-10
PEER-04-R6,4,706421,85,3f0ea96b39029af6deca3f2d,2025-10-06T04:26:59+01:00,1104.6,321.7,bench-host-01,peer-scaling-2025-10
PEER-04-R6,4,706421,86,0d4e93f2fe504a9ffd22b660,2025-10-06T04:27:00+01:00,1152.3,328.3,bench-host-01,peer-scaling-2025-10
PEER-04-R6,4,706421,87,ff32bbe454d74166b162a1bc,2025-10-06T04:27:01+01:00,1206.5,324.5,bench-host-01,peer-scaling-2025-10
PEER-04-R6,4,706421,88,a4a65fd16ca4d11641f1da56,2025-10-06T04:27:01+01:00,1259.2,321.0,bench-host-01,peer-scaling-2025-10
PEER-04-R6,4,706421,89,a1d632bd6ef6b08994296228,2025-10-06T04:27:02+01:00,1144.7,322.8,bench-host-01,peer-scaling-2025-10
PEER-04-R6,4,706422,90,aaa4e6cf5b578ee30e395c1c,2025-10-06T04:27:02+01:00,1128.5,329.5,bench-host-01,peer-scaling-2025-10
PEER-04-R6,4,706422,91,201ad1965c56fc6a68a2e828,2025-10-06T04:27:03+01:00,1191.8,318.4,bench-host-01,peer-scaling-2025-10
PEER-04-R6,4,706422,92,75be8249ffb13586666949cc,2025-10-06T04:27:04+01:00,1264.4,324.8,bench-host-01,peer-scaling-2025-10
PEER-04-R6,4,706422,93,3dcbccc40940460d75dd1d2d,2025-10-06T04:27:04+01:00,1266.2,325.4,bench-host-01,peer-scaling-2025-10
PEER-04-R6,4,706422,94,e197da074d1da8e5ac34c79a,2025-10-06T04:27:05+01:00,1181.1,317.4,bench-host-01,peer-scaling-2025-10
PEER-04-R6,4,706422,95,e15aea516ab9cb2a844d97dd,2025-10-06T04:27:05+01:00,1132.5,325.5,bench-host-01,peer-scaling-2025-10
PEER-04-R6,4,706422,96,f37faf5bab728ebfff55d6d7,2025-10-06T04:27:06+01:00,1162.3,317.9,bench-host-01,peer-scaling-2025-10
PEER-04-R6,4,706422,97,285c9537df6a3aa072716492,2025-10-06T04:27:07+01:00,1197.9,322.9,bench-host-01,peer-scaling-2025-10
PEER-04-R6,4,706422,98,e2802e9d0e1e53a7510011ac,2025-10-06T04:27:07+01:00,1192.1,321.1,bench-host-01,peer-scaling-2025-10
PEER-04-R6,4,706422,99,c764678aa4a4b297e6a73cc7,2025-10-06T04:27:08+01:00,1144.1,319.4,bench-host-01,peer-scaling-2025-10
PEER-04-R6,4,706422,100,1bea7845b320015a02c4a815,2025-10-06T04:27:08+01:00,1278.2,329.0,bench-host-01,peer-scaling-2025-10
PEER-04-R6,4,706422,101,68079764a55cd93a83e8aa48,2025-10-06T04:27:09+01:00,1228.1,323.6,bench-host-01,peer-scaling-2025-10
PEER-04-R6,4,706422,102,b304060d3d7f34134031f8bf,2025-10-06T04:27:10+01:00,1248.5,316.5,bench-host-01,peer-scaling-2025-10
PEER-04-R6,4,706422,103,48ae1704e76797acf787c5d2,2025-10-06T04:27:10+01:00,1246.1,316.7,bench-host-01,peer-scaling-2025-10
PEER-04-R6,4,706422,104,16107e4c1563616ff687fd03,2025-10-06T04:27:11+01:00,1156.9,325.2,bench-host-01,peer-scaling-2025-10
PEER-04-R6,4,706422,105,dcef9a5ec4d55c73fdde552d,2025-10-06T04:27:11+01:00,1157.0,323.6,bench-host-01,peer-scaling-2025-10
PEER-04-R6,4,706422,106,f5771844dd5305bf42e6cd36,2025-10-06T04:27:12+01:00,1213.3,327.2,bench-host-01,peer-scaling-2025-10
PEER-04-R6,4,706422,107,db8d872f507c5e7f3ddb165b,2025-10-06T04:27:13+01:00,1121.8,326.6,bench-host-01,peer-scaling-2025-10
PEER-04-R6,4,706422,108,c06b5ea774603b82a200addd,2025-10-06T04:27:13+01:00,1209.9,327.9,bench-host-01,peer-scaling-2025-10
PEER-04-R6,4,706422,109,e9d89b28aef30ec0318a1fb1,2025-10-06T04:27:14+01:00,1143.5,316.4,bench-host-01,peer-scaling-2025-10
PEER-04-R6,4,706422,110,72acc539dee54744975399ef,2025-10-06T04:27:14+01:00,1168.4,320.9,bench-host-01,peer-scaling-2025-10
PEER-04-R6,4,706422,111,460099b3d9b11776fb407653,2025-10-06T04:27:15+01:00,1140.8,318.7,bench-host-01,peer-scaling-2025-10
PEER-04-R6,4,706422,112,2822945af73ba7c5b54acdd0,2025-10-06T04:27:16+01:00,1216.5,328.0,bench-host-01,peer-scaling-2025-10
PEER-04-R6,4,706422,113,6af232e12992fc6e2099b8ca,2025-10-06T04:27:16+01:00,1351.9,317.0,bench-host-01,peer-scaling-2025-10
PEER-04-R6,4,706422,114,0eff1078d5f1b8383892db2a,2025-10-06T04:27:17+01:00,1288.0,320.7,bench-host-01,peer-scaling-2025-10
PEER-04-R6,4,706422,115,de34e626aa3c6e5fd74e8475,2025-10-06T04:27:17+01:00,1170.1,315.3,bench-host-01,peer-scaling-2025-10
PEER-04-R6,4,706422,116,b4cdf50d2ba716692963d1eb,2025-10-06T04:27:18+01:00,1242.6,321.0,bench-host-01,peer-scaling-2025-10
PEER-04-R6,4,706422,117,33d1870839c0c6e4878d2ae8,2025-10-06T04:27:19+01:00,1219.2,324.0,bench-host-01,peer-scaling-2025-10
PEER-04-R6,4,706422,118,256d6c16e0768736583f06ee,2025-10-06T04:27:19+01:00,1189.7,326.3,bench-host-01,peer-scaling-2025-10
PEER-04-R6,4,706422,119,fc47666b668c331482add83a,2025-10-06T04:27:20+01:00,1287.5,325.8,bench-host-01,peer-scaling-2025-10
PEER-04-R6,4,706422,120,51e1acdf89d2509df4f2c4ee,2025-10-06T04:27:20+01:00,1258.3,318.4,bench-host-01,peer-scaling-2025-10
PEER-04-R6,4,706422,121,340d2c03273b1db0a0a80393,2025-10-06T04:27:21+01:00,1125.4,332.1,bench-host-01,peer-scaling-2025-10
PEER-04-R6,4,706422,122,3c3419d899dea07fec265c3f,2025-10-06T04:27:22+01:00,1259.2,327.4,bench-host-01,peer-scaling-2025-10
PEER-04-R6,4,706422,123,cdaea8170b0d0af4050fdfbb,2025-10-06T04:27:22+01:00,1178.1,318.7,bench-host-01,peer-scaling-2025-10
PEER-04-R6,4,706422,124,301b425df1b2a5b047b8365f,2025-10-06T04:27:23+01:00,1193.8,309.7,bench-host-01,peer-scaling-2025-10
PEER-04-R6,4,706422,125,45da727c032a02a1255814a0,2025-10-06T04:27:23+01:00,1173.2,328.3,bench-host-01,peer-scaling-2025-10
PEER-04-R6,4,706422,126,0d7cc120dbe1025dc17a11df,2025-10-06T04:27:24+01:00,1204.5,324.6,bench-host-01,peer-scaling-2025-10
PEER-04-R6,4,706422,127,cb465077fb004adfce035e12,2025-10-06T04:27:25+01:00,1214.7,318.7,bench-host-01,peer-scaling-2025-10
PEER-04-R6,4,706422,128,8363070e625e690c6b5bdc51,2025-10-06T04:27:25+01:00,1098.8,326.4,bench-host-01,peer-scaling-2025-10
PEER-04-R6,4,706422,129,a78182f35cfd3cf0c7589007,2025-10-06T04:27:26+01:00,1178.0,326.0,bench-host-01,peer-scaling-2025-10
PEER-16-R7,16,653947,0,7fed88004bd82fffe6d9ec90,2025-10-06T09:27:26+01:00,1019.0,313.8,bench-host-01,peer-scaling-2025-10
PEER-16-R7,16,653947,1,97b9e9fb7d3b0bb305f0286e,2025-10-06T09:27:27+01:00,988.8,322.2,bench-host-01,peer-scaling-2025-10
PEER-16-R7,16,653947,2,8ad61060cc99d6aa68656063,2025-10-06T09:27:28+01:00,1164.6,328.8,bench-host-01,peer-scaling-2025-10
PEER-16-R7,16,653947,3,42d0e523b342e0bc19eec1ec,2025-10-06T09:27:28+01:00,1013.4,319.5,bench-host-01,peer-scaling-2025-10
PEER-16-R7,16,653947,4,666b01b1844117534b1fb633,2025-10-06T09:27:29+01:00,1069.1,329.4,bench-host-01,peer-scaling-2025-10
PEER-16-R7,16,653947,5,24c1cd4c894ccb1a00bc6200,2025-10-06T09:27:29+01:00,1018.2,318.3,bench-host-01,peer-scaling-2025-10
PEER-16-R7,16,653947,6,61600ab2351d00d53c81a9f2,2025-10-06T09:27:30+01:00,934.8,321.4,bench-host-01,peer-scaling-2025-10
PEER-16-R7,16,653947,7,ccbd314c695a49f7309af6af,2025-10-06T09:27:30+01:00,1071.1,317.6,bench-host-01,peer-scaling-2025-10
PEER-16-R7,16,653947,8,4e0cbd4a3462b0ff54fc5a80,2025-10-06T09:27:31+01:00,1040.2,312.5,bench-host-01,peer-scaling-2025-10
PEER-16-R7,16,653947,9,f816cc58934dad9d83997e27,2025-10-06T09:27:31+01:00,1006.1,321.0,bench-host-01,peer-scaling-2025-10
PEER-16-R7,16,653947,10,b5a349184a6cca6b45171946,2025-10-06T09:27:32+01:00,993.7,334.7,bench-host-01,peer-scaling-2025-10
PEER-16-R7,16,653947,11,431e260f199f18ad63637b51,2025-10-06T09:27:32+01:00,1020.4,328.0,bench-host-01,peer-scaling-2025-10
PEER-16-R7,16,653947,12,2752b18d790a8f65828ea53c,2025-10-06T09:27:33+01:00,1023.2,322.6,bench-host-01,peer-scaling-2025-10
PEER-16-R7,16,653947,13,b030680a3debcba18a437055,2025-10-06T09:27:33+01:00,914.6,315.6,bench-host-01,peer-scaling-2025-10
PEER-16-R7,16,653947,14,0ea43db7b89f2a8b5d4dd9b1,2025-10-06T09:27:34+01:00,1064.0,316.9,bench-host-01,peer-scaling-2025-10
PEER-16-R7,16,653947,15,db6edf0b0c520b894228fb35,2025-10-06T09:27:34+01:00,1097.0,319.4,bench-host-01,peer-scaling-2025-10
PEER-16-R7,16,653947,16,d11d492b383b7d75e3fc6c3e,2025-10-06T09:27:35+01:00,1094.7,318.3,bench-host-01,peer-scaling-2025-10
PEER-16-R7,16,653947,17,f181c81760b2ec9d4b4b9c17,2025-10-06T09:27:35+01:00,1034.2,309.1,bench-host-01,peer-scaling-2025-10
PEER-16-R7,16,653947,18,c92e1dddf00ca7dffe94d3bb,2025-10-06T09:27:36+01:00,1029.0,332.5,bench-host-01,peer-scaling-2025-10
PEER-16-R7,16,653947,19,7ef46bd6f02994135b24a765,2025-10-06T09:27:37+01:00,1096.2,324.4,bench-host-01,peer-scaling-2025-10
PEER-16-R7,16,653947,20,7eba24c7e229681f40a97bad,2025-10-06T09:27:37+01:00,1071.3,332.3,bench-host-01,peer-scaling-2025-10
PEER-16-R7,16,653947,21,aeed7cf1ae92164136cbe579,2025-10-06T09:27:38+01:00,1082.7,319.0,bench-host-01,peer-scaling-2025-10
PEER-16-R7,16,653947,22,5ec41c8381252bc32683ca0a,2025-10-06T09:27:38+01:00,1135.7,321.1,bench-host-01,peer-scaling-2025-10
PEER-16-R7,16,653947,23,f6315a24ecbff20231192160,2025-10-06T09:27:39+01:00,1027.0,321.7,bench-host-01,peer-scaling-2025-10
PEER-16-R7,16,653947,24,74153b45cf70195ebbbafc2d,2025-10-06T09:27:39+01:00,1028.5,326.1,bench-host-01,peer-scaling-2025-10
PEER-16-R7,16,653947,25,bd17a002cd8ac40b3b33e2c7,2025-10-06T09:27:40+01:00,1014.3,315.1,bench-host-01,peer-scaling-2025-10
PEER-16-R7,16,653947,26,19dcf3cdb4f37414d0390073,2025-10-06T09:27:40+01:00,1057.8,321.3,bench-host-01,peer-scaling-2025-10
PEER-16-R7,16,653947,27,8a81f03a5eb157362464c696,2025-10-06T09:27:41+01:00,1096.4,326.2,bench-host-01,peer-scaling-2025-10
PEER-16-R7,16,653947,28,83e974c2f1ec878cdb01ef72,2025-10-06T09:27:41+01:00,1076.6,331.0,bench-host-01,peer-scaling-2025-10
PEER-16-R7,16,653947,29,e60eda159f30b30600d2d632,2025-10-06T09:27:42+01:00,1030.3,324.1,bench-host-01,peer-scaling-2025-10
PEER-16-R7,16,653948,30,3440970d0b51cb5607b09b4f,2025-10-06T09:27:42+01:00,1032.8,326.0,bench-host-01,peer-scaling-2025-10
PEER-16-R7,16,653948,31,ab116bec3079bdf36fdf1d9b,2025-10-06T09:27:43+01:00,1087.6,314.3,bench-host-01,peer-scaling-2025-10
PEER-16-R7,16,653948,32,737ca2172a3359c11540acc8,2025-10-06T09:27:43+01:00,1135.6,326.4,bench-host-01,peer-scaling-2025-10
PEER-16-R7,16,653948,33,cf616254b55aa98b955526ed,2025-10-06T09:27:44+01:00,1055.5,319.9,bench-host-01,peer-scaling-2025-10
PEER-16-R7,16,653948,34,d2c936d61f158da37fbb5af3,2025-10-06T09:27:44+01:00,1087.9,325.2,bench-host-01,peer-scaling-2025-10
PEER-16-R7,16,653948,35,e24dc3534b776eab6cfc7663,2025-10-06T09:27:45+01:00,1049.6,332.6,bench-host-01,peer-scaling-2025-10
PEER-16-R7,16,653948,36,11d993b3d05ce8a56b61072f,2025-10-06T09:27:45+01:00,1039.4,325.0,bench-host-01,peer-scaling-2025-10
PEER-16-R7,16,653948,37,c81e00c01224a1fd79b93c91,2025-10-06T09:27:46+01:00,1017.8,326.5,bench-host-01,peer-scaling-2025-10
PEER-16-R7,16,653948,38,341ab2cf5dd252d9a714495f,2025-10-06T09:27:47+01:00,1024.6,334.5,bench-host-01,peer-scaling-2025-10
PEER-16-R7,16,653948,39,2c90da3e33cdc1fd2469bb4a,2025-10-06T09:27:47+01:00,1089.6,320.7,bench-host-01,peer-scaling-2025-10
PEER-16-R7,16,653948,40,7e296e2ff334cf2af65f27a7,2025-10-06T09:27:48+01:00,992.1,328.9,bench-host-01,peer-scaling-2025-10
PEER-16-R7,16,653948,41,828140a718c17f6f7d9e2527,2025-10-06T09:27:48+01:00,1100.1,327.8,bench-host-01,peer-scaling-2025-10
PEER-16-R7,16,653948,42,5a12cd3a363d5ed48e934e60,2025-10-06T09:27:49+01:00,1049.2,329.7,bench-host-01,peer-scaling-2025-10
PEER-16-R7,16,653948,43,605fe0476566966ca795a2f9,2025-10-06T09:27:49+01:00,1085.3,319.3,bench-host-01,peer-scaling-2025-10
PEER-16-R7,16,653948,44,ebca89a79831c3d25e8a2e02,2025-10-06T09:27:50+01:00,1151.0,323.6,bench-host-01,peer-scaling-2025-10
PEER-16-R7,16,653949,45,2418f9b4274aa99bf0b264b7,2025-10-06T09:27:50+01:00,1138.3,322.9,bench-host-01,peer-scaling-2025-10
PEER-16-R7,16,653949,46,a5f7973a23474a1ff99f9a9a,2025-10-06T09:27:51+01:00,1012.6,323.3,bench-host-01,peer-scaling-2025-10
PEER-16-R7,16,653949,47,6d0348bf83520f8e2aabc0c2,2025-10-06T09:27:51+01:00,1002.8,325.9,bench-host-01,peer-scaling-2025-10
PEER-16-R7,16,653949,48,74ddb4c8172e312c16fe759d,2025-10-06T09:27:52+01:00,961.0,326.3,bench-host-01,peer-scaling-2025-10
PEER-16-R7,16,653949,49,c0cf305659f095f09625b535,2025-10-06T09:27:52+01:00,1128.8,322.3,bench-host-01,peer-scaling-2025-10
PEER-16-R7,16,653949,50,9465ee14fd8b86ad7686be44,2025-10-06T09:27:53+01:00,1067.6,324.7,bench-host-01,peer-scaling-2025-10
PEER-16-R7,16,653949,51,4b3ab6cee4e06a019514a686,2025-10-06T09:27:53+01:00,987.6,319.9,bench-host-01,peer-scaling-2025-10
PEER-16-R7,16,653949,52,e9e73a58f8a8e00c4fd6c076,2025-10-06T09:27:54+01:00,1005.7,318.7,bench-host-01,peer-scaling-2025-10
PEER-16-R7,16,653949,53,81364af3c7e2d9fd5b415d0e,2025-10-06T09:27:54+01:00,1031.0,323.5,bench-host-01,peer-scaling-2025-10
PEER-16-R7,16,653949,54,53cef96bbb5515524de9e877,2025-10-06T09:27:55+01:00,1144.1,319.5,bench-host-01,peer-scaling-2025-10
PEER-16-R7,16,653949,55,222568bcd52bafe7ac7e3041,2025-10-06T09:27:56+01:00,1023.7,323.4,bench-host-01,peer-scaling-2025-10
PEER-16-R7,16,653949,56,fccb79238e2659ce193dc5de,2025-10-06T09:27:56+01:00,1007.8,326.7,bench-host-01,peer-scaling-2025-10
PEER-16-R7,16,653949,57,c6de44ebbc9146dc2be2d250,2025-10-06T09:27:57+01:00,1000.5,327.5,bench-host-01,peer-scaling-2025-10
PEER-16-R7,16,653949,58,bb54009cc48c8a309d25f0e7,2025-10-06T09:27:57+01:00,1079.7,320.5,bench-host-01,peer-scaling-2025-10
PEER-16-R7,16,653949,59,4a5a53cd44183f5c37e9844b,2025-10-06T09:27:58+01:00,1040.6,320.4,bench-host-01,peer-scaling-2025-10
PEER-16-R7,16,653949,60,9b33ba0536c69e946a82d8cd,2025-10-06T09:27:58+01:00,996.1,331.0,bench-host-01,peer-scaling-2025-10
PEER-16-R7,16,653949,61,5255189527dd5f9bbb084613,2025-10-06T09:27:59+01:00,1030.5,326.5,bench-host-01,peer-scaling-2025-10
PEER-16-R7,16,653949,62,d4a2a3bb05d3a864fd43c55a,2025-10-06T09:27:59+01:00,1137.3,328.4,bench-host-01,peer-scaling-2025-10
PEER-16-R7,16,653949,63,07a3df7749d588547cd640f3,2025-10-06T09:28:00+01:00,934.6,319.6,bench-host-01,peer-scaling-2025-10
PEER-16-R7,16,653949,64,693fc712c05d9e380fe6f416,2025-10-06T09:28:00+01:00,1004.6,330.1,bench-host-01,peer-scaling-2025-10
PEER-16-R7,16,653950,65,fc04eacdb3318fe4746df596,2025-10-06T09:28:01+01:00,1081.1,329.3,bench-host-01,peer-scaling-2025-10
PEER-16-R7,16,653950,66,de171edbdaa50429db2011be,2025-10-06T09:28:01+01:00,1031.9,319.0,bench-host-01,peer-scaling-2025-10
PEER-16-R7,16,653950,67,b16904b06270f96dd580340e,2025-10-06T09:28:02+01:00,1121.4,311.4,bench-host-01,peer-scaling-2025-10
PEER-16-R7,16,653950,68,7f21ae078ca07112661cf91b,2025-10-06T09:28:02+01:00,1101.0,320.6,bench-host-01,peer-scaling-2025-10
PEER-16-R7,16,653950,69,45c76c333066d85406cd030c,2025-10-06T09:28:03+01:00,996.2,322.2,bench-host-01,peer-scaling-2025-10
PEER-16-R7,16,653951,70,df0715d24c9afb97711bd55f,2025-10-06T09:28:03+01:00,1148.8,327.2,bench-host-01,peer-scaling-2025-10
PEER-16-R7,16,653951,71,200d07b5fa473fb6e1f65c12,2025-10-06T09:28:04+01:00,1027.7,320.3,bench-host-01,peer-scaling-2025-10
PEER-16-R7,16,653952,72,73619ce19cd98b2b6a1bc4cc,2025-10-06T09:28:05+01:00,1091.3,320.3,bench-host-01,peer-scaling-2025-10
PEER-16-R7,16,653952,73,7150fcfc1dd2cf29439b0e57,2025-10-06T09:28:05+01:00,1004.2,319.3,bench-host-01,peer-scaling-2025-10
PEER-16-R7,16,653952,74,f06e69d501bbb7463f249fab,2025-10-06T09:28:06+01:00,1072.5,323.3,bench-host-01,peer-scaling-2025-10
PEER-16-R7,16,653952,75,e1a074828eeb039c37fab461,2025-10-06T09:28:06+01:00,1124.0,324.6,bench-host-01,peer-scaling-2025-10
PEER-16-R7,16,653952,76,da57bac2845bf1eeb5826ce2,2025-10-06T09:28:07+01:00,962.0,320.8,bench-host-01,peer-scaling-2025-10
PEER-16-R7,16,653952,77,7e97d34835cf20121f79af81,2025-10-06T09:28:07+01:00,1082.0,317.9,bench-host-01,peer-scaling-2025-10
PEER-16-R7,16,653953,78,966e426e9534d3eb9cdd32a6,2025-10-06T09:28:08+01:00,1117.5,324.6,bench-host-01,peer-scaling-2025-10
PEER-16-R7,16,653953,79,0e0c6a42b832f128cdd5ccd5,2025-10-06T09:28:08+01:00,1178.2,318.3,bench-host-01,peer-scaling-2025-10
PEER-16-R7,16,653953,80,04fe0f9fd00c026699c58cc5,2025-10-06T09:28:09+01:00,1113.8,328.4,bench-host-01,peer-scaling-2025-10
PEER-16-R7,16,653954,81,091028217a9aac3158abe16a,2025-10-06T09:28:09+01:00,1054.5,324.9,bench-host-01,peer-scaling-2025-10
PEER-16-R7,16,653954,82,f3206a8ba0aface5cc0d3301,2025-10-06T09:28:10+01:00,1126.9,328.9,bench-host-01,peer-scaling-2025-10
PEER-16-R7,16,653954,83,de62f3d43ad2f3d63c74b9cd,2025-10-06T09:28:10+01:00,1068.6,319.0,bench-host-01,peer-scaling-2025-10
PEER-16-R7,16,653954,84,dfda333a4d3171c4b4fb7a04,2025-10-06T09:28:11+01:00,1031.2,325.5,bench-host-01,peer-scaling-2025-10
PEER-16-R7,16,653954,85,81e5fe993970393d586e1d9a,2025-10-06T09:28:11+01:00,1070.8,328.6,bench-host-01,peer-scaling-2025-10
PEER-16-R7,16,653954,86,0ac22de955611ca917b28c38,2025-10-06T09:28:12+01:00,1070.7,320.2,bench-host-01,peer-scaling-2025-10
PEER-16-R7,16,653954,87,3299663116d488b2d7daaf44,2025-10-06T09:28:12+01:00,1088.5,314.5,bench-host-01,peer-scaling-2025-10
PEER-16-R7,16,653954,88,15cbc7f248fcce0e50b7a1bc,2025-10-06T09:28:13+01:00,1028.9,323.1,bench-host-01,peer-scaling-2025-10
PEER-16-R7,16,653954,89,51855bd560886093b53d1356,2025-10-06T09:28:14+01:00,1024.0,331.4,bench-host-01,peer-scaling-2025-10
PEER-16-R7,16,653954,90,696e346c9f42becf34301a42,2025-10-06T09:28:14+01:00,1011.9,323.6,bench-host-01,peer-scaling-2025-10
PEER-16-R7,16,653954,91,b1069751fb88f1253b2b412d,2025-10-06T09:28:15+01:00,1025.6,323.6,bench-host-01,peer-scaling-2025-10
PEER-16-R7,16,653954,92,e50e10d99683e3512265f2e5,2025-10-06T09:28:15+01:00,1145.2,325.7,bench-host-01,peer-scaling-2025-10
PEER-16-R7,16,653954,93,0f100f6b7c81d677800f9235,2025-10-06T09:28:16+01:00,1100.9,323.2,bench-host-01,peer-scaling-2025-10
PEER-16-R7,16,653954,94,101a093f34e869fd80caae06,2025-10-06T09:28:16+01:00,1075.6,320.3,bench-host-01,peer-scaling-2025-10
PEER-16-R7,16,653954,95,d6fdd778c1a0b3176d144d7f,2025-10-06T09:28:17+01:00,1064.1,325.4,bench-host-01,peer-scaling-2025-10
PEER-16-R7,16,653954,96,23b03dadfc211f690cb65abc,2025-10-06T09:28:17+01:00,1052.6,322.7,bench-host-01,peer-scaling-2025-10
PEER-16-R7,16,653954,97,8183b9992103b8b7d2a0bb69,2025-10-06T09:28:18+01:00,1139.7,326.9,bench-host-01,peer-scaling-2025-10
PEER-16-R7,16,653954,98,4f8e1371587c4f2a4660c9b6,2025-10-06T09:28:18+01:00,974.8,329.6,bench-host-01,peer-scaling-2025-10
PEER-16-R7,16,653954,99,eece72290168108503d24aff,2025-10-06T09:28:19+01:00,1000.5,323.0,bench-host-01,peer-scaling-2025-10
PEER-16-R7,16,653954,100,6e87d5fabc40cebb000746d3,2025-10-06T09:28:19+01:00,1111.9,320.2,bench-host-01,peer-scaling-2025-10
PEER-16-R7,16,653954,101,8ade8b15f28955bf6d02e991,2025-10-06T09:28:20+01:00,1039.2,318.1,bench-host-01,peer-scaling-2025-10
PEER-16-R7,16,653954,102,99cf6273ef343496a2adba19,2025-10-06T09:28:20+01:00,972.7,325.6,bench-host-01,peer-scaling-2025-10
PEER-16-R7,16,653954,103,ac3372d59ac47ea264eeb37a,2025-10-06T09:28:21+01:00,1070.4,326.7,bench-host-01,peer-scaling-2025-10
PEER-16-R7,16,653955,104,df56a39c0fc33851fc40f7dc,2025-10-06T09:28:21+01:00,1034.9,322.7,bench-host-01,peer-scaling-2025-10
PEER-16-R7,16,653955,105,28e1836ad516131bd6ce72c2,2025-10-06T09:28:22+01:00,1041.1,325.5,bench-host-01,peer-scaling-2025-10
PEER-16-R7,16,653955,106,6b6e9f9b927d577c2ca514bc,2025-10-06T09:28:22+01:00,1052.4,318.2,bench-host-01,peer-scaling-2025-10
PEER-16-R7,16,653955,107,1be9ce7c9376a79b28d5c49e,2025-10-06T09:28:23+01:00,1037.0,322.4,bench-host-01,peer-scaling-2025-10
PEER-16-R7,16,653955,108,c2cd863ed37bcc944594e177,2025-10-06T09:28:24+01:00,1011.2,326.6,bench-host-01,peer-scaling-2025-10
PEER-16-R7,16,653955,109,7d5299d360c66ae56447e50c,2025-10-06T09:28:24+01:00,1071.1,325.6,bench-host-01,peer-scaling-2025-10
PEER-16-R7,16,653955,110,81fd0a438c15de2ab2e8191a,2025-10-06T09:28:25+01:00,1037.8,326.2,bench-host-01,peer-scaling-2025-10
PEER-16-R7,16,653955,111,f75d2d016c862d84f0a69dc3,2025-10-06T09:28:25+01:00,1088.4,325.1,bench-host-01,peer-scaling-2025-10
PEER-16-R7,16,653955,112,55042ce761b07f26be07b64b,2025-10-06T09:28:26+01:00,1080.6,316.6,bench-host-01,peer-scaling-2025-10
PEER-16-R7,16,653955,113,00cafb74d8950ac1d6a8e1ca,2025-10-06T09:28:26+01:00,1074.8,331.5,bench-host-01,peer-scaling-2025-10
PEER-16-R7,16,653955,114,05cf3770ca2c44437422e8f4,2025-10-06T09:28:27+01:00,1167.2,322.4,bench-host-01,peer-scaling-2025-10
PEER-16-R7,16,653955,115,1543a188bacb110fe4e06733,2025-10-06T09:28:27+01:00,993.4,327.3,bench-host-01,peer-scaling-2025-10
PEER-16-R7,16,653955,116,b4180c47a3272c5fff652aae,2025-10-06T09:28:28+01:00,1038.1,320.1,bench-host-01,peer-scaling-2025-10
PEER-16-R7,16,653955,117,9dff28136fccd6d3cb6d54c2,2025-10-06T09:28:28+01:00,1085.8,328.6,bench-host-01,peer-scaling-2025-10
PEER-16-R7,16,653955,118,806158f9159a382c61b42c91,2025-10-06T09:28:29+01:00,1043.1,318.9,bench-host-01,peer-scaling-2025-10
PEER-16-R7,16,653955,119,36d04bb89ca69e8e133955d4,2025-10-06T09:28:29+01:00,1074.4,321.3,bench-host-01,peer-scaling-2025-10
PEER-16-R7,16,653956,120,6378e38b3fcc50a32520508a,2025-10-06T09:28:30+01:00,1048.6,312.7,bench-host-01,peer-scaling-2025-10
PEER-16-R7,16,653956,121,f88e455a2a4d78202d816e3a,2025-10-06T09:28:30+01:00,960.7,328.5,bench-host-01,peer-scaling-2025-10
PEER-16-R7,16,653956,122,144c79e4f9eae0bf2917587d,2025-10-06T09:28:31+01:00,1084.6,330.5,bench-host-01,peer-scaling-2025-10
PEER-16-R7,16,653956,123,453a172b353389b40bb79764,2025-10-06T09:28:31+01:00,998.8,315.2,bench-host-01,peer-scaling-2025-10
PEER-16-R7,16,653956,124,ada1b437643ca39de3b15f50,2025-10-06T09:28:32+01:00,1025.2,316.0,bench-host-01,peer-scaling-2025-10
PEER-16-R7,16,653956,125,58d48febecf4402326decbc8,2025-10-06T09:28:33+01:00,1140.4,319.4,bench-host-01,peer-scaling-2025-10
PEER-16-R7,16,653956,126,119ac1ae481829a87dc97757,2025-10-06T09:28:33+01:00,1022.4,324.4,bench-host-01,peer-scaling-2025-10
PEER-16-R7,16,653956,127,b500f59ea15984e39519654c,2025-10-06T09:28:34+01:00,1087.7,320.3,bench-host-01,peer-scaling-2025-10
PEER-16-R7,16,653956,128,5cb6fa6df4c635aed3a62085,2025-10-06T09:28:34+01:00,1101.9,325.5,bench-host-01,peer-scaling-2025-10
PEER-16-R7,16,653956,129,8352a3419d8560221deba104,2025-10-06T09:28:35+01:00,1081.1,323.0,bench-host-01,peer-scaling-2025-10
PEER-08-R7,8,145373,0,53e1cba2ae68db8d67d1d2cb,2025-10-06T14:28:35+01:00,1064.5,315.6,bench-host-01,peer-scaling-2025-10
PEER-08-R7,8,145373,1,963cbecf87782a89494d8da0,2025-10-06T14:28:36+01:00,1140.0,321.6,bench-host-01,peer-scaling-2025-10
PEER-08-R7,8,145373,2,e423a789dea7d0d6c627f5fe,2025-10-06T14:28:36+01:00,1129.8,325.0,bench-host-01,peer-scaling-2025-10
PEER-08-R7,8,145373,3,f9dd3e64077c63193dbad81e,2025-10-06T14:28:37+01:00,1187.8,317.6,bench-host-01,peer-scaling-2025-10
PEER-08-R7,8,145373,4,44afef5b0dea8c8f6e554441,2025-10-06T14:28:37+01:00,1164.0,321.1,bench-host-01,peer-scaling-2025-10
PEER-08-R7,8,145373,5,2535fa141030e2300dddabf1,2025-10-06T14:28:38+01:00,1129.6,322.3,bench-host-01,peer-scaling-2025-10
PEER-08-R7,8,145373,6,d14c463def942296d9abfc7b,2025-10-06T14:28:39+01:00,1070.5,320.0,bench-host-01,peer-scaling-2025-10
PEER-08-R7,8,145373,7,66b5b36a71f5f968f20011fe,2025-10-06T14:28:39+01:00,1164.9,322.7,bench-host-01,peer-scaling-2025-10
PEER-08-R7,8,145374,8,4731ae0b536a8c143e95842a,2025-10-06T14:28:40+01:00,1110.7,323.0,bench-host-01,peer-scaling-2025-10
PEER-08-R7,8,145374,9,475ccbdf53aa22b642c0dbc1,2025-10-06T14:28:40+01:00,1140.0,312.3,bench-host-01,peer-scaling-2025-10
PEER-08-R7,8,145374,10,0fdc87b291bb6e951b56ab74,2025-10-06T14:28:41+01:00,1101.1,322.6,bench-host-01,peer-scaling-2025-10
PEER-08-R7,8,145374,11,017c112260ec8334ad0c841a,2025-10-06T14:28:41+01:00,1216.1,320.8,bench-host-01,peer-scaling-2025-10
PEER-08-R7,8,145374,12,2e3af2031522cbd8f6e01d8e,2025-10-06T14:28:42+01:00,1094.3,320.9,bench-host-01,peer-scaling-2025-10
PEER-08-R7,8,145374,13,73230f3e024364d5d65edf8e,2025-10-06T14:28:43+01:00,1028.0,316.9,bench-host-01,peer-scaling-2025-10
PEER-08-R7,8,145374,14,bba8977b919004f7967c9688,2025-10-06T14:28:43+01:00,1065.9,318.2,bench-host-01,peer-scaling-2025-10
PEER-08-R7,8,145374,15,c92742bb84e96e5b6b8c6517,2025-10-06T14:28:44+01:00,1214.4,321.0,bench-host-01,peer-scaling-2025-10
PEER-08-R7,8,145374,16,413431bf56cf61e9186cdd0f,2025-10-06T14:28:44+01:00,1124.0,311.9,bench-host-01,peer-scaling-2025-10
PEER-08-R7,8,145374,17,9d003041aae6490596eae2a0,2025-10-06T14:28:45+01:00,1111.6,314.1,bench-host-01,peer-scaling-2025-10
PEER-08-R7,8,145374,18,a01ef9ff9173761eba33a9f4,2025-10-06T14:28:46+01:00,1072.4,312.6,bench-host-01,peer-scaling-2025-10
PEER-08-R7,8,145374,19,bb09cfab661f029600db1d44,2025-10-06T14:28:46+01:00,1191.0,318.1,bench-host-01,peer-scaling-2025-10
PEER-08-R7,8,145374,20,65ab6be9edff31f29d68d5f2,2025-10-06T14:28:47+01:00,1222.6,312.1,bench-host-01,peer-scaling-2025-10
PEER-08-R7,8,145374,21,2efb3658b2c992c2a8833899,2025-10-06T14:28:47+01:00,1123.0,336.1,bench-host-01,peer-scaling-2025-10
PEER-08-R7,8,145375,22,ad413c6ea2cbf47209df6bc1,2025-10-06T14:28:48+01:00,1184.5,324.1,bench-host-01,peer-scaling-2025-10
PEER-08-R7,8,145375,23,10565187d5095b09323e7706,2025-10-06T14:28:48+01:00,1164.1,325.0,bench-host-01,peer-scaling-2025-10
PEER-08-R7,8,145375,24,e3ba6274c53152423dd224d2,2025-10-06T14:28:49+01:00,1268.1,323.9,bench-host-01,peer-scaling-2025-10
PEER-08-R7,8,145375,25,f7bbd663696d7385493d5c8d,2025-10-06T14:28:50+01:00,1180.5,323.6,bench-host-01,peer-scaling-2025-10
PEER-08-R7,8,145375,26,6903da6ac90a4ad414906e03,2025-10-06T14:28:50+01:00,1198.5,337.6,bench-host-01,peer-scaling-2025-10
PEER-08-R7,8,145375,27,632596b221e36f07f7542b92,2025-10-06T14:28:51+01:00,1114.7,323.1,bench-host-01,peer-scaling-2025-10
PEER-08-R7,8,145376,28,ea7053cfb3de999002481ba5,2025-10-06T14:28:51+01:00,1117.7,319.2,bench-host-01,peer-scaling-2025-10
PEER-08-R7,8,145376,29,52b2cee0192308a59bdb14d1,2025-10-06T14:28:52+01:00,1023.2,324.9,bench-host-01,peer-scaling-2025-10
PEER-08-R7,8,145377,30,074219e81c4d7c4a7baa8ace,2025-10-06T14:28:52+01:00,1158.7,318.4,bench-host-01,peer-scaling-2025-10
PEER-08-R7,8,145377,31,3d5b6d141921879d4291ec5e,2025-10-06T14:28:53+01:00,1058.8,331.4,bench-host-01,peer-scaling-2025-10
PEER-08-R7,8,145378,32,80f6b5907920c8a0519b4d99,2025-10-06T14:28:54+01:00,1103.6,330.9,bench-host-01,peer-scaling-2025-10
PEER-08-R7,8,145379,33,773d4a42d44f9865d8cc4efb,2025-10-06T14:28:54+01:00,1139.0,323.5,bench-host-01,peer-scaling-2025-10
PEER-08-R7,8,145379,34,7bf76e545df5c1ebee49a1f6,2025-10-06T14:28:55+01:00,1143.8,317.3,bench-host-01,peer-scaling-2025-10
PEER-08-R7,8,145379,35,cccd542cf2d4049cc65f0afd,2025-10-06T14:28:55+01:00,1115.0,320.7,bench-host-01,peer-scaling-2025-10
PEER-08-R7,8,145379,36,94acbb7bd041299cde9a56e5,2025-10-06T14:28:56+01:00,1158.4,315.8,bench-host-01,peer-scaling-2025-10
PEER-08-R7,8,145379,37,02616a55ff3a66716c0e0760,2025-10-06T14:28:56+01:00,1111.7,326.5,bench-host-01,peer-scaling-2025-10
PEER-08-R7,8,145379,38,309841abed55238538ae90a8,2025-10-06T14:28:57+01:00,1175.1,323.4,bench-host-01,peer-scaling-2025-10
PEER-08-R7,8,145379,39,92dedaaea7597e97284fb49b,2025-10-06T14:28:58+01:00,1130.3,329.2,bench-host-01,peer-scaling-2025-10
PEER-08-R7,8,145380,40,bfc6071cd8538ef354417bd2,2025-10-06T14:28:58+01:00,1209.9,316.3,bench-host-01,peer-scaling-2025-10
PEER-08-R7,8,145380,41,28ae4bbe8e9907e6f4c744ba,2025-10-06T14:28:59+01:00,1068.5,312.4,bench-host-01,peer-scaling-2025-10
PEER-08-R7,8,145381,42,f37185102cd110754befbf9f,2025-10-06T14:28:59+01:00,1185.1,321.7,bench-host-01,peer-scaling-2025-10
PEER-08-R7,8,145381,43,27c56f6013b5df71b93dda6e,2025-10-06T14:29:00+01:00,1050.3,310.7,bench-host-01,peer-scaling-2025-10
PEER-08-R7,8,145381,44,24e372a5765204a734697321,2025-10-06T14:29:00+01:00,1148.3,330.2,bench-host-01,peer-scaling-2025-10
PEER-08-R7,8,145381,45,51b58dd2a3899e95d5f533f0,2025-10-06T14:29:01+01:00,1065.5,316.3,bench-host-01,peer-scaling-2025-10
PEER-08-R7,8,145381,46,81911c3996d6af08a70c1021,2025-10-06T14:29:02+01:00,1120.6,324.5,bench-host-01,peer-scaling-2025-10
PEER-08-R7,8,145381,47,4ccc4e1566531505653547e5,2025-10-06T14:29:02+01:00,1157.0,310.3,bench-host-01,peer-scaling-2025-10
PEER-08-R7,8,145381,48,3dd779ac0707f1a9ad663a5c,2025-10-06T14:29:03+01:00,1180.6,317.7,bench-host-01,peer-scaling-2025-10
PEER-08-R7,8,145381,49,d33b5b44ae3773f0083ecd45,2025-10-06T14:29:03+01:00,1091.1,312.5,bench-host-01,peer-scaling-2025-10
PEER-08-R7,8,145381,50,cce49135f0bd02e91f48c469,2025-10-06T14:29:04+01:00,1153.0,309.7,bench-host-01,peer-scaling-2025-10
PEER-08-R7,8,145381,51,da9246f6e7a6d52032e71aae,2025-10-06T14:29:04+01:00,1151.4,322.5,bench-host-01,peer-scaling-2025-10
PEER-08-R7,8,145381,52,5a3f8f82830486ff45997add,2025-10-06T14:29:05+01:00,1175.4,325.2,bench-host-01,peer-scaling-2025-10
PEER-08-R7,8,145381,53,3348908a1ccfc19398bdc718,2025-10-06T14:29:06+01:00,1131.9,320.0,bench-host-01,peer-scaling-2025-10
PEER-08-R7,8,145381,54,43b8d8ad66620b7af534d4b2,2025-10-06T14:29:06+01:00,1141.7,311.6,bench-host-01,peer-scaling-2025-10
PEER-08-R7,8,145381,55,21ad3ed5dfb01dd8324dfe84,2025-10-06T14:29:07+01:00,1088.6,312.1,bench-host-01,peer-scaling-2025-10
PEER-08-R7,8,145382,56,c50a38daf71f29dd340ebb9f,2025-10-06T14:29:07+01:00,1226.4,321.9,bench-host-01,peer-scaling-2025-10
PEER-08-R7,8,145382,57,452a6ab128d7cdeb02847717,2025-10-06T14:29:08+01:00,1159.5,316.7,bench-host-01,peer-scaling-2025-10
PEER-08-R7,8,145382,58,3b7f969b84ef5a79eb3dd61c,2025-10-06T14:29:09+01:00,1133.3,319.8,bench-host-01,peer-scaling-2025-10
PEER-08-R7,8,145382,59,c7168f55385a96e95f582afe,2025-10-06T14:29:09+01:00,1047.3,327.9,bench-host-01,peer-scaling-2025-10
PEER-08-R7,8,145382,60,1f7673cbcbde7471baeb94a2,2025-10-06T14:29:10+01:00,1163.8,316.4,bench-host-01,peer-scaling-2025-10
PEER-08-R7,8,145382,61,f78730cbbf72458fe286683e,2025-10-06T14:29:10+01:00,1074.4,324.1,bench-host-01,peer-scaling-2025-10
PEER-08-R7,8,145382,62,b4bd23910551d2cfd2724e96,2025-10-06T14:29:11+01:00,1157.6,316.1,bench-host-01,peer-scaling-2025-10
PEER-08-R7,8,145382,63,0762b4dd6e827cef14ad2d8a,2025-10-06T14:29:11+01:00,1197.0,313.0,bench-host-01,peer-scaling-2025-10
PEER-08-R7,8,145382,64,849cff6278c0051f552c4d0c,2025-10-06T14:29:12+01:00,1209.8,322.3,bench-host-01,peer-scaling-2025-10
PEER-08-R7,8,145382,65,ea9fee182e31398c0a828641,2025-10-06T14:29:13+01:00,1151.2,309.7,bench-host-01,peer-scaling-2025-10
PEER-08-R7,8,145383,66,19e242f7c62bb32333c7b650,2025-10-06T14:29:13+01:00,1198.5,322.9,bench-host-01,peer-scaling-2025-10
PEER-08-R7,8,145383,67,9e7353b4f6b96fe09a4d240f,2025-10-06T14:29:14+01:00,1237.8,319.5,bench-host-01,peer-scaling-2025-10
PEER-08-R7,8,145383,68,ecb45dd9bee4b94b49b9be97,2025-10-06T14:29:14+01:00,1145.2,328.4,bench-host-01,peer-scaling-2025-10
PEER-08-R7,8,145383,69,6976e9c1b5d896fccc960f22,2025-10-06T14:29:15+01:00,1156.1,325.2,bench-host-01,peer-scaling-2025-10
PEER-08-R7,8,145384,70,f54b7e4f2372e78b3a6acdb2,2025-10-06T14:29:15+01:00,1140.2,316.0,bench-host-01,peer-scaling-2025-10
PEER-08-R7,8,145384,71,62c00873037705cc810484f2,2025-10-06T14:29:16+01:00,1183.0,317.6,bench-host-01,peer-scaling-2025-10
PEER-08-R7,8,145385,72,564c9b50f92ad38a4f521fbe,2025-10-06T14:29:17+01:00,1113.1,323.2,bench-host-01,peer-scaling-2025-10
PEER-08-R7,8,145385,73,bca054484ea2e4679a2b98da,2025-10-06T14:29:17+01:00,1063.0,319.4,bench-host-01,peer-scaling-2025-10
PEER-08-R7,8,145385,74,a2684d8ac3264d1afdeacfc0,2025-10-06T14:29:18+01:00,1191.8,330.4,bench-host-01,peer-scaling-2025-10
PEER-08-R7,8,145385,75,34351dc4ca27fe5a724197b8,2025-10-06T14:29:18+01:00,1124.1,326.6,bench-host-01,peer-scaling-2025-10
PEER-08-R7,8,145385,76,d091c019a4dd804fd32e2624,2025-10-06T14:29:19+01:00,1193.5,321.4,bench-host-01,peer-scaling-2025-10
PEER-08-R7,8,145385,77,d6ce83357c7d20033c92a8ac,2025-10-06T14:29:19+01:00,1075.6,330.3,bench-host-01,peer-scaling-2025-10
PEER-08-R7,8,145385,78,4de0019c286d5eda81089f36,2025-10-06T14:29:20+01:00,1120.0,320.5,bench-host-01,peer-scaling-2025-10
PEER-08-R7,8,145385,79,d0f49d8a26d9280f32d4977b,2025-10-06T14:29:21+01:00,1101.0,326.2,bench-host-01,peer-scaling-2025-10
PEER-08-R7,8,145386,80,d2ffff07fa699e10383536c3,2025-10-06T14:29:21+01:00,1092.2,313.2,bench-host-01,peer-scaling-2025-10
PEER-08-R7,8,145386,81,3d934bf0722b266f41ade100,2025-10-06T14:29:22+01:00,1135.5,323.0,bench-host-01,peer-scaling-2025-10
PEER-08-R7,8,145386,82,be10f172aa83f53d6c209346,2025-10-06T14:29:22+01:00,1167.9,321.4,bench-host-01,peer-scaling-2025-10
PEER-08-R7,8,145386,83,31d8a16329e7554ea39daa19,2025-10-06T14:29:23+01:00,1062.1,319.1,bench-host-01,peer-scaling-2025-10
PEER-08-R7,8,145386,84,d42f876bef212aa21e27608a,2025-10-06T14:29:23+01:00,1109.8,316.9,bench-host-01,peer-scaling-2025-10
PEER-08-R7,8,145386,85,55d87167a80ed90ab910a83a,2025-10-06T14:29:24+01:00,1049.0,320.3,bench-host-01,peer-scaling-2025-10
PEER-08-R7,8,145386,86,597b524409f522adadb33ba2,2025-10-06T14:29:25+01:00,1158.6,322.0,bench-host-01,peer-scaling-2025-10
PEER-08-R7,8,145386,87,c9752430ed514463e0d0feb2,2025-10-06T14:29:25+01:00,1136.1,323.4,bench-host-01,peer-scaling-2025-10
PEER-08-R7,8,145387,88,05cb1069bcfadcf0c5bce449,2025-10-06T14:29:26+01:00,1148.3,318.6,bench-host-01,peer-scaling-2025-10
PEER-08-R7,8,145387,89,6f83e70b79f950707d962c32,2025-10-06T14:29:26+01:00,1201.2,325.7,bench-host-01,peer-scaling-2025-10
PEER-08-R7,8,145387,90,74a4bd3829c0204105200d55,2025-10-06T14:29:27+01:00,1151.2,327.3,bench-host-01,peer-scaling-2025-10
PEER-08-R7,8,145387,91,9698d53e4731c68424063867,2025-10-06T14:29:27+01:00,1220.4,312.1,bench-host-01,peer-scaling-2025-10
PEER-08-R7,8,145387,92,ec9a2ed48e27152085d5e923,2025-10-06T14:29:28+01:00,1224.4,324.9,bench-host-01,peer-scaling-2025-10
PEER-08-R7,8,145387,93,297e2126380a461719fdc9ce,2025-10-06T14:29:29+01:00,1121.6,318.2,bench-host-01,peer-scaling-2025-10
PEER-08-R7,8,145387,94,b1d7d1d436c0f7276170742a,2025-10-06T14:29:29+01:00,1170.6,306.8,bench-host-01,peer-scaling-2025-10
PEER-08-R7,8,145387,95,fc9d20a69be4f46022553a05,2025-10-06T14:29:30+01:00,1157.8,317.7,bench-host-01,peer-scaling-2025-10
PEER-08-R7,8,145388,96,2425c3f4409284820c0e43b6,2025-10-06T14:29:30+01:00,1170.1,321.0,bench-host-01,peer-scaling-2025-10
PEER-08-R7,8,145388,97,c7fe5db64ad68b6ab0d8416a,2025-10-06T14:29:31+01:00,1119.6,325.1,bench-host-01,peer-scaling-2025-10
PEER-08-R7,8,145389,98,343e9248fb1d7f08710aaceb,2025-10-06T14:29:31+01:00,1201.7,318.9,bench-host-01,peer-scaling-2025-10
PEER-08-R7,8,145389,99,64586a09e2210ead7671323b,2025-10-06T14:29:32+01:00,1085.6,325.5,bench-host-01,peer-scaling-2025-10
PEER-08-R7,8,145389,100,bdfbd6fb54f0348bd02f0376,2025-10-06T14:29:33+01:00,1045.0,318.0,bench-host-01,peer-scaling-2025-10
PEER-08-R7,8,145389,101,fdbaf3b6908de4aef4e15431,2025-10-06T14:29:33+01:00,1271.1,323.2,bench-host-01,peer-scaling-2025-10
PEER-08-R7,8,145389,102,0f91dda039317caee2b4486d,2025-10-06T14:29:34+01:00,1123.7,318.8,bench-host-01,peer-scaling-2025-10
PEER-08-R7,8,145389,103,98a0351c448af2195406dd88,2025-10-06T14:29:34+01:00,1166.4,317.4,bench-host-01,peer-scaling-2025-10
PEER-08-R7,8,145389,104,404ef801f06ebaf4afc99763,2025-10-06T14:29:35+01:00,1227.3,329.3,bench-host-01,peer-scaling-2025-10
PEER-08-R7,8,145389,105,3b9abf34c1f884aeceb8c40f,2025-10-06T14:29:36+01:00,1225.7,325.6,bench-host-01,peer-scaling-2025-10
PEER-08-R7,8,145389,106,70e6515d44daa296940bf7b5,2025-10-06T14:29:36+01:00,1099.7,321.5,bench-host-01,peer-scaling-2025-10
PEER-08-R7,8,145389,107,3ded279eace8b0ecc2ea8884,2025-10-06T14:29:37+01:00,1282.3,320.7,bench-host-01,peer-scaling-2025-10
PEER-08-R7,8,145389,108,72bbb89b0621b12a8e9e095e,2025-10-06T14:29:37+01:00,1176.8,324.5,bench-host-01,peer-scaling-2025-10
PEER-08-R7,8,145389,109,0fdc4178ab0e2d94c3fc2db0,2025-10-06T14:29:38+01:00,1144.9,319.9,bench-host-01,peer-scaling-2025-10
PEER-08-R7,8,145390,110,d96b12df1b59f3b9ce27b09a,2025-10-06T14:29:38+01:00,1190.7,315.6,bench-host-01,peer-scaling-2025-10
PEER-08-R7,8,145390,111,7f370f8266afeffa7af3b545,2025-10-06T14:29:39+01:00,1171.8,315.9,bench-host-01,peer-scaling-2025-10
PEER-08-R7,8,145391,112,2891e1892f3b10d9d8af97d5,2025-10-06T14:29:40+01:00,1221.3,319.9,bench-host-01,peer-scaling-2025-10
PEER-08-R7,8,145391,113,b33efb6968d3196833e1b775,2025-10-06T14:29:40+01:00,1116.5,313.4,bench-host-01,peer-scaling-2025-10
PEER-08-R7,8,145391,114,04b52b4f66b95e26161b0e7f,2025-10-06T14:29:41+01:00,1090.8,317.2,bench-host-01,peer-scaling-2025-10
PEER-08-R7,8,145391,115,1be46a34133f3e787e8226f6,2025-10-06T14:29:41+01:00,1070.2,320.1,bench-host-01,peer-scaling-2025-10
PEER-08-R7,8,145391,116,a1ac1938c79158ce59ecc512,2025-10-06T14:29:42+01:00,1132.3,327.4,bench-host-01,peer-scaling-2025-10
PEER-08-R7,8,145392,117,49ae0a58a9a9f6eb9e39468b,2025-10-06T14:29:42+01:00,1132.7,314.7,bench-host-01,peer-scaling-2025-10
PEER-08-R7,8,145392,118,b33bfb41900afb837b02e586,2025-10-06T14:29:43+01:00,1075.4,319.6,bench-host-01,peer-scaling-2025-10
PEER-08-R7,8,145392,119,ed61eb68addd2461d437eb63,2025-10-06T14:29:44+01:00,1105.1,312.6,bench-host-01,peer-scaling-2025-10
PEER-08-R7,8,145392,120,8b35f4f1a7d6d9fa79f863d5,2025-10-06T14:29:44+01:00,1093.7,322.8,bench-host-01,peer-scaling-2025-10
PEER-08-R7,8,145392,121,dc6df34df6deced2f408a234,2025-10-06T14:29:45+01:00,1203.7,315.1,bench-host-01,peer-scaling-2025-10
PEER-08-R7,8,145392,122,440be03364d653f953442533,2025-10-06T14:29:45+01:00,1070.8,325.4,bench-host-01,peer-scaling-2025-10
PEER-08-R7,8,145392,123,723a2d29eebe151f6e1e9575,2025-10-06T14:29:46+01:00,1122.4,323.9,bench-host-01,peer-scaling-2025-10
PEER-08-R7,8,145392,124,88492de5f3593ed5e6c60713,2025-10-06T14:29:46+01:00,1151.9,326.5,bench-host-01,peer-scaling-2025-10
PEER-08-R7,8,145392,125,40b3b734027f3e7a505c19d6,2025-10-06T14:29:47+01:00,1108.6,317.2,bench-host-01,peer-scaling-2025-10
PEER-08-R7,8,145392,126,c4cc9e5638b75216ae86d400,2025-10-06T14:29:48+01:00,1220.0,317.3,bench-host-01,peer-scaling-2025-10
PEER-08-R7,8,145392,127,521b76098e3e3b9041ae010a,2025-10-06T14:29:48+01:00,1108.7,318.3,bench-host-01,peer-scaling-2025-10
PEER-08-R7,8,145392,128,3a79fa3cb67c4e77685fc5ec,2025-10-06T14:29:49+01:00,1134.8,326.1,bench-host-01,peer-scaling-2025-10
PEER-08-R7,8,145392,129,69c5ebfeaec483e338746134,2025-10-06T14:29:49+01:00,1214.3,318.7,bench-host-01,peer-scaling-2025-10
PEER-04-R7,4,648470,0,917dc31b3118774a782c58b9,2025-10-06T19:29:50+01:00,1143.3,327.6,bench-host-01,peer-scaling-2025-10
PEER-04-R7,4,648470,1,23bc0c27c715a21e17465a66,2025-10-06T19:29:50+01:00,1226.4,329.3,bench-host-01,peer-scaling-2025-10
PEER-04-R7,4,648470,2,30c57c3772e4be7dfcd13097,2025-10-06T19:29:51+01:00,1244.6,320.7,bench-host-01,peer-scaling-2025-10
PEER-04-R7,4,648470,3,eb261b1b531649c1002ef062,2025-10-06T19:29:52+01:00,1170.7,326.0,bench-host-01,peer-scaling-2025-10
PEER-04-R7,4,648470,4,48e894d36960f1440344f0ef,2025-10-06T19:29:52+01:00,1200.4,319.0,bench-host-01,peer-scaling-2025-10
PEER-04-R7,4,648470,5,fcb302c6a4587b8059989ca7,2025-10-06T19:29:53+01:00,1142.9,326.2,bench-host-01,peer-scaling-2025-10
PEER-04-R7,4,648470,6,ce095f3ec654bb328d9851dd,2025-10-06T19:29:54+01:00,1208.6,325.0,bench-host-01,peer-scaling-2025-10
PEER-04-R7,4,648470,7,127a12cbde8d4e36a25dd73c,2025-10-06T19:29:54+01:00,1149.7,321.1,bench-host-01,peer-scaling-2025-10
PEER-04-R7,4,648470,8,f537e6f458ab0cee1bdb3b68,2025-10-06T19:29:55+01:00,1326.5,331.6,bench-host-01,peer-scaling-2025-10
PEER-04-R7,4,648470,9,57e9e40e6e6e89f13be6e8a5,2025-10-06T19:29:55+01:00,1196.9,326.4,bench-host-01,peer-scaling-2025-10
PEER-04-R7,4,648470,10,dbeb08ed18b8bec7bae1f67e,2025-10-06T19:29:56+01:00,1231.9,325.4,bench-host-01,peer-scaling-2025-10
PEER-04-R7,4,648470,11,77cbce4cc993ed69e072eb25,2025-10-06T19:29:57+01:00,1135.5,310.7,bench-host-01,peer-scaling-2025-10
PEER-04-R7,4,648470,12,3f222f74428d37b230005b4a,2025-10-06T19:29:57+01:00,1219.8,308.2,bench-host-01,peer-scaling-2025-10
PEER-04-R7,4,648471,13,99019268a0828f6bc7bad4b9,2025-10-06T19:29:58+01:00,1202.8,326.9,bench-host-01,peer-scaling-2025-10
PEER-04-R7,4,648471,14,00e22aa95ea2ec51bd01c702,2025-10-06T19:29:58+01:00,1228.6,325.5,bench-host-01,peer-scaling-2025-10
PEER-04-R7,4,648471,15,56cfeb3049641bf461973e86,2025-10-06T19:29:59+01:00,1168.0,316.9,bench-host-01,peer-scaling-2025-10
PEER-04-R7,4,648471,16,07a792106bd59c230f8d4b6f,2025-10-06T19:30:00+01:00,1072.4,326.2,bench-host-01,peer-scaling-2025-10
PEER-04-R7,4,648471,17,752f206e55679af6cc6674e1,2025-10-06T19:30:00+01:00,1319.6,318.6,bench-host-01,peer-scaling-2025-10
PEER-04-R7,4,648471,18,cc840a66cae6e4208986f364,2025-10-06T19:30:01+01:00,1277.9,321.2,bench-host-01,peer-scaling-2025-10
PEER-04-R7,4,648471,19,bc518191a3096d4c9376b498,2025-10-06T19:30:01+01:00,1115.3,313.3,bench-host-01,peer-scaling-2025-10
PEER-04-R7,4,648471,20,4e2cff490fdd2ffa5c3e0eda,2025-10-06T19:30:02+01:00,1150.8,328.3,bench-host-01,peer-scaling-2025-10
PEER-04-R7,4,648471,21,d079604044ab010e0dd09df9,2025-10-06T19:30:03+01:00,1289.2,319.8,bench-host-01,peer-scaling-2025-10
PEER-04-R7,4,648471,22,7d80e94e194c306aa239ba1b,2025-10-06T19:30:03+01:00,1256.3,312.0,bench-host-01,peer-scaling-2025-10
PEER-04-R7,4,648471,23,bd7e3c6235201236728f323f,2025-10-06T19:30:04+01:00,1215.0,319.7,bench-host-01,peer-scaling-2025-10
PEER-04-R7,4,648472,24,4ea2a94e6d5b5dfaeccdd11c,2025-10-06T19:30:04+01:00,1182.9,320.4,bench-host-01,peer-scaling-2025-10
PEER-04-R7,4,648472,25,4481c361d4d9876856b7ec18,2025-10-06T19:30:05+01:00,1231.9,316.4,bench-host-01,peer-scaling-2025-10
PEER-04-R7,4,648472,26,a9c105246b8a71e027ae268b,2025-10-06T19:30:06+01:00,1175.5,322.3,bench-host-01,peer-scaling-2025-10
PEER-04-R7,4,648472,27,f49a3fdc14029719d00b1dbd,2025-10-06T19:30:06+01:00,1143.9,325.5,bench-host-01,peer-scaling-2025-10
PEER-04-R7,4,648472,28,7de4546ee25a2f2d6ab1a6bd,2025-10-06T19:30:07+01:00,1330.1,329.1,bench-host-01,peer-scaling-2025-10
PEER-04-R7,4,648472,29,b3129b476d179a06d9f7b73e,2025-10-06T19:30:07+01:00,1160.3,323.0,bench-host-01,peer-scaling-2025-10
PEER-04-R7,4,648472,30,0d60e2cdea132be70c075252,2025-10-06T19:30:08+01:00,1188.2,326.1,bench-host-01,peer-scaling-2025-10
PEER-04-R7,4,648472,31,cc1a3df77f797a48eb29fd6c,2025-10-06T19:30:09+01:00,1156.1,320.2,bench-host-01,peer-scaling-2025-10
PEER-04-R7,4,648472,32,692edc9fd9ec592a45c3caa5,2025-10-06T19:30:09+01:00,1194.7,313.0,bench-host-01,peer-scaling-2025-10
PEER-04-R7,4,648473,33,6b920965f641d7ebb421d2df,2025-10-06T19:30:10+01:00,1138.1,321.5,bench-host-01,peer-scaling-2025-10
PEER-04-R7,4,648473,34,77fd9b0efcb5ca3d21190da6,2025-10-06T19:30:10+01:00,1116.9,324.0,bench-host-01,peer-scaling-2025-10
PEER-04-R7,4,648473,35,1d432d60a713c398c03d35cf,2025-10-06T19:30:11+01:00,1236.4,320.6,bench-host-01,peer-scaling-2025-10
PEER-04-R7,4,648473,36,2baf1594cc9cc91a11521b03,2025-10-06T19:30:12+01:00,1292.1,315.9,bench-host-01,peer-scaling-2025-10
PEER-04-R7,4,648473,37,0cacdbd64ea67e035f5834fa,2025-10-06T19:30:12+01:00,1209.0,317.3,bench-host-01,peer-scaling-2025-10
PEER-04-R7,4,648473,38,7460d6129a08dcb46fcb26d5,2025-10-06T19:30:13+01:00,1178.7,318.8,bench-host-01,peer-scaling-2025-10
PEER-04-R7,4,648473,39,1a404e0b459be97034489477,2025-10-06T19:30:13+01:00,1107.0,326.8,bench-host-01,peer-scaling-2025-10
PEER-04-R7,4,648473,40,033b027014c05cc9dad6c713,2025-10-06T19:30:14+01:00,1129.8,325.3,bench-host-01,peer-scaling-2025-10
PEER-04-R7,4,648473,41,ef07eb537cf45e51d15fb15f,2025-10-06T19:30:15+01:00,1249.4,315.7,bench-host-01,peer-scaling-2025-10
PEER-04-R7,4,648473,42,58a36ae86a7f8221e78686b0,2025-10-06T19:30:15+01:00,1160.2,320.7,bench-host-01,peer-scaling-2025-10
PEER-04-R7,4,648473,43,09d6e06ef72f0e2a8e3689e5,2025-10-06T19:30:16+01:00,1092.5,319.8,bench-host-01,peer-scaling-2025-10
PEER-04-R7,4,648473,44,38f60acf73f8c776356feadb,2025-10-06T19:30:16+01:00,1155.5,319.2,bench-host-01,peer-scaling-2025-10
PEER-04-R7,4,648473,45,afb12fc3913dd0e705e7404e,2025-10-06T19:30:17+01:00,1174.5,326.7,bench-host-01,peer-scaling-2025-10
PEER-04-R7,4,648473,46,4b37d28053d1892bf72bbe6a,2025-10-06T19:30:18+01:00,1156.5,329.5,bench-host-01,peer-scaling-2025-10
PEER-04-R7,4,648473,47,66cb39a46e11c818659cf784,2025-10-06T19:30:18+01:00,1100.5,319.5,bench-host-01,peer-scaling-2025-10
PEER-04-R7,4,648473,48,563688bc5b9a36e16c2b5cf1,2025-10-06T19:30:19+01:00,1186.1,314.0,bench-host-01,peer-scaling-2025-10
PEER-04-R7,4,648473,49,d92685fd1acb2d0f1eaa3094,2025-10-06T19:30:19+01:00,1209.6,320.9,bench-host-01,peer-scaling-2025-10
PEER-04-R7,4,648473,50,db72e34169dbaaec1826b6bf,2025-10-06T19:30:20+01:00,1277.6,327.1,bench-host-01,peer-scaling-2025-10
PEER-04-R7,4,648473,51,e3bafe8f9de3a7b2d963b3b4,2025-10-06T19:30:21+01:00,1213.7,327.7,bench-host-01,peer-scaling-2025-10
PEER-04-R7,4,648473,52,9e60d28346b190683f475102,2025-10-06T19:30:21+01:00,1179.1,321.7,bench-host-01,peer-scaling-2025-10
PEER-04-R7,4,648473,53,2fe33efa552adfa88874d7fa,2025-10-06T19:30:22+01:00,1324.4,320.9,bench-host-01,peer-scaling-2025-10
PEER-04-R7,4,648473,54,766462cb5d4619db8f6a3a0d,2025-10-06T19:30:22+01:00,1137.3,323.5,bench-host-01,peer-scaling-2025-10
PEER-04-R7,4,648473,55,1644f798f909a664cde534d5,2025-10-06T19:30:23+01:00,1267.3,324.2,bench-host-01,peer-scaling-2025-10
PEER-04-R7,4,648474,56,b96057dfb3a3e4db50098d74,2025-10-06T19:30:24+01:00,1179.6,321.0,bench-host-01,peer-scaling-2025-10
PEER-04-R7,4,648474,57,e636a4f8af6ac3fa10a01247,2025-10-06T19:30:24+01:00,1160.3,322.5,bench-host-01,peer-scaling-2025-10
PEER-04-R7,4,648474,58,829bae2863b9f615734cf9c0,2025-10-06T19:30:25+01:00,1222.2,317.2,bench-host-01,peer-scaling-2025-10
PEER-04-R7,4,648474,59,b39b298c28f66ea318b4616a,2025-10-06T19:30:25+01:00,1171.6,325.2,bench-host-01,peer-scaling-2025-10
PEER-04-R7,4,648474,60,a7b4e5d2af8669009d84c811,2025-10-06T19:30:26+01:00,1209.3,319.4,bench-host-01,peer-scaling-2025-10
PEER-04-R7,4,648474,61,43eaa74d9af4c52162c4d7d3,2025-10-06T19:30:27+01:00,1251.9,316.2,bench-host-01,peer-scaling-2025-10
PEER-04-R7,4,648474,62,46388889e8f1a7156b2202de,2025-10-06T19:30:27+01:00,1233.2,325.4,bench-host-01,peer-scaling-2025-10
PEER-04-R7,4,648474,63,aeabb18b4291ec0063f583ab,2025-10-06T19:30:28+01:00,1231.5,328.0,bench-host-01,peer-scaling-2025-10
PEER-04-R7,4,648474,64,7943ac356f94ac70521ab1e1,2025-10-06T19:30:28+01:00,1213.8,325.0,bench-host-01,peer-scaling-2025-10
PEER-04-R7,4,648474,65,1cde2c5b201f5c8f7d604883,2025-10-06T19:30:29+01:00,1204.6,323.5,bench-host-01,peer-scaling-2025-10
PEER-04-R7,4,648474,66,b1538c8a5af79e95bcfef9d9,2025-10-06T19:30:30+01:00,1126.8,327.3,bench-host-01,peer-scaling-2025-10
PEER-04-R7,4,648474,67,6926e821b24cf6d93ac5d96c,2025-10-06T19:30:30+01:00,1147.9,326.3,bench-host-01,peer-scaling-2025-10
PEER-04-R7,4,648474,68,680642c37f37307e37aa2d4f,2025-10-06T19:30:31+01:00,1250.4,321.6,bench-host-01,peer-scaling-2025-10
PEER-04-R7,4,648474,69,701f929f52bfc88f5dd30be4,2025-10-06T19:30:31+01:00,1190.8,315.4,bench-host-01,peer-scaling-2025-10
PEER-04-R7,4,648474,70,9f7bff91b4f2696ba2e7d5f0,2025-10-06T19:30:32+01:00,1355.4,317.3,bench-host-01,peer-scaling-2025-10
PEER-04-R7,4,648474,71,915090dc8f45cf637ea91727,2025-10-06T19:30:33+01:00,1225.4,319.0,bench-host-01,peer-scaling-2025-10
PEER-04-R7,4,648475,72,d1c6c4f57dd8035f8aae8971,2025-10-06T19:30:33+01:00,1271.1,322.8,bench-host-01,peer-scaling-2025-10
PEER-04-R7,4,648475,73,3946eef02f4481a222601f4d,2025-10-06T19:30:34+01:00,1178.9,310.0,bench-host-01,peer-scaling-2025-10
PEER-04-R7,4,648475,74,b36af0761df6099835f104a9,2025-10-06T19:30:34+01:00,1142.7,316.6,bench-host-01,peer-scaling-2025-10
PEER-04-R7,4,648475,75,93a9ab0f82358c92b4b70813,2025-10-06T19:30:35+01:00,1308.3,319.3,bench-host-01,peer-scaling-2025-10
PEER-04-R7,4,648475,76,f0da01920167e7aaebade66f,2025-10-06T19:30:36+01:00,1239.1,323.3,bench-host-01,peer-scaling-2025-10
PEER-04-R7,4,648475,77,ac39fb2b4a490ade373746fc,2025-10-06T19:30:36+01:00,1233.2,319.9,bench-host-01,peer-scaling-2025-10
PEER-04-R7,4,648475,78,f128efb4989ae745494717d8,2025-10-06T19:30:37+01:00,1196.8,318.0,bench-host-01,peer-scaling-2025-10
PEER-04-R7,4,648475,79,0862c9964bbe1408164c355d,2025-10-06T19:30:37+01:00,1150.6,319.2,bench-host-01,peer-scaling-2025-10
PEER-04-R7,4,648475,80,85a60ebd5fe2ec386119682e,2025-10-06T19:30:38+01:00,1212.6,332.0,bench-host-01,peer-scaling-2025-10
PEER-04-R7,4,648475,81,8e9a4b9d442f01ed1242ad49,2025-10-06T19:30:39+01:00,1231.2,325.9,bench-host-01,peer-scaling-2025-10
PEER-04-R7,4,648475,82,da70a59c68dbe5bc27d30706,2025-10-06T19:30:39+01:00,1272.7,327.6,bench-host-01,peer-scaling-2025-10
PEER-04-R7,4,648475,83,008d6cec494f2a21327676f8,2025-10-06T19:30:40+01:00,1151.8,331.6,bench-host-01,peer-scaling-2025-10
PEER-04-R7,4,648475,84,461ddc6868152b85bcc221f0,2025-10-06T19:30:40+01:00,1124.9,325.5,bench-host-01,peer-scaling-2025-10
PEER-04-R7,4,648475,85,96a5910368c6b1a6205629af,2025-10-06T19:30:41+01:00,1111.0,327.9,bench-host-01,peer-scaling-2025-10
PEER-04-R7,4,648475,86,7a7d7058593ddeb29050ebf6,2025-10-06T19:30:42+01:00,1236.1,322.4,bench-host-01,peer-scaling-2025-10
PEER-04-R7,4,648475,87,1dbaa602b1349ff17c173cd0,2025-10-06T19:30:42+01:00,1209.3,317.4,bench-host-01,peer-scaling-2025-10
PEER-04-R7,4,648476,88,6523334ebb004fa2ea426ed5,2025-10-06T19:30:43+01:00,1245.8,320.3,bench-host-01,peer-scaling-2025-10
PEER-04-R7,4,648476,89,c877790aa295188ebb6afa20,2025-10-06T19:30:43+01:00,1267.8,328.4,bench-host-01,peer-scaling-2025-10
PEER-04-R7,4,648477,90,8194d11989257d7a5c5a346c,2025-10-06T19:30:44+01:00,1136.3,316.5,bench-host-01,peer-scaling-2025-10
PEER-04-R7,4,648477,91,4c5508f62222c68ca3533b15,2025-10-06T19:30:45+01:00,1276.8,327.7,bench-host-01,peer-scaling-2025-10
PEER-04-R7,4,648477,92,6ceec8c582b659483e4cf5a8,2025-10-06T19:30:45+01:00,1248.9,318.3,bench-host-01,peer-scaling-2025-10
PEER-04-R7,4,648477,93,0e96177108ca962d4d8805a8,2025-10-06T19:30:46+01:00,1252.9,316.2,bench-host-01,peer-scaling-2025-10
PEER-04-R7,4,648477,94,261317c67440bd0985d48dcf,2025-10-06T19:30:47+01:00,1232.3,320.0,bench-host-01,peer-scaling-2025-10
PEER-04-R7,4,648477,95,517b65ec916d7e808b095c59,2025-10-06T19:30:47+01:00,1165.1,314.1,bench-host-01,peer-scaling-2025-10
PEER-04-R7,4,648477,96,e8c07f1cbc23c07cfcd99dac,2025-10-06T19:30:48+01:00,1238.1,325.9,bench-host-01,peer-scaling-2025-10
PEER-04-R7,4,648477,97,d68d192a7658f33d8efb473c,2025-10-06T19:30:48+01:00,1248.7,313.8,bench-host-01,peer-scaling-2025-10
PEER-04-R7,4,648477,98,27c3b9b03c6f2f60f215f554,2025-10-06T19:30:49+01:00,1222.3,323.2,bench-host-01,peer-scaling-2025-10
PEER-04-R7,4,648477,99,3d5e0cf082153e2a9388fc8c,2025-10-06T19:30:50+01:00,1224.8,321.2,bench-host-01,peer-scaling-2025-10
PEER-04-R7,4,648478,100,5840d19a9217c518d082c040,2025-10-06T19:30:50+01:00,1281.2,319.9,bench-host-01,peer-scaling-2025-10
PEER-04-R7,4,648478,101,abb6fb5f275f18a5da116c10,2025-10-06T19:30:51+01:00,1181.4,315.4,bench-host-01,peer-scaling-2025-10
PEER-04-R7,4,648478,102,c1563851b85dd175364792be,2025-10-06T19:30:51+01:00,1293.2,334.7,bench-host-01,peer-scaling-2025-10
PEER-04-R7,4,648478,103,55b4e2b769427e80284c023d,2025-10-06T19:30:52+01:00,1179.9,320.3,bench-host-01,peer-scaling-2025-10
PEER-04-R7,4,648479,104,0272cdd3416320af73c7c3f8,2025-10-06T19:30:53+01:00,1214.1,321.7,bench-host-01,peer-scaling-2025-10
PEER-04-R7,4,648479,105,8ce818987926c17f7b848fe7,2025-10-06T19:30:53+01:00,1163.6,308.9,bench-host-01,peer-scaling-2025-10
PEER-04-R7,4,648479,106,bc9f19cb6f89acfa33830fba,2025-10-06T19:30:54+01:00,1148.9,327.5,bench-host-01,peer-scaling-2025-10
PEER-04-R7,4,648479,107,0b1a13adb3e50ab39254cc1a,2025-10-06T19:30:54+01:00,1228.4,329.0,bench-host-01,peer-scaling-2025-10
PEER-04-R7,4,648479,108,f77c70616df0969fe427368f,2025-10-06T19:30:55+01:00,1149.2,321.9,bench-host-01,peer-scaling-2025-10
PEER-04-R7,4,648479,109,76d7f669b52276409358e2de,2025-10-06T19:30:56+01:00,1194.6,311.2,bench-host-01,peer-scaling-2025-10
PEER-04-R7,4,648479,110,fb03f12989d4e7cf0e5fc870,2025-10-06T19:30:56+01:00,1133.2,330.5,bench-host-01,peer-scaling-2025-10
PEER-04-R7,4,648479,111,f86a722d8bf3af17fb346fc9,2025-10-06T19:30:57+01:00,1160.2,319.0,bench-host-01,peer-scaling-2025-10
PEER-04-R7,4,648480,112,36336db731796e2a9bb6e5c2,2025-10-06T19:30:57+01:00,1226.0,325.7,bench-host-01,peer-scaling-2025-10
PEER-04-R7,4,648480,113,1f516dd656c73adf1348f757,2025-10-06T19:30:58+01:00,1252.6,321.9,bench-host-01,peer-scaling-2025-10
PEER-04-R7,4,648480,114,a53e56546b6c5e4f875270c1,2025-10-06T19:30:59+01:00,1223.8,315.9,bench-host-01,peer-scaling-2025-10
PEER-04-R7,4,648480,115,2cadb8d90bb6fc41eba8b778,2025-10-06T19:30:59+01:00,1102.1,320.5,bench-host-01,peer-scaling-2025-10
PEER-04-R7,4,648480,116,f3945cacda3c28d3fba3c4d5,2025-10-06T19:31:00+01:00,1049.9,319.9,bench-host-01,peer-scaling-2025-10
PEER-04-R7,4,648480,117,fa8379e573ea882255819f3c,2025-10-06T19:31:00+01:00,1207.9,320.6,bench-host-01,peer-scaling-2025-10
PEER-04-R7,4,648480,118,c9328a71083fa3c4ed795562,2025-10-06T19:31:01+01:00,1205.6,315.7,bench-host-01,peer-scaling-2025-10
PEER-04-R7,4,648480,119,352fd20b3c8d573bc53ff976,2025-10-06T19:31:02+01:00,1112.9,325.7,bench-host-01,peer-scaling-2025-10
PEER-04-R7,4,648480,120,8571310f1e9965452def6518,2025-10-06T19:31:02+01:00,1250.9,322.2,bench-host-01,peer-scaling-2025-10
PEER-04-R7,4,648480,121,20b28803ebfd67495ba56fec,2025-10-06T19:31:03+01:00,1304.6,322.1,bench-host-01,peer-scaling-2025-10
PEER-04-R7,4,648480,122,26a5dd1fe159f12a5a87efe7,2025-10-06T19:31:03+01:00,1198.5,311.1,bench-host-01,peer-scaling-2025-10
PEER-04-R7,4,648480,123,c7d00118d9197604b89433bc,2025-10-06T19:31:04+01:00,1173.3,324.4,bench-host-01,peer-scaling-2025-10
PEER-04-R7,4,648480,124,f481ff83a55a977e1957d48a,2025-10-06T19:31:05+01:00,1192.2,314.1,bench-host-01,peer-scaling-2025-10
PEER-04-R7,4,648480,125,0ba50c8696cb5bcf3df61d1e,2025-10-06T19:31:05+01:00,1243.0,321.1,bench-host-01,peer-scaling-2025-10
PEER-04-R7,4,648480,126,5ed68e2e8adc9ff8190f6658,2025-10-06T19:31:06+01:00,1204.8,317.5,bench-host-01,peer-scaling-2025-10
PEER-04-R7,4,648480,127,eac243a659e0bd70f3f3f632,2025-10-06T19:31:06+01:00,1295.1,319.6,bench-host-01,peer-scaling-2025-10
PEER-04-R7,4,648480,128,20d40f9ae6751330a9d26771,2025-10-06T19:31:07+01:00,1311.1,327.4,bench-host-01,peer-scaling-2025-10
PEER-04-R7,4,648480,129,9b364ed28863f7daf82ba686,2025-10-06T19:31:08+01:00,1275.4,314.4,bench-host-01,peer-scaling-2025-10
PEER-32-R7,32,543876,0,7e7b8bfdc89c18eac451b6db,2025-10-07T00:31:08+01:00,855.1,313.7,bench-host-01,peer-scaling-2025-10
PEER-32-R7,32,543876,1,9542dd1cb2a756471554f52a,2025-10-07T00:31:09+01:00,757.4,315.3,bench-host-01,peer-scaling-2025-10
PEER-32-R7,32,543876,2,db7c30d1d839bb39143a76ca,2025-10-07T00:31:09+01:00,762.7,313.0,bench-host-01,peer-scaling-2025-10
PEER-32-R7,32,543876,3,8ffbeeac863f9faddcbe6a73,2025-10-07T00:31:09+01:00,807.8,318.4,bench-host-01,peer-scaling-2025-10
PEER-32-R7,32,543876,4,d4bdfbe670c2fda249fe2aad,2025-10-07T00:31:10+01:00,877.0,308.1,bench-host-01,peer-scaling-2025-10
PEER-32-R7,32,543876,5,bb6c6f4006a8334232de136f,2025-10-07T00:31:10+01:00,828.0,317.4,bench-host-01,peer-scaling-2025-10
PEER-32-R7,32,543876,6,9dc98aa9b843bdebf60ceef7,2025-10-07T00:31:11+01:00,838.7,321.5,bench-host-01,peer-scaling-2025-10
PEER-32-R7,32,543876,7,fbc3a3960611b129cf46c02c,2025-10-07T00:31:11+01:00,765.7,321.2,bench-host-01,peer-scaling-2025-10
PEER-32-R7,32,543876,8,6614a3cc66d1670002d91a31,2025-10-07T00:31:11+01:00,841.1,320.1,bench-host-01,peer-scaling-2025-10
PEER-32-R7,32,543876,9,fc3a5caa4af3c3ee235a5741,2025-10-07T00:31:12+01:00,798.0,309.9,bench-host-01,peer-scaling-2025-10
PEER-32-R7,32,543876,10,fbe2a952ccab95d29bc559fe,2025-10-07T00:31:12+01:00,845.8,318.5,bench-host-01,peer-scaling-2025-10
PEER-32-R7,32,543876,11,ab1134851ffe168eef27401c,2025-10-07T00:31:13+01:00,770.9,322.5,bench-host-01,peer-scaling-2025-10
PEER-32-R7,32,543876,12,286e0840e02fa2d9acdf7e35,2025-10-07T00:31:13+01:00,728.6,316.6,bench-host-01,peer-scaling-2025-10
PEER-32-R7,32,543876,13,09b478fa315f4086475badc7,2025-10-07T00:31:13+01:00,798.5,317.7,bench-host-01,peer-scaling-2025-10
PEER-32-R7,32,543876,14,ee695fe6f4a1a608517c417e,2025-10-07T00:31:14+01:00,732.2,322.0,bench-host-01,peer-scaling-2025-10
PEER-32-R7,32,543876,15,c368312d899a1efd8977c65d,2025-10-07T00:31:14+01:00,758.4,310.1,bench-host-01,peer-scaling-2025-10
PEER-32-R7,32,543876,16,d481a8ecd8814cf2ad10c466,2025-10-07T00:31:15+01:00,731.4,318.4,bench-host-01,peer-scaling-2025-10
PEER-32-R7,32,543876,17,b95076cf7b5cc0dfbaec5f66,2025-10-07T00:31:15+01:00,830.3,309.6,bench-host-01,peer-scaling-2025-10
PEER-32-R7,32,543876,18,100c82c06169174ffef3feb0,2025-10-07T00:31:16+01:00,808.0,323.5,bench-host-01,peer-scaling-2025-10
PEER-32-R7,32,543876,19,8a474d81c32309e93e14b64c,2025-10-07T00:31:16+01:00,771.9,328.5,bench-host-01,peer-scaling-2025-10
PEER-32-R7,32,543876,20,6ad9d329cb2dee382a063208,2025-10-07T00:31:16+01:00,783.0,320.3,bench-host-01,peer-scaling-2025-10
PEER-32-R7,32,543876,21,775083d9564e8456849d93d3,2025-10-07T00:31:17+01:00,744.7,313.1,bench-host-01,peer-scaling-2025-10
PEER-32-R7,32,543876,22,23307c46e059e387729c2706,2025-10-07T00:31:17+01:00,799.6,321.8,bench-host-01,peer-scaling-2025-10
PEER-32-R7,32,543876,23,6588a1bc003ffdd03457325f,2025-10-07T00:31:18+01:00,901.1,317.6,bench-host-01,peer-scaling-2025-10
PEER-32-R7,32,543876,24,c174e57ba0a714fdddb00ed7,2025-10-07T00:31:18+01:00,871.3,313.9,bench-host-01,peer-scaling-2025-10
PEER-32-R7,32,543876,25,e33ec9e0f5c4116adf27de30,2025-10-07T00:31:18+01:00,791.5,316.2,bench-host-01,peer-scaling-2025-10
PEER-32-R7,32,543877,26,69dd2c5e4d2d5dd4ac452cc6,2025-10-07T00:31:19+01:00,881.4,314.3,bench-host-01,peer-scaling-2025-10
PEER-32-R7,32,543877,27,6f4733fc5743413ada1a8c79,2025-10-07T00:31:19+01:00,712.9,316.2,bench-host-01,peer-scaling-2025-10
PEER-32-R7,32,543877,28,7cf3c65e5fc004f5d0a1db26,2025-10-07T00:31:20+01:00,828.0,324.2,bench-host-01,peer-scaling-2025-10
PEER-32-R7,32,543877,29,4fbc26c7913fedd781954177,2025-10-07T00:31:20+01:00,775.1,317.6,bench-host-01,peer-scaling-2025-10
PEER-32-R7,32,543877,30,4066260cca5b55588670b741,2025-10-07T00:31:20+01:00,795.2,323.1,bench-host-01,peer-scaling-2025-10
PEER-32-R7,32,543877,31,da55661b5b92cb1b2295112b,2025-10-07T00:31:21+01:00,851.1,310.4,bench-host-01,peer-scaling-2025-10
PEER-32-R7,32,543877,32,e0d548d6a958459087b3bdb6,2025-10-07T00:31:21+01:00,767.2,316.0,bench-host-01,peer-scaling-2025-10
PEER-32-R7,32,543877,33,8a6ea41242eb6298359c013b,2025-10-07T00:31:22+01:00,868.1,319.3,bench-host-01,peer-scaling-2025-10
PEER-32-R7,32,543877,34,c02517209cd6d5c64701b1ef,2025-10-07T00:31:22+01:00,786.0,319.0,bench-host-01,peer-scaling-2025-10
PEER-32-R7,32,543877,35,ac21d5d4be78c4e853b47b8c,2025-10-07T00:31:22+01:00,795.1,317.1,bench-host-01,peer-scaling-2025-10
PEER-32-R7,32,543877,36,dab371031a41e16327ed198c,2025-10-07T00:31:23+01:00,706.8,313.8,bench-host-01,peer-scaling-2025-10
PEER-32-R7,32,543877,37,e4c4050f8444b24740eb6710,2025-10-07T00:31:23+01:00,731.3,318.0,bench-host-01,peer-scaling-2025-10
PEER-32-R7,32,543877,38,3e8d75aafa9e261a5eb0cc6f,2025-10-07T00:31:24+01:00,767.6,319.6,bench-host-01,peer-scaling-2025-10
PEER-32-R7,32,543878,39,ba13a69fbfbf1a796d3301aa,2025-10-07T00:31:24+01:00,839.7,317.9,bench-host-01,peer-scaling-2025-10
PEER-32-R7,32,543878,40,0629a8fb47fa6df1ee450bf4,2025-10-07T00:31:24+01:00,795.3,320.1,bench-host-01,peer-scaling-2025-10
PEER-32-R7,32,543878,41,a520524798462874340d5fb4,2025-10-07T00:31:25+01:00,793.1,329.7,bench-host-01,peer-scaling-2025-10
PEER-32-R7,32,543879,42,2d93a0af3a2ed1d01e44139e,2025-10-07T00:31:25+01:00,889.9,321.3,bench-host-01,peer-scaling-2025-10
PEER-32-R7,32,543879,43,13a8a433508f714d7b6b5f5f,2025-10-07T00:31:26+01:00,792.6,320.9,bench-host-01,peer-scaling-2025-10
PEER-32-R7,32,543879,44,efe3df99dc7619e802cffeae,2025-10-07T00:31:26+01:00,853.0,312.9,bench-host-01,peer-scaling-2025-10
PEER-32-R7,32,543879,45,1673d0fcfc1013379e59e575,2025-10-07T00:31:26+01:00,816.9,312.0,bench-host-01,peer-scaling-2025-10
PEER-32-R7,32,543879,46,be0b1b9c7195b6dc7d7bb247,2025-10-07T00:31:27+01:00,877.2,309.0,bench-host-01,peer-scaling-2025-10
PEER-32-R7,32,543879,47,277e728b4bbb60623b3b8195,2025-10-07T00:31:27+01:00,808.0,314.5,bench-host-01,peer-scaling-2025-10
PEER-32-R7,32,543879,48,f428ae04254c6092a3897d65,2025-10-07T00:31:28+01:00,750.4,314.2,bench-host-01,peer-scaling-2025-10
PEER-32-R7,32,543879,49,7040cca2c40dbdea3fcbf907,2025-10-07T00:31:28+01:00,910.6,318.1,bench-host-01,peer-scaling-2025-10
PEER-32-R7,32,543879,50,166573cd513e349973277788,2025-10-07T00:31:28+01:00,806.3,313.1,bench-host-01,peer-scaling-2025-10
PEER-32-R7,32,543879,51,88d66e66bc4c8329456949bb,2025-10-07T00:31:29+01:00,700.5,323.4,bench-host-01,peer-scaling-2025-10
PEER-32-R7,32,543879,52,ab2831454b0d61eec389af5a,2025-10-07T00:31:29+01:00,837.4,313.0,bench-host-01,peer-scaling-2025-10
PEER-32-R7,32,543879,53,6ac81a6a80a8c0dfd63cc7c6,2025-10-07T00:31:30+01:00,839.1,312.2,bench-host-01,peer-scaling-2025-10
PEER-32-R7,32,543880,54,fa5a0939605dacf50066ca6d,2025-10-07T00:31:30+01:00,723.7,312.1,bench-host-01,peer-scaling-2025-10
PEER-32-R7,32,543881,55,3ba1086e789cb02f4220bbae,2025-10-07T00:31:31+01:00,778.2,317.1,bench-host-01,peer-scaling-2025-10
PEER-32-R7,32,543881,56,3fa53f1b3f782be0acd0a1cf,2025-10-07T00:31:31+01:00,881.6,319.7,bench-host-01,peer-scaling-2025-10
PEER-32-R7,32,543881,57,0e5f34a064bbebb3f6b46b0b,2025-10-07T00:31:31+01:00,897.4,322.0,bench-host-01,peer-scaling-2025-10
PEER-32-R7,32,543881,58,14a91d7f6a0f216e12303c39,2025-10-07T00:31:32+01:00,779.3,318.6,bench-host-01,peer-scaling-2025-10
PEER-32-R7,32,543881,59,e8fa48aebaf3dda8d5df9366,2025-10-07T00:31:32+01:00,690.5,315.5,bench-host-01,peer-scaling-2025-10
PEER-32-R7,32,543881,60,533432ecb057f626a51d74c8,2025-10-07T00:31:33+01:00,719.2,314.2,bench-host-01,peer-scaling-2025-10
PEER-32-R7,32,543881,61,03bbe2dc7ccee76eb4e1f40e,2025-10-07T00:31:33+01:00,799.3,315.3,bench-host-01,peer-scaling-2025-10
PEER-32-R7,32,543881,62,e5acc31d9c6313bd5fded794,2025-10-07T00:31:33+01:00,960.8,313.4,bench-host-01,peer-scaling-2025-10
PEER-32-R7,32,543881,63,0cc1bd47bf6d94a354de3a6e,2025-10-07T00:31:34+01:00,885.1,316.3,bench-host-01,peer-scaling-2025-10
PEER-32-R7,32,543881,64,e8be6a68a5d578436e63424f,2025-10-07T00:31:34+01:00,818.2,322.2,bench-host-01,peer-scaling-2025-10
PEER-32-R7,32,543881,65,926276bae76d691b12ae00d6,2025-10-07T00:31:35+01:00,870.4,314.6,bench-host-01,peer-scaling-2025-10
PEER-32-R7,32,543882,66,3a78e65c1964d72c83c4d3ef,2025-10-07T00:31:35+01:00,706.2,305.1,bench-host-01,peer-scaling-2025-10
PEER-32-R7,32,543882,67,1109bc178b66414e5d8a5426,2025-10-07T00:31:35+01:00,761.4,319.9,bench-host-01,peer-scaling-2025-10
PEER-32-R7,32,543882,68,5908931cf13f4c1f48f9c8a8,2025-10-07T00:31:36+01:00,865.5,309.6,bench-host-01,peer-scaling-2025-10
PEER-32-R7,32,543882,69,68f1e3b20705a0c2a867570c,2025-10-07T00:31:36+01:00,845.5,311.2,bench-host-01,peer-scaling-2025-10
PEER-32-R7,32,543882,70,0fe110dc9e5a242612e50f21,2025-10-07T00:31:37+01:00,868.3,319.5,bench-host-01,peer-scaling-2025-10
PEER-32-R7,32,543882,71,f95883e6dcb689f28b080bc1,2025-10-07T00:31:37+01:00,672.2,312.1,bench-host-01,peer-scaling-2025-10
PEER-32-R7,32,543882,72,e9d8585cbd9482d3efa79c7a,2025-10-07T00:31:37+01:00,900.2,325.7,bench-host-01,peer-scaling-2025-10
PEER-32-R7,32,543882,73,feeb92adab2de983d23028e2,2025-10-07T00:31:38+01:00,658.7,315.0,bench-host-01,peer-scaling-2025-10
PEER-32-R7,32,543882,74,0c1004269956ecd0cdd635c5,2025-10-07T00:31:38+01:00,839.2,319.4,bench-host-01,peer-scaling-2025-10
PEER-32-R7,32,543882,75,ebdbd70d5b099084170f243e,2025-10-07T00:31:39+01:00,867.6,314.3,bench-host-01,peer-scaling-2025-10
PEER-32-R7,32,543882,76,1029cd64d3e52b472930c9bb,2025-10-07T00:31:39+01:00,784.5,309.0,bench-host-01,peer-scaling-2025-10
PEER-32-R7,32,543883,77,443d6fa0dcc1c0b715d848a7,2025-10-07T00:31:39+01:00,763.7,305.8,bench-host-01,peer-scaling-2025-10
PEER-32-R7,32,543883,78,cfa4748988c3902241d8160d,2025-10-07T00:31:40+01:00,788.1,326.3,bench-host-01,peer-scaling-2025-10
PEER-32-R7,32,543883,79,f80bf3657a8b303ce53beaf3,2025-10-07T00:31:40+01:00,864.3,331.2,bench-host-01,peer-scaling-2025-10
PEER-32-R7,32,543883,80,64a70c69aa228c67d90b2aac,2025-10-07T00:31:41+01:00,777.5,322.5,bench-host-01,peer-scaling-2025-10
PEER-32-R7,32,543883,81,b18d0663e02eb7995c871fa4,2025-10-07T00:31:41+01:00,821.1,316.3,bench-host-01,peer-scaling-2025-10
PEER-32-R7,32,543883,82,526535955a21353c67217819,2025-10-07T00:31:41+01:00,870.1,314.4,bench-host-01,peer-scaling-2025-10
PEER-32-R7,32,543883,83,64bf8eb65eb8737c1f79fe1d,2025-10-07T00:31:42+01:00,767.6,314.9,bench-host-01,peer-scaling-2025-10
PEER-32-R7,32,543884,84,877a633fae8e7bf98e02878b,2025-10-07T00:31:42+01:00,844.0,311.5,bench-host-01,peer-scaling-2025-10
PEER-32-R7,32,543884,85,d9216d4550b59ec5a45073e8,2025-10-07T00:31:43+01:00,813.5,312.6,bench-host-01,peer-scaling-2025-10
PEER-32-R7,32,543884,86,396395e0f0035b0f7229464f,2025-10-07T00:31:43+01:00,944.3,312.7,bench-host-01,peer-scaling-2025-10
PEER-32-R7,32,543884,87,04c6ef04f1513bb2c5d41933,2025-10-07T00:31:44+01:00,848.7,315.6,bench-host-01,peer-scaling-2025-10
PEER-32-R7,32,543884,88,d3899d099ac080a975bc7e33,2025-10-07T00:31:44+01:00,787.3,314.1,bench-host-01,peer-scaling-2025-10
PEER-32-R7,32,543884,89,8cc0c406f03a578bd2d21691,2025-10-07T00:31:44+01:00,857.3,312.2,bench-host-01,peer-scaling-2025-10
PEER-32-R7,32,543884,90,10d317e1df2b15556dda4baf,2025-10-07T00:31:45+01:00,813.7,318.1,bench-host-01,peer-scaling-2025-10
PEER-32-R7,32,543884,91,eb54702761f5926cd74fad71,2025-10-07T00:31:45+01:00,757.8,322.8,bench-host-01,peer-scaling-2025-10
PEER-32-R7,32,543884,92,59de58a2ac3b82a592e495be,2025-10-07T00:31:46+01:00,712.4,316.7,bench-host-01,peer-scaling-2025-10
PEER-32-R7,32,543884,93,6d90e5f9a25e961f52673c39,2025-10-07T00:31:46+01:00,824.5,316.1,bench-host-01,peer-scaling-2025-10
PEER-32-R7,32,543884,94,9bfb785ba2aa69c518062cfe,2025-10-07T00:31:46+01:00,754.6,316.5,bench-host-01,peer-scaling-2025-10
PEER-32-R7,32,543884,95,75ee7dd264971733cb33c477,2025-10-07T00:31:47+01:00,901.0,318.5,bench-host-01,peer-scaling-2025-10
PEER-32-R7,32,543885,96,278cfbadc2637eeabb51da78,2025-10-07T00:31:47+01:00,803.0,317.4,bench-host-01,peer-scaling-2025-10
PEER-32-R7,32,543885,97,46eaefebe8c0a478add38e6e,2025-10-07T00:31:48+01:00,732.9,307.5,bench-host-01,peer-scaling-2025-10
PEER-32-R7,32,543885,98,2458d205930bc0915c3e5de9,2025-10-07T00:31:48+01:00,815.2,321.8,bench-host-01,peer-scaling-2025-10
PEER-32-R7,32,543886,99,5bcf3b963f97d53bc5495863,2025-10-07T00:31:48+01:00,837.8,310.9,bench-host-01,peer-scaling-2025-10
PEER-32-R7,32,543887,100,539978a1d185e09d36294837,2025-10-07T00:31:49+01:00,784.4,320.6,bench-host-01,peer-scaling-2025-10
PEER-32-R7,32,543887,101,3c5a06b99879c165299d0f78,2025-10-07T00:31:49+01:00,839.5,315.4,bench-host-01,peer-scaling-2025-10
PEER-32-R7,32,543887,102,5af0308e086716d6884e581d,2025-10-07T00:31:50+01:00,798.4,319.9,bench-host-01,peer-scaling-2025-10
PEER-32-R7,32,543887,103,e01ef98dd27bc5665a4ca7bf,2025-10-07T00:31:50+01:00,752.4,318.8,bench-host-01,peer-scaling-2025-10
PEER-32-R7,32,543887,104,e375249f3f24d4f755761d43,2025-10-07T00:31:50+01:00,920.9,308.8,bench-host-01,peer-scaling-2025-10
PEER-32-R7,32,543887,105,4c4eb28d57423d0a583673a1,2025-10-07T00:31:51+01:00,837.1,308.0,bench-host-01,peer-scaling-2025-10
PEER-32-R7,32,543887,106,d2ecc9cecdf13e7aec25c1dd,2025-10-07T00:31:51+01:00,809.5,320.5,bench-host-01,peer-scaling-2025-10
PEER-32-R7,32,543887,107,a793540fc2a127f96e53cd33,2025-10-07T00:31:52+01:00,873.9,316.9,bench-host-01,peer-scaling-2025-10
PEER-32-R7,32,543887,108,4f87fe379db875797edfccbf,2025-10-07T00:31:52+01:00,816.5,313.9,bench-host-01,peer-scaling-2025-10
PEER-32-R7,32,543887,109,217074b92548d6b74c1e26c3,2025-10-07T00:31:52+01:00,834.0,314.9,bench-host-01,peer-scaling-2025-10
PEER-32-R7,32,543887,110,9204e7a127c6ee488f9d5d32,2025-10-07T00:31:53+01:00,785.5,326.1,bench-host-01,peer-scaling-2025-10
PEER-32-R7,32,543887,111,ccf3d304078e10fcb24f38dd,2025-10-07T00:31:53+01:00,811.0,315.1,bench-host-01,peer-scaling-2025-10
PEER-32-R7,32,543887,112,0681d495ef67af64c6243f5d,2025-10-07T00:31:54+01:00,772.6,318.2,bench-host-01,peer-scaling-2025-10
PEER-32-R7,32,543887,113,c4344ae6b8024f9a880a8874,2025-10-07T00:31:54+01:00,882.0,324.9,bench-host-01,peer-scaling-2025-10
PEER-32-R7,32,543887,114,e8ad3300ce1f368d11247555,2025-10-07T00:31:54+01:00,819.1,313.8,bench-host-01,peer-scaling-2025-10
PEER-32-R7,32,543887,115,e07ef36f2eef1d078ebc7b35,2025-10-07T00:31:55+01:00,778.8,313.6,bench-host-01,peer-scaling-2025-10
PEER-32-R7,32,543887,116,9666f080ee3de9c483df7554,2025-10-07T00:31:55+01:00,845.5,317.0,bench-host-01,peer-scaling-2025-10
PEER-32-R7,32,543887,117,64e0b2305ee825b3a917b604,2025-10-07T00:31:56+01:00,835.6,323.2,bench-host-01,peer-scaling-2025-10
PEER-32-R7,32,543887,118,45c733ee1dfa04c27c3c3084,2025-10-07T00:31:56+01:00,872.4,310.2,bench-host-01,peer-scaling-2025-10
PEER-32-R7,32,543887,119,ad1ca43ef6e38abc2d83ace6,2025-10-07T00:31:57+01:00,841.5,310.5,bench-host-01,peer-scaling-2025-10
PEER-32-R7,32,543887,120,6af852f88b004283ecba4bfa,2025-10-07T00:31:57+01:00,747.9,316.2,bench-host-01,peer-scaling-2025-10
PEER-32-R7,32,543887,121,53ceb558287c51994982a3e6,2025-10-07T00:31:57+01:00,719.7,317.3,bench-host-01,peer-scaling-2025-10
PEER-32-R7,32,543887,122,6226ab30622b4d95a587b58a,2025-10-07T00:31:58+01:00,851.6,319.5,bench-host-01,peer-scaling-2025-10
PEER-32-R7,32,543887,123,d8bd38142b139c6b0136c590,2025-10-07T00:31:58+01:00,868.5,324.0,bench-host-01,peer-scaling-2025-10
PEER-32-R7,32,543887,124,feafec171aa1e14b88d60d12,2025-10-07T00:31:59+01:00,754.5,319.1,bench-host-01,peer-scaling-2025-10
PEER-32-R7,32,543887,125,b689a1d8012d436bb3eab107,2025-10-07T00:31:59+01:00,781.1,320.2,bench-host-01,peer-scaling-2025-10
PEER-32-R7,32,543888,126,e49f73ef63de57c27e8892f0,2025-10-07T00:31:59+01:00,844.8,311.9,bench-host-01,peer-scaling-2025-10
PEER-32-R7,32,543888,127,b09e9a398cc44d4c4f662a14,2025-10-07T00:32:00+01:00,749.6,311.2,bench-host-01,peer-scaling-2025-10
PEER-32-R7,32,543889,128,03dfce444e149ce2073a6aef,2025-10-07T00:32:00+01:00,839.7,317.1,bench-host-01,peer-scaling-2025-10
PEER-32-R7,32,543889,129,c99c273e16dcb023afd0af63,2025-10-07T00:32:01+01:00,873.7,312.2,bench-host-01,peer-scaling-2025-10
PEER-08-R8,8,152937,0,a70d67418cb293c6529eee56,2025-10-07T05:32:01+01:00,1144.3,323.8,bench-host-01,peer-scaling-2025-10
PEER-08-R8,8,152937,1,4620720770adccb986e84282,2025-10-07T05:32:02+01:00,1139.7,312.2,bench-host-01,peer-scaling-2025-10
PEER-08-R8,8,152937,2,f7ff76da2540a78aa2d2a3b5,2025-10-07T05:32:02+01:00,1202.4,313.4,bench-host-01,peer-scaling-2025-10
PEER-08-R8,8,152937,3,1f9a1e0065ea86bc718f5662,2025-10-07T05:32:03+01:00,1157.4,315.8,bench-host-01,peer-scaling-2025-10
PEER-08-R8,8,152937,4,53b0572ebfc0bf766f964383,2025-10-07T05:32:03+01:00,1117.9,323.8,bench-host-01,peer-scaling-2025-10
PEER-08-R8,8,152937,5,493ceb28fe7357eeb14335c4,2025-10-07T05:32:04+01:00,1134.7,324.2,bench-host-01,peer-scaling-2025-10
PEER-08-R8,8,152937,6,0f71661e0d3dc859760adb5c,2025-10-07T05:32:04+01:00,1225.0,322.7,bench-host-01,peer-scaling-2025-10
PEER-08-R8,8,152937,7,cf4ce82888bee6cc4fbbc624,2025-10-07T05:32:05+01:00,1166.9,324.6,bench-host-01,peer-scaling-2025-10
PEER-08-R8,8,152937,8,d4381b3a2d7afe547dcb0fb8,2025-10-07T05:32:06+01:00,1108.6,315.6,bench-host-01,peer-scaling-2025-10
PEER-08-R8,8,152938,9,e9da01dffa6b21319204821e,2025-10-07T05:32:06+01:00,1191.3,318.1,bench-host-01,peer-scaling-2025-10
PEER-08-R8,8,152938,10,473203ab4e51a77008bf39c1,2025-10-07T05:32:07+01:00,1290.7,330.9,bench-host-01,peer-scaling-2025-10
PEER-08-R8,8,152938,11,2c3750fc39ac967ebf00245e,2025-10-07T05:32:07+01:00,1156.0,325.3,bench-host-01,peer-scaling-2025-10
PEER-08-R8,8,152938,12,c097684899992cce4f334813,2025-10-07T05:32:08+01:00,1146.8,325.2,bench-host-01,peer-scaling-2025-10
PEER-08-R8,8,152938,13,ffd44862faadf774c35c3740,2025-10-07T05:32:08+01:00,1164.8,315.9,bench-host-01,peer-scaling-2025-10
PEER-08-R8,8,152938,14,ddf604441607bb55cf821ae9,2025-10-07T05:32:09+01:00,1218.7,319.6,bench-host-01,peer-scaling-2025-10
PEER-08-R8,8,152938,15,f25c4e3027c99e6c3a7893a4,2025-10-07T05:32:10+01:00,1121.3,322.3,bench-host-01,peer-scaling-2025-10
PEER-08-R8,8,152938,16,ce9917ae328a606c15cafba4,2025-10-07T05:32:10+01:00,1147.8,328.6,bench-host-01,peer-scaling-2025-10
PEER-08-R8,8,152938,17,4ee7d70cab7ee43e47caf5fc,2025-10-07T05:32:11+01:00,1140.3,313.1,bench-host-01,peer-scaling-2025-10
PEER-08-R8,8,152938,18,01b39e3f5e42f5211cba3f6b,2025-10-07T05:32:11+01:00,1154.7,324.3,bench-host-01,peer-scaling-2025-10
PEER-08-R8,8,152938,19,e64db4ea9a33c7ac0ef95025,2025-10-07T05:32:12+01:00,1219.1,324.4,bench-host-01,peer-scaling-2025-10
PEER-08-R8,8,152938,20,768679621ba0280398a7a640,2025-10-07T05:32:12+01:00,1182.6,325.5,bench-host-01,peer-scaling-2025-10
PEER-08-R8,8,152938,21,3a2ccc1705396bd7cf844f6c,2025-10-07T05:32:13+01:00,1045.6,315.5,bench-host-01,peer-scaling-2025-10
PEER-08-R8,8,152938,22,6f56c707afa7d9c656ce8fda,2025-10-07T05:32:14+01:00,1203.9,319.7,bench-host-01,peer-scaling-2025-10
PEER-08-R8,8,152938,23,9610f44629bc5893430e2c3f,2025-10-07T05:32:14+01:00,1137.2,318.9,bench-host-01,peer-scaling-2025-10
PEER-08-R8,8,152938,24,2c883b57195eb6b3a1580a69,2025-10-07T05:32:15+01:00,1109.9,320.3,bench-host-01,peer-scaling-2025-10
PEER-08-R8,8,152938,25,cbd6dba6bebea037fe5590d4,2025-10-07T05:32:15+01:00,1128.3,320.4,bench-host-01,peer-scaling-2025-10
PEER-08-R8,8,152938,26,389d7a796de140c128c16a9c,2025-10-07T05:32:16+01:00,1270.6,311.3,bench-host-01,peer-scaling-2025-10
PEER-08-R8,8,152938,27,3f5000488d185bcaa9a89ee5,2025-10-07T05:32:16+01:00,1143.5,323.9,bench-host-01,peer-scaling-2025-10
PEER-08-R8,8,152938,28,1fd67e5143bac361b6f310e2,2025-10-07T05:32:17+01:00,1156.5,316.8,bench-host-01,peer-scaling-2025-10
PEER-08-R8,8,152938,29,d7ae9e0cfb4b24e6a461eee7,2025-10-07T05:32:18+01:00,1214.3,318.3,bench-host-01,peer-scaling-2025-10
PEER-08-R8,8,152938,30,998d2015602726a737e0b61b,2025-10-07T05:32:18+01:00,1150.7,322.5,bench-host-01,peer-scaling-2025-10
PEER-08-R8,8,152938,31,50c4849a2f8fbac89023abd9,2025-10-07T05:32:19+01:00,1110.6,322.0,bench-host-01,peer-scaling-2025-10
PEER-08-R8,8,152938,32,e541ffb1a7feaab6e573d021,2025-10-07T05:32:19+01:00,1205.9,331.2,bench-host-01,peer-scaling-2025-10
PEER-08-R8,8,152938,33,954414e3f62446ca2324f00f,2025-10-07T05:32:20+01:00,1155.9,317.1,bench-host-01,peer-scaling-2025-10
PEER-08-R8,8,152938,34,d339b87f20b0d8fa3ee5539e,2025-10-07T05:32:21+01:00,1139.5,313.6,bench-host-01,peer-scaling-2025-10
PEER-08-R8,8,152938,35,e02cb01265b4090a5d9b879b,2025-10-07T05:32:21+01:00,1118.8,320.6,bench-host-01,peer-scaling-2025-10
PEER-08-R8,8,152938,36,a996fd55500cfc4c1238e20a,2025-10-07T05:32:22+01:00,1208.9,316.5,bench-host-01,peer-scaling-2025-10
PEER-08-R8,8,152938,37,317fd9bb5fbb4b89bc71d4c3,2025-10-07T05:32:22+01:00,1156.0,325.1,bench-host-01,peer-scaling-2025-10
PEER-08-R8,8,152938,38,abb33bb14c7e789f9c2118b6,2025-10-07T05:32:23+01:00,1191.7,327.2,bench-host-01,peer-scaling-2025-10
PEER-08-R8,8,152938,39,b21ee6b77cd6d8e20bd6af62,2025-10-07T05:32:23+01:00,1224.4,322.9,bench-host-01,peer-scaling-2025-10
PEER-08-R8,8,152939,40,ff5c63380b7549a8717e47da,2025-10-07T05:32:24+01:00,1147.0,321.9,bench-host-01,peer-scaling-2025-10
PEER-08-R8,8,152939,41,297c175c84f626e93a4c79a2,2025-10-07T05:32:25+01:00,1136.8,320.8,bench-host-01,peer-scaling-2025-10
PEER-08-R8,8,152939,42,4fcaf80816b6847b987a9a3a,2025-10-07T05:32:25+01:00,1187.3,325.2,bench-host-01,peer-scaling-2025-10
PEER-08-R8,8,152939,43,1f2ce1a51162acd7a2d07611,2025-10-07T05:32:26+01:00,1170.6,320.8,bench-host-01,peer-scaling-2025-10
PEER-08-R8,8,152939,44,5f2d0092355e379c70b2b8db,2025-10-07T05:32:26+01:00,1099.2,319.3,bench-host-01,peer-scaling-2025-10
PEER-08-R8,8,152939,45,7df7570f398f28175c7cb78e,2025-10-07T05:32:27+01:00,1157.8,314.1,bench-host-01,peer-scaling-2025-10
PEER-08-R8,8,152939,46,fa2fb4ab85579963179d7c6b,2025-10-07T05:32:27+01:00,1176.4,327.5,bench-host-01,peer-scaling-2025-10
PEER-08-R8,8,152939,47,943c50a5e38965aef075a492,2025-10-07T05:32:28+01:00,1165.6,321.4,bench-host-01,peer-scaling-2025-10
PEER-08-R8,8,152939,48,8bcc44001895572e7782ea05,2025-10-07T05:32:29+01:00,1165.6,325.8,bench-host-01,peer-scaling-2025-10
PEER-08-R8,8,152939,49,6f9bf3ce6bb92cdd2d20b259,2025-10-07T05:32:29+01:00,1102.5,325.2,bench-host-01,peer-scaling-2025-10
PEER-08-R8,8,152939,50,ae2d71280ca75c4283390436,2025-10-07T05:32:30+01:00,1190.0,309.5,bench-host-01,peer-scaling-2025-10
PEER-08-R8,8,152939,51,55b000f8da06ce73f624e82f,2025-10-07T05:32:30+01:00,1072.6,320.8,bench-host-01,peer-scaling-2025-10
PEER-08-R8,8,152939,52,830dc500e576890d5876ddb3,2025-10-07T05:32:31+01:00,1131.0,329.1,bench-host-01,peer-scaling-2025-10
PEER-08-R8,8,152939,53,8ab22814e995c52a289ef636,2025-10-07T05:32:31+01:00,1280.6,312.7,bench-host-01,peer-scaling-2025-10
PEER-08-R8,8,152939,54,e4f197204944070cd963eb35,2025-10-07T05:32:32+01:00,1226.6,312.5,bench-host-01,peer-scaling-2025-10
PEER-08-R8,8,152939,55,e7398c79ba046277b33275f4,2025-10-07T05:32:33+01:00,1152.9,318.1,bench-host-01,peer-scaling-2025-10
PEER-08-R8,8,152939,56,60f18b5d179c3691ac09506a,2025-10-07T05:32:33+01:00,1184.6,319.4,bench-host-01,peer-scaling-2025-10
PEER-08-R8,8,152939,57,7bc22f348a28750b00c9489f,2025-10-07T05:32:34+01:00,1087.1,316.2,bench-host-01,peer-scaling-2025-10
PEER-08-R8,8,152939,58,ca6766f62ba94ada9c37a8d3,2025-10-07T05:32:34+01:00,1028.1,321.1,bench-host-01,peer-scaling-2025-10
PEER-08-R8,8,152939,59,3416d443495699bd5ec5efbd,2025-10-07T05:32:35+01:00,1202.2,316.9,bench-host-01,peer-scaling-2025-10
PEER-08-R8,8,152940,60,5dc6e3948c26fc5c96eb1c85,2025-10-07T05:32:35+01:00,1255.6,318.7,bench-host-01,peer-scaling-2025-10
PEER-08-R8,8,152940,61,0f441fbd0218a511f9cd2bf6,2025-10-07T05:32:36+01:00,1179.2,325.0,bench-host-01,peer-scaling-2025-10
PEER-08-R8,8,152940,62,761a022a991076084f2b7b3a,2025-10-07T05:32:37+01:00,1131.6,314.2,bench-host-01,peer-scaling-2025-10
PEER-08-R8,8,152940,63,142809a9d4a69680d3e2e4f2,2025-10-07T05:32:37+01:00,1050.4,322.0,bench-host-01,peer-scaling-2025-10
PEER-08-R8,8,152940,64,fdfd6814ed05ac14c6712f57,2025-10-07T05:32:38+01:00,1132.2,318.7,bench-host-01,peer-scaling-2025-10
PEER-08-R8,8,152941,65,a7b30afd5dbbbb8e1c1fff60,2025-10-07T05:32:38+01:00,1139.6,315.6,bench-host-01,peer-scaling-2025-10
PEER-08-R8,8,152941,66,7bdf1016724c21d1de9bee3d,2025-10-07T05:32:39+01:00,1123.7,320.0,bench-host-01,peer-scaling-2025-10
PEER-08-R8,8,152941,67,4bb5ae858db337459207e56e,2025-10-07T05:32:39+01:00,1087.7,325.3,bench-host-01,peer-scaling-2025-10
PEER-08-R8,8,152941,68,6873dbf9b1783c93840d60b8,2025-10-07T05:32:40+01:00,1198.4,322.6,bench-host-01,peer-scaling-2025-10
PEER-08-R8,8,152941,69,2df65e5571ac4c2644c1778a,2025-10-07T05:32:41+01:00,1202.4,325.6,bench-host-01,peer-scaling-2025-10
PEER-08-R8,8,152941,70,3c2a0936d9d4bb9efa74235e,2025-10-07T05:32:41+01:00,1150.3,309.7,bench-host-01,peer-scaling-2025-10
PEER-08-R8,8,152941,71,17b9b4caa1d7ad8da806ea39,2025-10-07T05:32:42+01:00,1210.4,325.4,bench-host-01,peer-scaling-2025-10
PEER-08-R8,8,152941,72,183fada4459eaec6bd18eebc,2025-10-07T05:32:42+01:00,1184.0,323.4,bench-host-01,peer-scaling-2025-10
PEER-08-R8,8,152941,73,5ab826c2345803c48c920f9f,2025-10-07T05:32:43+01:00,1165.2,316.1,bench-host-01,peer-scaling-2025-10
PEER-08-R8,8,152941,74,b906cc19d4a4b43ca97437ff,2025-10-07T05:32:43+01:00,1189.3,319.0,bench-host-01,peer-scaling-2025-10
PEER-08-R8,8,152941,75,61fdeeccda114b7759ad53fa,2025-10-07T05:32:44+01:00,1242.0,317.1,bench-host-01,peer-scaling-2025-10
PEER-08-R8,8,152941,76,75e20e1bcc04aedce7403686,2025-10-07T05:32:45+01:00,1167.4,324.8,bench-host-01,peer-scaling-2025-10
PEER-08-R8,8,152941,77,ec5bccfa38c2a5a51e147142,2025-10-07T05:32:45+01:00,1184.0,317.5,bench-host-01,peer-scaling-2025-10
PEER-08-R8,8,152941,78,53c33602b8f5045dfafc5738,2025-10-07T05:32:46+01:00,1082.9,321.5,bench-host-01,peer-scaling-2025-10
PEER-08-R8,8,152941,79,0b37fa8b4554e81f3e60acf7,2025-10-07T05:32:46+01:00,1137.6,315.5,bench-host-01,peer-scaling-2025-10
PEER-08-R8,8,152942,80,5ed49e5972a859a94064be53,2025-10-07T05:32:47+01:00,1180.5,321.3,bench-host-01,peer-scaling-2025-10
PEER-08-R8,8,152942,81,aa874142afa9288a2cd65432,2025-10-07T05:32:48+01:00,1178.4,323.3,bench-host-01,peer-scaling-2025-10
PEER-08-R8,8,152942,82,57eae5c08ee0494e2c083823,2025-10-07T05:32:48+01:00,1132.1,322.9,bench-host-01,peer-scaling-2025-10
PEER-08-R8,8,152942,83,51cb923270dab15c0d9787a1,2025-10-07T05:32:49+01:00,1157.8,321.7,bench-host-01,peer-scaling-2025-10
PEER-08-R8,8,152942,84,958a336360d58b8365b1453b,2025-10-07T05:32:49+01:00,1165.5,322.5,bench-host-01,peer-scaling-2025-10
PEER-08-R8,8,152942,85,e35561729c1dea9f336f910f,2025-10-07T05:32:50+01:00,1229.7,324.2,bench-host-01,peer-scaling-2025-10
PEER-08-R8,8,152942,86,5e49d396e64bce63a742b69e,2025-10-07T05:32:50+01:00,1237.0,323.3,bench-host-01,peer-scaling-2025-10
PEER-08-R8,8,152942,87,bdf3a809b09dfea986066455,2025-10-07T05:32:51+01:00,1171.3,320.9,bench-host-01,peer-scaling-2025-10
PEER-08-R8,8,152942,88,3e2b9b5c7fafb6378b65c6f9,2025-10-07T05:32:52+01:00,1137.1,321.8,bench-host-01,peer-scaling-2025-10
PEER-08-R8,8,152942,89,f4b0259d1a6b0a2f91df7a72,2025-10-07T05:32:52+01:00,1160.2,316.4,bench-host-01,peer-scaling-2025-10
PEER-08-R8,8,152943,90,0260644608d505c27da73316,2025-10-07T05:32:53+01:00,1042.5,321.0,bench-host-01,peer-scaling-2025-10
PEER-08-R8,8,152943,91,d5eb58d4d7231c8817d0e121,2025-10-07T05:32:53+01:00,1216.8,323.5,bench-host-01,peer-scaling-2025-10
PEER-08-R8,8,152943,92,ef9f91f304082639f1c94e97,2025-10-07T05:32:54+01:00,1199.5,325.7,bench-host-01,peer-scaling-2025-10
PEER-08-R8,8,152943,93,b3013cf76f6e4750d4daf3a6,2025-10-07T05:32:54+01:00,1160.0,320.0,bench-host-01,peer-scaling-2025-10
PEER-08-R8,8,152943,94,f69cb3d4739fd5e7d988d03c,2025-10-07T05:32:55+01:00,1082.2,327.1,bench-host-01,peer-scaling-2025-10
PEER-08-R8,8,152943,95,63dcc4c4e9e5e6185f91b725,2025-10-07T05:32:56+01:00,1135.9,322.1,bench-host-01,peer-scaling-2025-10
PEER-08-R8,8,152943,96,208f666cfc0d03f8c9d3e819,2025-10-07T05:32:56+01:00,1105.3,322.7,bench-host-01,peer-scaling-2025-10
PEER-08-R8,8,152943,97,536575bb299ad642c55004dc,2025-10-07T05:32:57+01:00,1199.0,315.3,bench-host-01,peer-scaling-2025-10
PEER-08-R8,8,152943,98,37d26a52341d34ec8da76232,2025-10-07T05:32:57+01:00,1169.3,313.7,bench-host-01,peer-scaling-2025-10
PEER-08-R8,8,152943,99,3a6c5813b8c54ce92c1ed204,2025-10-07T05:32:58+01:00,1124.4,325.7,bench-host-01,peer-scaling-2025-10
PEER-08-R8,8,152944,100,fd1c29bd8f10032d76f003fe,2025-10-07T05:32:58+01:00,1205.3,315.2,bench-host-01,peer-scaling-2025-10
PEER-08-R8,8,152944,101,c5dd1c20908c09c6db1b8e3c,2025-10-07T05:32:59+01:00,1141.6,326.3,bench-host-01,peer-scaling-2025-10
PEER-08-R8,8,152944,102,28761d7a7042f02c79cd2ef8,2025-10-07T05:33:00+01:00,1104.0,321.9,bench-host-01,peer-scaling-2025-10
PEER-08-R8,8,152944,103,6f059848d457caaebcfd7526,2025-10-07T05:33:00+01:00,1219.8,319.7,bench-host-01,peer-scaling-2025-10
PEER-08-R8,8,152945,104,d7e23d0d0a58a910b89d9ab6,2025-10-07T05:33:01+01:00,1095.5,322.9,bench-host-01,peer-scaling-2025-10
PEER-08-R8,8,152945,105,4da524a4e8b7d5195808a85a,2025-10-07T05:33:01+01:00,1087.7,314.6,bench-host-01,peer-scaling-2025-10
PEER-08-R8,8,152945,106,b675b3ab038f99a717105450,2025-10-07T05:33:02+01:00,1040.1,320.6,bench-host-01,peer-scaling-2025-10
PEER-08-R8,8,152945,107,e1bea0fa3cf9306f3fe13014,2025-10-07T05:33:02+01:00,1155.6,325.0,bench-host-01,peer-scaling-2025-10
PEER-08-R8,8,152945,108,6cca0ddfb723351a8f9eb995,2025-10-07T05:33:03+01:00,1109.9,322.8,bench-host-01,peer-scaling-2025-10
PEER-08-R8,8,152945,109,f9919cc313f1c8d57db72ae4,2025-10-07T05:33:04+01:00,1131.5,333.0,bench-host-01,peer-scaling-2025-10
PEER-08-R8,8,152945,110,22be729c563bd413153ae6cd,2025-10-07T05:33:04+01:00,1125.0,328.0,bench-host-01,peer-scaling-2025-10
PEER-08-R8,8,152945,111,340d22d47d9b7191eeed53a7,2025-10-07T05:33:05+01:00,1153.4,326.3,bench-host-01,peer-scaling-2025-10
PEER-08-R8,8,152945,112,6e960fe466fad44380117b2b,2025-10-07T05:33:05+01:00,1249.3,321.3,bench-host-01,peer-scaling-2025-10
PEER-08-R8,8,152945,113,78c8d68c228b146b57091264,2025-10-07T05:33:06+01:00,1106.1,322.1,bench-host-01,peer-scaling-2025-10
PEER-08-R8,8,152945,114,6e8742812c6448944158990b,2025-10-07T05:33:06+01:00,1159.4,327.1,bench-host-01,peer-scaling-2025-10
PEER-08-R8,8,152945,115,df5d72452b8af41a0a5b9c9b,2025-10-07T05:33:07+01:00,1091.9,312.1,bench-host-01,peer-scaling-2025-10
PEER-08-R8,8,152945,116,7431c4fe11efd1a053210698,2025-10-07T05:33:08+01:00,1194.8,326.3,bench-host-01,peer-scaling-2025-10
PEER-08-R8,8,152945,117,84dbbb0f2da986553d67da91,2025-10-07T05:33:08+01:00,1164.1,322.9,bench-host-01,peer-scaling-2025-10
PEER-08-R8,8,152945,118,afe900e29f7c7eafc037fb4a,2025-10-07T05:33:09+01:00,1184.8,319.6,bench-host-01,peer-scaling-2025-10
PEER-08-R8,8,152945,119,065635e950937d223b7f3430,2025-10-07T05:33:09+01:00,1161.3,313.5,bench-host-01,peer-scaling-2025-10
PEER-08-R8,8,152946,120,1cb7f7808ea536cdca7a546f,2025-10-07T05:33:10+01:00,1164.5,319.8,bench-host-01,peer-scaling-2025-10
PEER-08-R8,8,152946,121,6e87e6a27b4681b113bb3030,2025-10-07T05:33:11+01:00,1190.1,326.1,bench-host-01,peer-scaling-2025-10
PEER-08-R8,8,152946,122,80ed3aa31cb869263289413b,2025-10-07T05:33:11+01:00,1160.7,314.9,bench-host-01,peer-scaling-2025-10
PEER-08-R8,8,152946,123,7bdac7c8826c6bfca2ea26f3,2025-10-07T05:33:12+01:00,1131.5,325.0,bench-host-01,peer-scaling-2025-10
PEER-08-R8,8,152946,124,a63f186b404b12dceefbfb48,2025-10-07T05:33:12+01:00,1140.9,325.4,bench-host-01,peer-scaling-2025-10
PEER-08-R8,8,152946,125,983e96c707ff9dada36a116e,2025-10-07T05:33:13+01:00,1180.1,332.1,bench-host-01,peer-scaling-2025-10
PEER-08-R8,8,152946,126,122eae22763ad38c4aacf66d,2025-10-07T05:33:13+01:00,1157.7,328.6,bench-host-01,peer-scaling-2025-10
PEER-08-R8,8,152946,127,fa655590067e09b117618920,2025-10-07T05:33:14+01:00,1150.9,321.7,bench-host-01,peer-scaling-2025-10
PEER-08-R8,8,152946,128,001b4341e9659cb3f4686148,2025-10-07T05:33:15+01:00,1199.8,318.2,bench-host-01,peer-scaling-2025-10
PEER-08-R8,8,152946,129,33ace82cc3506f66d71b50c8,2025-10-07T05:33:15+01:00,1232.8,323.7,bench-host-01,peer-scaling-2025-10
PEER-04-R8,4,599038,0,1ee59a2aad87d5e015d91f5e,2025-10-07T10:33:16+01:00,1179.9,326.3,bench-host-01,peer-scaling-2025-10
PEER-04-R8,4,599038,1,097b463bf63c2b2607e9a32b,2025-10-07T10:33:16+01:00,1169.3,329.2,bench-host-01,peer-scaling-2025-10
PEER-04-R8,4,599038,2,602ab54165823f7658c42b4a,2025-10-07T10:33:17+01:00,1146.7,320.6,bench-host-01,peer-scaling-2025-10
PEER-04-R8,4,599038,3,ea2de124c1aca8e540035e1b,2025-10-07T10:33:17+01:00,1168.0,326.0,bench-host-01,peer-scaling-2025-10
PEER-04-R8,4,599038,4,df5e0bca7bd10f976861b790,2025-10-07T10:33:18+01:00,1226.0,325.1,bench-host-01,peer-scaling-2025-10
PEER-04-R8,4,599038,5,22fa95b07c2503c9b94c2f2a,2025-10-07T10:33:19+01:00,1280.7,315.3,bench-host-01,peer-scaling-2025-10
PEER-04-R8,4,599038,6,a1dc2633b928b7d93c159d70,2025-10-07T10:33:19+01:00,1234.7,325.5,bench-host-01,peer-scaling-2025-10
PEER-04-R8,4,599038,7,0979521cbba36fc6dac7cca8,2025-10-07T10:33:20+01:00,1231.9,326.4,bench-host-01,peer-scaling-2025-10
PEER-04-R8,4,599038,8,221de8587280655f2b398ff3,2025-10-07T10:33:21+01:00,1178.3,325.3,bench-host-01,peer-scaling-2025-10
PEER-04-R8,4,599038,9,a74f841cba36a375c4b3e3a4,2025-10-07T10:33:21+01:00,1182.1,319.8,bench-host-01,peer-scaling-2025-10
PEER-04-R8,4,599038,10,060e22d9679a4695530fa09d,2025-10-07T10:33:22+01:00,1212.5,324.7,bench-host-01,peer-scaling-2025-10
PEER-04-R8,4,599039,11,4811252247f9f4aeb1703dc0,2025-10-07T10:33:22+01:00,1177.8,317.4,bench-host-01,peer-scaling-2025-10
PEER-04-R8,4,599039,12,d016b583a23adbe742fcd526,2025-10-07T10:33:23+01:00,1142.4,313.3,bench-host-01,peer-scaling-2025-10
PEER-04-R8,4,599039,13,57124037d009e314d4e133ab,2025-10-07T10:33:24+01:00,1219.0,319.1,bench-host-01,peer-scaling-2025-10
PEER-04-R8,4,599039,14,33b5cae9c54d3bf6ab87f1a0,2025-10-07T10:33:24+01:00,1128.1,323.9,bench-host-01,peer-scaling-2025-10
PEER-04-R8,4,599039,15,d9cc11a4da96513cd6d94594,2025-10-07T10:33:25+01:00,1202.9,326.0,bench-host-01,peer-scaling-2025-10
PEER-04-R8,4,599039,16,bf28c773375f220abf2d4a84,2025-10-07T10:33:25+01:00,1239.3,317.8,bench-host-01,peer-scaling-2025-10
PEER-04-R8,4,599039,17,3fa85db450895921af3d4a80,2025-10-07T10:33:26+01:00,1321.8,319.2,bench-host-01,peer-scaling-2025-10
PEER-04-R8,4,599039,18,64cf9ad69cc26dc29e96be66,2025-10-07T10:33:27+01:00,1206.6,314.0,bench-host-01,peer-scaling-2025-10
PEER-04-R8,4,599039,19,827181add307dbd828301b8d,2025-10-07T10:33:27+01:00,1168.3,320.0,bench-host-01,peer-scaling-2025-10
PEER-04-R8,4,599039,20,2bc3d01c0e61c39a77442eb6,2025-10-07T10:33:28+01:00,1221.2,321.1,bench-host-01,peer-scaling-2025-10
PEER-04-R8,4,599039,21,1a87d5c0363945dc455af02d,2025-10-07T10:33:28+01:00,1275.5,318.4,bench-host-01,peer-scaling-2025-10
PEER-04-R8,4,599039,22,a4165ba48126bccbf27b5448,2025-10-07T10:33:29+01:00,1242.5,315.4,bench-host-01,peer-scaling-2025-10
PEER-04-R8,4,599039,23,7ecacde64e23a080d4232df6,2025-10-07T10:33:30+01:00,1147.0,320.8,bench-host-01,peer-scaling-2025-10
PEER-04-R8,4,599040,24,6c7227db9e42d9df32c84e44,2025-10-07T10:33:30+01:00,1183.2,323.5,bench-host-01,peer-scaling-2025-10
PEER-04-R8,4,599040,25,bf4081ca172c9e6ed726c539,2025-10-07T10:33:31+01:00,1286.8,315.1,bench-host-01,peer-scaling-2025-10
PEER-04-R8,4,599040,26,64ab878a2d18bc9d728fa27e,2025-10-07T10:33:31+01:00,1197.5,316.9,bench-host-01,peer-scaling-2025-10
PEER-04-R8,4,599040,27,be3bac8080ecc9662de77d71,2025-10-07T10:33:32+01:00,1293.7,325.7,bench-host-01,peer-scaling-2025-10
PEER-04-R8,4,599040,28,c81b9959e877f941914e0b3d,2025-10-07T10:33:33+01:00,1200.3,318.9,bench-host-01,peer-scaling-2025-10
PEER-04-R8,4,599040,29,25689cb9ca93886c4ffeef9c,2025-10-07T10:33:33+01:00,1202.9,325.6,bench-host-01,peer-scaling-2025-10
PEER-04-R8,4,599040,30,317af6631f0639961bc5d813,2025-10-07T10:33:34+01:00,1226.4,311.6,bench-host-01,peer-scaling-2025-10
PEER-04-R8,4,599040,31,e421df048a9b06d92b04c8d5,2025-10-07T10:33:34+01:00,1371.0,316.0,bench-host-01,peer-scaling-2025-10
PEER-04-R8,4,599040,32,05bb14c2eb3ca797ca12b737,2025-10-07T10:33:35+01:00,1132.3,322.8,bench-host-01,peer-scaling-2025-10
PEER-04-R8,4,599040,33,767b92f9304ee6e8f0c1e077,2025-10-07T10:33:36+01:00,1159.4,322.8,bench-host-01,peer-scaling-2025-10
PEER-04-R8,4,599040,34,584fc2c8d0c521293ca38782,2025-10-07T10:33:36+01:00,1145.3,326.9,bench-host-01,peer-scaling-2025-10
PEER-04-R8,4,599040,35,7d30c5b0a3aab351b4afa18e,2025-10-07T10:33:37+01:00,1172.1,324.3,bench-host-01,peer-scaling-2025-10
PEER-04-R8,4,599040,36,849f41c3349c7675fa7ff93c,2025-10-07T10:33:37+01:00,1141.2,318.0,bench-host-01,peer-scaling-2025-10
PEER-04-R8,4,599040,37,a6c07fdb557dd769d728cbfa,2025-10-07T10:33:38+01:00,1232.7,324.4,bench-host-01,peer-scaling-2025-10
PEER-04-R8,4,599040,38,4be1531db283685b53f80eca,2025-10-07T10:33:39+01:00,1223.0,318.9,bench-host-01,peer-scaling-2025-10
PEER-04-R8,4,599040,39,4f3b284809d35c085ea30a1f,2025-10-07T10:33:39+01:00,1176.3,332.9,bench-host-01,peer-scaling-2025-10
PEER-04-R8,4,599040,40,4951c0bf4723f18c6a8015f1,2025-10-07T10:33:40+01:00,1151.9,313.1,bench-host-01,peer-scaling-2025-10
PEER-04-R8,4,599040,41,6d8b6f3f69274715c39aec02,2025-10-07T10:33:40+01:00,1275.4,314.0,bench-host-01,peer-scaling-2025-10
PEER-04-R8,4,599040,42,e2c142c1ea7dd6122ea89496,2025-10-07T10:33:41+01:00,1142.7,315.5,bench-host-01,peer-scaling-2025-10
PEER-04-R8,4,599040,43,f675c483400026951d2165eb,2025-10-07T10:33:42+01:00,1331.5,316.7,bench-host-01,peer-scaling-2025-10
PEER-04-R8,4,599041,44,399aa55674439343f22414ad,2025-10-07T10:33:42+01:00,1173.0,322.2,bench-host-01,peer-scaling-2025-10
PEER-04-R8,4,599041,45,0df34717a0a919aa2289f6dd,2025-10-07T10:33:43+01:00,1166.6,312.9,bench-host-01,peer-scaling-2025-10
PEER-04-R8,4,599041,46,063267e8033fd5f320a7c34a,2025-10-07T10:33:43+01:00,1301.1,322.3,bench-host-01,peer-scaling-2025-10
PEER-04-R8,4,599041,47,1c55c8f39cfdb6338b69f823,2025-10-07T10:33:44+01:00,1225.5,312.8,bench-host-01,peer-scaling-2025-10
PEER-04-R8,4,599041,48,6acf18ac82f5101ecd3d9229,2025-10-07T10:33:45+01:00,1121.6,322.3,bench-host-01,peer-scaling-2025-10
PEER-04-R8,4,599041,49,766b121f287101be1dec528c,2025-10-07T10:33:45+01:00,1172.9,322.4,bench-host-01,peer-scaling-2025-10
PEER-04-R8,4,599041,50,5560c25db7ef167969902f1c,2025-10-07T10:33:46+01:00,1245.6,322.4,bench-host-01,peer-scaling-2025-10
PEER-04-R8,4,599041,51,4cf9e2ac2910edb623f7f26d,2025-10-07T10:33:46+01:00,1240.0,326.4,bench-host-01,peer-scaling-2025-10
PEER-04-R8,4,599041,52,bf9cdde5f8162ef753a00771,2025-10-07T10:33:47+01:00,1118.7,319.7,bench-host-01,peer-scaling-2025-10
PEER-04-R8,4,599041,53,8d6d8f96e40447be4b9c4aaa,2025-10-07T10:33:48+01:00,1249.6,319.8,bench-host-01,peer-scaling-2025-10
PEER-04-R8,4,599041,54,1d4ebd36f03a35a3a46b9863,2025-10-07T10:33:48+01:00,1263.0,316.1,bench-host-01,peer-scaling-2025-10
PEER-04-R8,4,599042,55,d8e41ff380013b9e3597d476,2025-10-07T10:33:49+01:00,1225.1,311.4,bench-host-01,peer-scaling-2025-10
PEER-04-R8,4,599042,56,26bef79935cbcbf292c87cc5,2025-10-07T10:33:49+01:00,1224.0,321.8,bench-host-01,peer-scaling-2025-10
PEER-04-R8,4,599042,57,e10a11f5d5a211f71013385f,2025-10-07T10:33:50+01:00,1100.2,319.7,bench-host-01,peer-scaling-2025-10
PEER-04-R8,4,599042,58,421fb9b10405b8b3277da9a1,2025-10-07T10:33:51+01:00,1275.3,333.3,bench-host-01,peer-scaling-2025-10
PEER-04-R8,4,599042,59,21484aa97d43a56c1121ab14,2025-10-07T10:33:51+01:00,1393.4,323.0,bench-host-01,peer-scaling-2025-10
PEER-04-R8,4,599042,60,19a8f77dad6047332fe9881b,2025-10-07T10:33:52+01:00,1246.2,321.9,bench-host-01,peer-scaling-2025-10
PEER-04-R8,4,599042,61,e7f637d96e96e2f506555f25,2025-10-07T10:33:52+01:00,1143.2,315.2,bench-host-01,peer-scaling-2025-10
PEER-04-R8,4,599042,62,f8145a2983a67339f1cd1128,2025-10-07T10:33:53+01:00,1213.5,315.6,bench-host-01,peer-scaling-2025-10
PEER-04-R8,4,599043,63,cb9bcad23b4a9484034c6ad2,2025-10-07T10:33:54+01:00,1247.6,318.1,bench-host-01,peer-scaling-2025-10
PEER-04-R8,4,599043,64,fb4e14c95d20e0cce8ec7699,2025-10-07T10:33:54+01:00,1166.8,319.5,bench-host-01,peer-scaling-2025-10
PEER-04-R8,4,599043,65,abd4d5cdf9740d9ae563a400,2025-10-07T10:33:55+01:00,1122.1,324.1,bench-host-01,peer-scaling-2025-10
PEER-04-R8,4,599043,66,94028e4b155fe07f23a81d03,2025-10-07T10:33:55+01:00,1254.0,327.2,bench-host-01,peer-scaling-2025-10
PEER-04-R8,4,599043,67,448ebe57b412cb8b6a0935c6,2025-10-07T10:33:56+01:00,1168.5,328.5,bench-host-01,peer-scaling-2025-10
PEER-04-R8,4,599043,68,8faddb284ca83ceda74da7e6,2025-10-07T10:33:57+01:00,1085.8,318.7,bench-host-01,peer-scaling-2025-10
PEER-04-R8,4,599043,69,de9e3ffdd0e77e259a4343b8,2025-10-07T10:33:57+01:00,1292.6,326.1,bench-host-01,peer-scaling-2025-10
PEER-04-R8,4,599044,70,08f74cd959a04a85430d545c,2025-10-07T10:33:58+01:00,1081.3,325.1,bench-host-01,peer-scaling-2025-10
PEER-04-R8,4,599044,71,c05ba10076d819412a8ecd8e,2025-10-07T10:33:58+01:00,1177.9,327.0,bench-host-01,peer-scaling-2025-10
PEER-04-R8,4,599045,72,2a001b841aa31ebf25ba544d,2025-10-07T10:33:59+01:00,1269.4,329.7,bench-host-01,peer-scaling-2025-10
PEER-04-R8,4,599045,73,7d671713d3f2be14bea4d47b,2025-10-07T10:34:00+01:00,1159.3,325.7,bench-host-01,peer-scaling-2025-10
PEER-04-R8,4,599045,74,802e4d4a9d04b926ea45cfff,2025-10-07T10:34:00+01:00,1184.2,325.5,bench-host-01,peer-scaling-2025-10
PEER-04-R8,4,599045,75,227ca6e7bfe6b8fd7af6a9ab,2025-10-07T10:34:01+01:00,1234.1,317.5,bench-host-01,peer-scaling-2025-10
PEER-04-R8,4,599045,76,c2d675614fe93c057ebc5936,2025-10-07T10:34:01+01:00,1250.0,321.7,bench-host-01,peer-scaling-2025-10
PEER-04-R8,4,599045,77,0a942c1e76af0153449eb9d5,2025-10-07T10:34:02+01:00,1141.3,335.8,bench-host-01,peer-scaling-2025-10
PEER-04-R8,4,599045,78,2ffbf3aded55acb15b06080c,2025-10-07T10:34:03+01:00,1318.2,320.3,bench-host-01,peer-scaling-2025-10
PEER-04-R8,4,599045,79,37db757fe6aaf24f97de3f3c,2025-10-07T10:34:03+01:00,1177.8,317.1,bench-host-01,peer-scaling-2025-10
PEER-04-R8,4,599045,80,fc704177958d67fbbb1a4d5a,2025-10-07T10:34:04+01:00,1187.3,323.3,bench-host-01,peer-scaling-2025-10
PEER-04-R8,4,599045,81,18e12e59b8ba3a5ff2ffaf67,2025-10-07T10:34:04+01:00,1207.0,320.0,bench-host-01,peer-scaling-2025-10
PEER-04-R8,4,599045,82,a50ddc034665a2c5aaef37c2,2025-10-07T10:34:05+01:00,1195.2,321.3,bench-host-01,peer-scaling-2025-10
PEER-04-R8,4,599045,83,c59069ffa2b688b5af805769,2025-10-07T10:34:06+01:00,1203.1,332.6,bench-host-01,peer-scaling-2025-10
PEER-04-R8,4,599045,84,65b362c59e3144361e43c0cb,2025-10-07T10:34:06+01:00,1220.5,326.3,bench-host-01,peer-scaling-2025-10
PEER-04-R8,4,599045,85,43c511f68e251982a6838729,2025-10-07T10:34:07+01:00,1228.7,326.7,bench-host-01,peer-scaling-2025-10
PEER-04-R8,4,599045,86,e9f5929599dc724512e75214,2025-10-07T10:34:07+01:00,1196.4,315.1,bench-host-01,peer-scaling-2025-10
PEER-04-R8,4,599045,87,63b301aef93a90346108e157,2025-10-07T10:34:08+01:00,1186.6,323.9,bench-host-01,peer-scaling-2025-10
PEER-04-R8,4,599045,88,86a2a5493dcbc3b15fde3821,2025-10-07T10:34:09+01:00,1242.3,313.3,bench-host-01,peer-scaling-2025-10
PEER-04-R8,4,599045,89,6a20145a1ae42d4b5e883650,2025-10-07T10:34:09+01:00,1201.9,326.9,bench-host-01,peer-scaling-2025-10
PEER-04-R8,4,599046,90,45ad293d6c2213262c1f61ac,2025-10-07T10:34:10+01:00,1265.1,313.2,bench-host-01,peer-scaling-2025-10
PEER-04-R8,4,599046,91,13fe30882584e3e7a27b65e1,2025-10-07T10:34:11+01:00,1239.4,332.6,bench-host-01,peer-scaling-2025-10
PEER-04-R8,4,599046,92,a56ccf9cf56f90620986c720,2025-10-07T10:34:11+01:00,1183.4,315.9,bench-host-01,peer-scaling-2025-10
PEER-04-R8,4,599046,93,19787512a351fe72faa2eddb,2025-10-07T10:34:12+01:00,1215.7,326.3,bench-host-01,peer-scaling-2025-10
PEER-04-R8,4,599046,94,fa548c21a32b324c8e2218cd,2025-10-07T10:34:12+01:00,1220.4,326.6,bench-host-01,peer-scaling-2025-10
PEER-04-R8,4,599046,95,0ff0b0a2717034ee62013e4e,2025-10-07T10:34:13+01:00,1137.4,317.0,bench-host-01,peer-scaling-2025-10
PEER-04-R8,4,599046,96,15ed604ed194c16880e5b773,2025-10-07T10:34:14+01:00,1196.9,327.3,bench-host-01,peer-scaling-2025-10
PEER-04-R8,4,599046,97,4e9aff126a14c6cd044da68b,2025-10-07T10:34:14+01:00,1255.9,321.1,bench-host-01,peer-scaling-2025-10
PEER-04-R8,4,599046,98,48b0988bc32a165a2cab279f,2025-10-07T10:34:15+01:00,1267.7,319.6,bench-host-01,peer-scaling-2025-10
PEER-04-R8,4,599046,99,0c811d98755672935026096a,2025-10-07T10:34:15+01:00,1193.3,316.9,bench-host-01,peer-scaling-2025-10
PEER-04-R8,4,599046,100,4d969cf5a3fe82639f055d6b,2025-10-07T10:34:16+01:00,1195.2,321.2,bench-host-01,peer-scaling-2025-10
PEER-04-R8,4,599046,101,68acf15743f23e16f1371749,2025-10-07T10:34:17+01:00,1177.9,321.3,bench-host-01,peer-scaling-2025-10
PEER-04-R8,4,599046,102,4711eb110584cc2d0654e336,2025-10-07T10:34:17+01:00,1271.7,320.0,bench-host-01,peer-scaling-2025-10
PEER-04-R8,4,599046,103,f54fcda24a6e55ccef2766dc,2025-10-07T10:34:18+01:00,1213.0,316.6,bench-host-01,peer-scaling-2025-10
PEER-04-R8,4,599046,104,1ab2920b2ff4ef0cf06fac7c,2025-10-07T10:34:18+01:00,1195.4,319.4,bench-host-01,peer-scaling-2025-10
PEER-04-R8,4,599046,105,e6f17713bbaaae1ba4742398,2025-10-07T10:34:19+01:00,1091.0,327.0,bench-host-01,peer-scaling-2025-10
PEER-04-R8,4,599046,106,18a4c3a1fd700e59798c5c34,2025-10-07T10:34:20+01:00,1188.7,318.8,bench-host-01,peer-scaling-2025-10
PEER-04-R8,4,599046,107,e1add5fc09a73909ac69348c,2025-10-07T10:34:20+01:00,1236.6,323.0,bench-host-01,peer-scaling-2025-10
PEER-04-R8,4,599046,108,cebc48ce666f707b816b597f,2025-10-07T10:34:21+01:00,1141.1,326.7,bench-host-01,peer-scaling-2025-10
PEER-04-R8,4,599046,109,23f210cb30ec37a995b1758a,2025-10-07T10:34:21+01:00,1185.2,322.0,bench-host-01,peer-scaling-2025-10
PEER-04-R8,4,599047,110,905b83b07b15684fe65a4461,2025-10-07T10:34:22+01:00,1187.4,322.0,bench-host-01,peer-scaling-2025-10
PEER-04-R8,4,599047,111,33e643ffa5e40d31c5bfed79,2025-10-07T10:34:23+01:00,1310.2,323.7,bench-host-01,peer-scaling-2025-10
PEER-04-R8,4,599047,112,685855c9bf9da975dabb2b39,2025-10-07T10:34:23+01:00,1191.7,321.9,bench-host-01,peer-scaling-2025-10
PEER-04-R8,4,599047,113,d7f93242925a9fcd14f41c62,2025-10-07T10:34:24+01:00,1187.9,324.4,bench-host-01,peer-scaling-2025-10
PEER-04-R8,4,599047,114,ca9eb02dae2ff4f977cf31a1,2025-10-07T10:34:24+01:00,1207.6,328.4,bench-host-01,peer-scaling-2025-10
PEER-04-R8,4,599047,115,8a376b17e25d0a7408862e93,2025-10-07T10:34:25+01:00,1163.5,319.7,bench-host-01,peer-scaling-2025-10
PEER-04-R8,4,599047,116,f945afc1296307ce0146f4f3,2025-10-07T10:34:26+01:00,1300.0,316.7,bench-host-01,peer-scaling-2025-10
PEER-04-R8,4,599047,117,086473c9e16706f9b0dbd39a,2025-10-07T10:34:26+01:00,1174.0,333.6,bench-host-01,peer-scaling-2025-10
PEER-04-R8,4,599047,118,22883363c62f6fc5fc3d1956,2025-10-07T10:34:27+01:00,1228.4,327.0,bench-host-01,peer-scaling-2025-10
PEER-04-R8,4,599047,119,f6ce0947ba9f1b8112e5b9e1,2025-10-07T10:34:27+01:00,1186.1,317.7,bench-host-01,peer-scaling-2025-10
PEER-04-R8,4,599048,120,a60a67be1d47e6aac8863a46,2025-10-07T10:34:28+01:00,1232.7,328.9,bench-host-01,peer-scaling-2025-10
PEER-04-R8,4,599048,121,beff788fab7566fee3447387,2025-10-07T10:34:29+01:00,1138.9,320.5,bench-host-01,peer-scaling-2025-10
PEER-04-R8,4,599048,122,d752efd018906fd1f6200854,2025-10-07T10:34:29+01:00,1316.7,315.7,bench-host-01,peer-scaling-2025-10
PEER-04-R8,4,599048,123,20c4813ad37beb71f0678597,2025-10-07T10:34:30+01:00,1166.3,319.0,bench-host-01,peer-scaling-2025-10
PEER-04-R8,4,599048,124,5e6894322f9afdea8dd7e22e,2025-10-07T10:34:30+01:00,1303.3,317.5,bench-host-01,peer-scaling-2025-10
PEER-04-R8,4,599048,125,3c7f7e42e6da5ff95df81af7,2025-10-07T10:34:31+01:00,1146.4,328.0,bench-host-01,peer-scaling-2025-10
PEER-04-R8,4,599049,126,c4ff9c87992777dd14aaf9c1,2025-10-07T10:34:32+01:00,1227.6,313.9,bench-host-01,peer-scaling-2025-10
PEER-04-R8,4,599049,127,3780839f353e31cee6a257e3,2025-10-07T10:34:32+01:00,1248.0,316.5,bench-host-01,peer-scaling-2025-10
PEER-04-R8,4,599049,128,6ed3abbdf180125e4d8ade14,2025-10-07T10:34:33+01:00,1114.6,321.6,bench-host-01,peer-scaling-2025-10
PEER-04-R8,4,599049,129,c8253cf38df78f077db6cc6e,2025-10-07T10:34:33+01:00,1175.1,327.4,bench-host-01,peer-scaling-2025-10
PEER-32-R8,32,589454,0,e099f0386d1be5a722f39792,2025-10-07T15:34:34+01:00,862.8,321.9,bench-host-01,peer-scaling-2025-10
PEER-32-R8,32,589454,1,845e3ce5267cbd0937d7383d,2025-10-07T15:34:34+01:00,821.6,316.7,bench-host-01,peer-scaling-2025-10
PEER-32-R8,32,589454,2,e347b9f0e1ac3b58626135fc,2025-10-07T15:34:35+01:00,777.9,315.8,bench-host-01,peer-scaling-2025-10
PEER-32-R8,32,589454,3,5a5dc56fce2e4ba9e2af817c,2025-10-07T15:34:35+01:00,806.5,319.5,bench-host-01,peer-scaling-2025-10
PEER-32-R8,32,589454,4,8f638ba753310454909747c6,2025-10-07T15:34:36+01:00,789.3,326.2,bench-host-01,peer-scaling-2025-10
PEER-32-R8,32,589454,5,7a674dd752c5353a44909908,2025-10-07T15:34:36+01:00,796.4,318.5,bench-host-01,peer-scaling-2025-10
PEER-32-R8,32,589454,6,8dd336f9420866ada72c1d8a,2025-10-07T15:34:36+01:00,839.9,315.4,bench-host-01,peer-scaling-2025-10
PEER-32-R8,32,589454,7,3b8cf21576f7d669e6d3e27d,2025-10-07T15:34:37+01:00,810.0,317.0,bench-host-01,peer-scaling-2025-10
PEER-32-R8,32,589454,8,26c31fcf95b41b4e659a6ecb,2025-10-07T15:34:37+01:00,853.4,319.1,bench-host-01,peer-scaling-2025-10
PEER-32-R8,32,589454,9,9726df80e5038f6cdd59a9aa,2025-10-07T15:34:38+01:00,706.1,318.4,bench-host-01,peer-scaling-2025-10
PEER-32-R8,32,589454,10,3ec7d799b1c5208cdb7270bd,2025-10-07T15:34:38+01:00,683.8,322.9,bench-host-01,peer-scaling-2025-10
PEER-32-R8,32,589454,11,eae173300db98559ed88035a,2025-10-07T15:34:38+01:00,715.1,313.4,bench-host-01,peer-scaling-2025-10
PEER-32-R8,32,589454,12,a6cf5ad7c8694130274dec77,2025-10-07T15:34:39+01:00,786.6,307.1,bench-host-01,peer-scaling-2025-10
PEER-32-R8,32,589454,13,b29c299d78a4a0380d0590d1,2025-10-07T15:34:39+01:00,708.5,321.5,bench-host-01,peer-scaling-2025-10
PEER-32-R8,32,589454,14,d13e0980b8f02c5635ebaeac,2025-10-07T15:34:40+01:00,798.4,314.7,bench-host-01,peer-scaling-2025-10
PEER-32-R8,32,589455,15,82cb5717da5da4a294b7b3ed,2025-10-07T15:34:40+01:00,770.3,315.8,bench-host-01,peer-scaling-2025-10
PEER-32-R8,32,589455,16,f6b1326b63e4f51984a80a48,2025-10-07T15:34:40+01:00,772.6,313.8,bench-host-01,peer-scaling-2025-10
PEER-32-R8,32,589455,17,7603710a3bd6a885e6db2f1e,2025-10-07T15:34:41+01:00,827.5,313.6,bench-host-01,peer-scaling-2025-10
PEER-32-R8,32,589455,18,0e1b7a6821bf9a4f981b9d4e,2025-10-07T15:34:41+01:00,800.7,312.4,bench-host-01,peer-scaling-2025-10
PEER-32-R8,32,589455,19,7774e1be6a27949ea369e974,2025-10-07T15:34:42+01:00,833.2,318.8,bench-host-01,peer-scaling-2025-10
PEER-32-R8,32,589455,20,8cd915f9cd40481aaaa6b4ca,2025-10-07T15:34:42+01:00,859.5,314.9,bench-host-01,peer-scaling-2025-10
PEER-32-R8,32,589455,21,02655fc78177ed63b8f94321,2025-10-07T15:34:43+01:00,763.2,313.5,bench-host-01,peer-scaling-2025-10
PEER-32-R8,32,589455,22,52414d73de58e2977770d9a6,2025-10-07T15:34:43+01:00,892.6,321.7,bench-host-01,peer-scaling-2025-10
PEER-32-R8,32,589455,23,0eb25107d4aa19038b6514c1,2025-10-07T15:34:43+01:00,819.7,318.0,bench-host-01,peer-scaling-2025-10
PEER-32-R8,32,589455,24,9c6ef0bc9afa47d89c25f5ec,2025-10-07T15:34:44+01:00,792.9,313.7,bench-host-01,peer-scaling-2025-10
PEER-32-R8,32,589455,25,90c0b39a2973a81aa7a88c07,2025-10-07T15:34:44+01:00,764.8,312.2,bench-host-01,peer-scaling-2025-10
PEER-32-R8,32,589455,26,ba9c6b5bd09fdd5b63ddc5c8,2025-10-07T15:34:45+01:00,850.4,314.7,bench-host-01,peer-scaling-2025-10
PEER-32-R8,32,589455,27,706ff793c5cc9ae7d5cf8e83,2025-10-07T15:34:45+01:00,886.3,319.9,bench-host-01,peer-scaling-2025-10
PEER-32-R8,32,589455,28,00ebe3d2d0e3bba91ac65b10,2025-10-07T15:34:45+01:00,754.7,309.7,bench-host-01,peer-scaling-2025-10
PEER-32-R8,32,589455,29,ba3eeed2832e37af475800af,2025-10-07T15:34:46+01:00,750.6,305.4,bench-host-01,peer-scaling-2025-10
PEER-32-R8,32,589455,30,4aa2b176f56bd488cbf81999,2025-10-07T15:34:46+01:00,790.6,322.7,bench-host-01,peer-scaling-2025-10
PEER-32-R8,32,589455,31,6592b42ef623dcab413f6ad8,2025-10-07T15:34:47+01:00,821.8,307.9,bench-host-01,peer-scaling-2025-10
PEER-32-R8,32,589455,32,e31f1f3d0974b8f381449401,2025-10-07T15:34:47+01:00,874.3,314.0,bench-host-01,peer-scaling-2025-10
PEER-32-R8,32,589455,33,30dd355904ccc2b96a77eb9c,2025-10-07T15:34:47+01:00,883.8,315.7,bench-host-01,peer-scaling-2025-10
PEER-32-R8,32,589455,34,6bf27f60a10089e79db50797,2025-10-07T15:34:48+01:00,800.7,321.2,bench-host-01,peer-scaling-2025-10
PEER-32-R8,32,589455,35,1e2d8630db39dcafe1d5a28d,2025-10-07T15:34:48+01:00,824.1,313.1,bench-host-01,peer-scaling-2025-10
PEER-32-R8,32,589455,36,b1ae015a0efa19c4d7413256,2025-10-07T15:34:49+01:00,883.2,321.4,bench-host-01,peer-scaling-2025-10
PEER-32-R8,32,589455,37,f79e4245e30953528ad45e53,2025-10-07T15:34:49+01:00,806.2,317.9,bench-host-01,peer-scaling-2025-10
PEER-32-R8,32,589455,38,41a712eb6e78d583ee55d111,2025-10-07T15:34:49+01:00,783.3,315.6,bench-host-01,peer-scaling-2025-10
PEER-32-R8,32,589455,39,6e07f3f12945a4c665e55a90,2025-10-07T15:34:50+01:00,788.0,317.9,bench-host-01,peer-scaling-2025-10
PEER-32-R8,32,589455,40,7e2796ea663881d141986742,2025-10-07T15:34:50+01:00,885.7,318.3,bench-host-01,peer-scaling-2025-10
PEER-32-R8,32,589455,41,092f781f1ff8e6a09e48f369,2025-10-07T15:34:51+01:00,739.0,315.1,bench-host-01,peer-scaling-2025-10
PEER-32-R8,32,589456,42,1d609d2d2db1dd809316e4ae,2025-10-07T15:34:51+01:00,736.9,326.1,bench-host-01,peer-scaling-2025-10
PEER-32-R8,32,589456,43,5c359fce9d43c75ea164c719,2025-10-07T15:34:51+01:00,723.5,318.0,bench-host-01,peer-scaling-2025-10
PEER-32-R8,32,589456,44,982fc3055bc10df5efd56183,2025-10-07T15:34:52+01:00,807.2,310.7,bench-host-01,peer-scaling-2025-10
PEER-32-R8,32,589456,45,fae9f31cd6fa68d35f5dc24f,2025-10-07T15:34:52+01:00,916.8,308.2,bench-host-01,peer-scaling-2025-10
PEER-32-R8,32,589456,46,3e4b7f12fd59e52788afccb5,2025-10-07T15:34:53+01:00,753.0,313.7,bench-host-01,peer-scaling-2025-10
PEER-32-R8,32,589456,47,9c1661f7df73a27a8e2e5415,2025-10-07T15:34:53+01:00,909.7,312.1,bench-host-01,peer-scaling-2025-10
PEER-32-R8,32,589456,48,f0ef9d5ca3b408fda99ee40c,2025-10-07T15:34:53+01:00,900.5,318.1,bench-host-01,peer-scaling-2025-10
PEER-32-R8,32,589456,49,46f0364ad10e3ef03822213a,2025-10-07T15:34:54+01:00,857.4,315.5,bench-host-01,peer-scaling-2025-10
PEER-32-R8,32,589457,50,eb4855ef77311884c25d995c,2025-10-07T15:34:54+01:00,787.3,325.7,bench-host-01,peer-scaling-2025-10
PEER-32-R8,32,589457,51,1b3ef12f51dd998cbb05d2c8,2025-10-07T15:34:55+01:00,769.9,321.4,bench-host-01,peer-scaling-2025-10
PEER-32-R8,32,589457,52,8eb88d3daf2a6b4d7f9bbf30,2025-10-07T15:34:55+01:00,810.9,319.1,bench-host-01,peer-scaling-2025-10
PEER-32-R8,32,589457,53,f4b185afad46715dcd7fc383,2025-10-07T15:34:56+01:00,879.0,316.0,bench-host-01,peer-scaling-2025-10
PEER-32-R8,32,589458,54,90e36dd53d66ce9bf834800a,2025-10-07T15:34:56+01:00,806.5,313.6,bench-host-01,peer-scaling-2025-10
PEER-32-R8,32,589458,55,ddb53969ec3326b0634608d1,2025-10-07T15:34:56+01:00,867.1,323.5,bench-host-01,peer-scaling-2025-10
PEER-32-R8,32,589458,56,7a52b6293c340f28bde6e20d,2025-10-07T15:34:57+01:00,814.0,316.1,bench-host-01,peer-scaling-2025-10
PEER-32-R8,32,589458,57,044cbe0652abb32c4db8d4fc,2025-10-07T15:34:57+01:00,822.2,309.4,bench-host-01,peer-scaling-2025-10
PEER-32-R8,32,589458,58,f80c60cd223bc2006acf3ffb,2025-10-07T15:34:58+01:00,741.2,311.2,bench-host-01,peer-scaling-2025-10
PEER-32-R8,32,589458,59,80f499033cc0b3d63134587b,2025-10-07T15:34:58+01:00,771.8,313.8,bench-host-01,peer-scaling-2025-10
PEER-32-R8,32,589459,60,425703fe7ef0b842993c08ab,2025-10-07T15:34:58+01:00,775.9,316.9,bench-host-01,peer-scaling-2025-10
PEER-32-R8,32,589459,61,a301a138d56424b2a6a1f494,2025-10-07T15:34:59+01:00,800.4,321.5,bench-host-01,peer-scaling-2025-10
PEER-32-R8,32,589459,62,a75d59d2c2a014e6e511e8bc,2025-10-07T15:34:59+01:00,785.0,313.5,bench-host-01,peer-scaling-2025-10
PEER-32-R8,32,589459,63,d48b3bb5e6cc479b6bb0f514,2025-10-07T15:35:00+01:00,770.3,317.6,bench-host-01,peer-scaling-2025-10
PEER-32-R8,32,589459,64,e5d92225138b9f9c8e039f2c,2025-10-07T15:35:00+01:00,900.2,325.6,bench-host-01,peer-scaling-2025-10
PEER-32-R8,32,589459,65,71d5a1bb852c49665892f5fb,2025-10-07T15:35:00+01:00,874.0,314.9,bench-host-01,peer-scaling-2025-10
PEER-32-R8,32,589459,66,e8d60ed07619aa6ee10e3d80,2025-10-07T15:35:01+01:00,856.8,325.5,bench-host-01,peer-scaling-2025-10
PEER-32-R8,32,589459,67,edcee7c7a50238aa3c33005b,2025-10-07T15:35:01+01:00,866.7,318.9,bench-host-01,peer-scaling-2025-10
PEER-32-R8,32,589459,68,ee61d34f5da1d456b878d689,2025-10-07T15:35:02+01:00,837.3,322.7,bench-host-01,peer-scaling-2025-10
PEER-32-R8,32,589459,69,1f364a75612006a0d7ce0ff4,2025-10-07T15:35:02+01:00,776.9,319.4,bench-host-01,peer-scaling-2025-10
PEER-32-R8,32,589460,70,b949d6abcce08818bd1e2afd,2025-10-07T15:35:02+01:00,794.4,314.1,bench-host-01,peer-scaling-2025-10
PEER-32-R8,32,589460,71,a9983ee42bf2b070cd9edcb8,2025-10-07T15:35:03+01:00,776.8,312.2,bench-host-01,peer-scaling-2025-10
PEER-32-R8,32,589460,72,397ff73eb7331ad4bd62d399,2025-10-07T15:35:03+01:00,846.1,318.4,bench-host-01,peer-scaling-2025-10
PEER-32-R8,32,589460,73,7c68113a83c30cc4032e6689,2025-10-07T15:35:04+01:00,854.5,310.3,bench-host-01,peer-scaling-2025-10
PEER-32-R8,32,589460,74,d1437937f504add3a0eb2f34,2025-10-07T15:35:04+01:00,785.9,318.1,bench-host-01,peer-scaling-2025-10
PEER-32-R8,32,589460,75,cf444b25970fb2cb802b030b,2025-10-07T15:35:04+01:00,865.0,315.5,bench-host-01,peer-scaling-2025-10
PEER-32-R8,32,589460,76,57ebeea4a5a771df816b42c1,2025-10-07T15:35:05+01:00,905.3,309.6,bench-host-01,peer-scaling-2025-10
PEER-32-R8,32,589460,77,3dfed3725df215e44a30cea7,2025-10-07T15:35:05+01:00,827.6,322.4,bench-host-01,peer-scaling-2025-10
PEER-32-R8,32,589461,78,1993a1435732624d843b831c,2025-10-07T15:35:06+01:00,821.6,316.7,bench-host-01,peer-scaling-2025-10
PEER-32-R8,32,589461,79,4ceb14c0533d35f65e35360a,2025-10-07T15:35:06+01:00,783.1,314.6,bench-host-01,peer-scaling-2025-10
PEER-32-R8,32,589461,80,546049d20bfcbb5c009a2bbe,2025-10-07T15:35:06+01:00,834.7,313.2,bench-host-01,peer-scaling-2025-10
PEER-32-R8,32,589461,81,f3ec98e40774e63823d46518,2025-10-07T15:35:07+01:00,760.0,312.8,bench-host-01,peer-scaling-2025-10
PEER-32-R8,32,589461,82,ce6ef0839920c684e537a8b8,2025-10-07T15:35:07+01:00,909.6,309.0,bench-host-01,peer-scaling-2025-10
PEER-32-R8,32,589461,83,e58bc707c202ea72072802ed,2025-10-07T15:35:08+01:00,825.9,310.0,bench-host-01,peer-scaling-2025-10
PEER-32-R8,32,589462,84,f03948dc9e1bca76ef219256,2025-10-07T15:35:08+01:00,868.8,319.6,bench-host-01,peer-scaling-2025-10
PEER-32-R8,32,589462,85,ad7b39fcf69d338c71f4a089,2025-10-07T15:35:08+01:00,806.3,318.0,bench-host-01,peer-scaling-2025-10
PEER-32-R8,32,589462,86,668f902e1d9199888b25ecc3,2025-10-07T15:35:09+01:00,836.8,322.4,bench-host-01,peer-scaling-2025-10
PEER-32-R8,32,589462,87,cd59301b2159a72f6aebf7e5,2025-10-07T15:35:09+01:00,759.8,311.6,bench-host-01,peer-scaling-2025-10
PEER-32-R8,32,589462,88,0dbcbc6d193be971a8b99cf3,2025-10-07T15:35:10+01:00,832.1,320.1,bench-host-01,peer-scaling-2025-10
PEER-32-R8,32,589462,89,d4d7a881096b17d7060de95f,2025-10-07T15:35:10+01:00,771.3,317.5,bench-host-01,peer-scaling-2025-10
PEER-32-R8,32,589462,90,760037f9d4051aa31e8a6d3b,2025-10-07T15:35:11+01:00,777.8,313.2,bench-host-01,peer-scaling-2025-10
PEER-32-R8,32,589462,91,9b550571ddd0ad7c60f28305,2025-10-07T15:35:11+01:00,808.5,323.0,bench-host-01,peer-scaling-2025-10
PEER-32-R8,32,589462,92,7f13e7097327c380f9fe2cd2,2025-10-07T15:35:11+01:00,842.3,319.5,bench-host-01,peer-scaling-2025-10
PEER-32-R8,32,589462,93,2b7dc448b49a57d11ff463cd,2025-10-07T15:35:12+01:00,826.0,327.5,bench-host-01,peer-scaling-2025-10
PEER-32-R8,32,589462,94,9107c64e934806078e94907c,2025-10-07T15:35:12+01:00,832.2,311.7,bench-host-01,peer-scaling-2025-10
PEER-32-R8,32,589462,95,2445515767116af1bb934fed,2025-10-07T15:35:13+01:00,747.5,319.9,bench-host-01,peer-scaling-2025-10
PEER-32-R8,32,589462,96,1cf67cf806c2b1dc9b3b8362,2025-10-07T15:35:13+01:00,846.9,313.6,bench-host-01,peer-scaling-2025-10
PEER-32-R8,32,589462,97,c48c49dd69ccb8194089ffb3,2025-10-07T15:35:13+01:00,815.6,322.5,bench-host-01,peer-scaling-2025-10
PEER-32-R8,32,589462,98,d8a9d426bdd9756a3db49d6a,2025-10-07T15:35:14+01:00,837.6,320.1,bench-host-01,peer-scaling-2025-10
PEER-32-R8,32,589462,99,bbde9b2ca68cdc77ac19fd22,2025-10-07T15:35:14+01:00,791.1,320.0,bench-host-01,peer-scaling-2025-10
PEER-32-R8,32,589462,100,f7132bc7035cfb8ba4224a20,2025-10-07T15:35:15+01:00,725.8,317.9,bench-host-01,peer-scaling-2025-10
PEER-32-R8,32,589462,101,ab09bb52f7f7578e9c2f76ee,2025-10-07T15:35:15+01:00,869.7,305.9,bench-host-01,peer-scaling-2025-10
PEER-32-R8,32,589462,102,21c146ff58ecb7d86c50a220,2025-10-07T15:35:15+01:00,831.5,316.4,bench-host-01,peer-scaling-2025-10
PEER-32-R8,32,589462,103,a9c833f3f11a86ea58830c0d,2025-10-07T15:35:16+01:00,815.7,319.4,bench-host-01,peer-scaling-2025-10
PEER-32-R8,32,589462,104,d9333f9bb109d8614ff02348,2025-10-07T15:35:16+01:00,885.7,315.2,bench-host-01,peer-scaling-2025-10
PEER-32-R8,32,589462,105,574814e50de572129b536c61,2025-10-07T15:35:17+01:00,820.2,317.0,bench-host-01,peer-scaling-2025-10
PEER-32-R8,32,589462,106,7d95d86d1460159bff20537a,2025-10-07T15:35:17+01:00,862.6,317.8,bench-host-01,peer-scaling-2025-10
PEER-32-R8,32,589462,107,5dd553e120144e467c602202,2025-10-07T15:35:17+01:00,865.7,312.6,bench-host-01,peer-scaling-2025-10
PEER-32-R8,32,589462,108,cbf461de3e42c63c75623e13,2025-10-07T15:35:18+01:00,812.8,314.2,bench-host-01,peer-scaling-2025-10
PEER-32-R8,32,589462,109,c3628ba2407e18270b54f735,2025-10-07T15:35:18+01:00,810.5,319.4,bench-host-01,peer-scaling-2025-10
PEER-32-R8,32,589463,110,8782e9c7c553cac961e46f7b,2025-10-07T15:35:19+01:00,833.7,314.8,bench-host-01,peer-scaling-2025-10
PEER-32-R8,32,589463,111,b465cb86bcec6ca5f52dd682,2025-10-07T15:35:19+01:00,745.5,321.2,bench-host-01,peer-scaling-2025-10
PEER-32-R8,32,589463,112,6e697a281439ef3ddcbdf971,2025-10-07T15:35:19+01:00,770.9,322.3,bench-host-01,peer-scaling-2025-10
PEER-32-R8,32,589463,113,0660b685f16484561bae8b84,2025-10-07T15:35:20+01:00,737.7,311.8,bench-host-01,peer-scaling-2025-10
PEER-32-R8,32,589463,114,8d9b63a96593fe80fe8afe5c,2025-10-07T15:35:20+01:00,826.6,318.5,bench-host-01,peer-scaling-2025-10
PEER-32-R8,32,589463,115,e0ecad3c47fd5d426d28fed9,2025-10-07T15:35:21+01:00,826.7,317.8,bench-host-01,peer-scaling-2025-10
PEER-32-R8,32,589463,116,1ed0dac14725752142f584c8,2025-10-07T15:35:21+01:00,802.6,321.6,bench-host-01,peer-scaling-2025-10
PEER-32-R8,32,589463,117,56e43b7ebb1dff255ffdb965,2025-10-07T15:35:21+01:00,733.1,317.6,bench-host-01,peer-scaling-2025-10
PEER-32-R8,32,589463,118,2e43634c0a22aa4dd31b2824,2025-10-07T15:35:22+01:00,752.9,320.2,bench-host-01,peer-scaling-2025-10
PEER-32-R8,32,589463,119,85eacfe2dade3c39d3461fc5,2025-10-07T15:35:22+01:00,856.5,306.5,bench-host-01,peer-scaling-2025-10
PEER-32-R8,32,589464,120,119e1b97a2d55fa6c90d970b,2025-10-07T15:35:23+01:00,744.9,322.6,bench-host-01,peer-scaling-2025-10
PEER-32-R8,32,589464,121,1999f19989c7081a88f412d0,2025-10-07T15:35:23+01:00,749.4,313.9,bench-host-01,peer-scaling-2025-10
PEER-32-R8,32,589464,122,2de28e8da02f93c04d5d26e6,2025-10-07T15:35:24+01:00,805.3,325.1,bench-host-01,peer-scaling-2025-10
PEER-32-R8,32,589464,123,3a6c991f8cefbb29ae2a12bc,2025-10-07T15:35:24+01:00,861.2,321.1,bench-host-01,peer-scaling-2025-10
PEER-32-R8,32,589464,124,98d5a44fd50504c2184f4498,2025-10-07T15:35:24+01:00,806.1,323.1,bench-host-01,peer-scaling-2025-10
PEER-32-R8,32,589464,125,e08f12813d4d4c6c759f2ca8,2025-10-07T15:35:25+01:00,841.2,311.0,bench-host-01,peer-scaling-2025-10
PEER-32-R8,32,589464,126,8444e2dc0d3235e7d3b0b736,2025-10-07T15:35:25+01:00,801.3,317.9,bench-host-01,peer-scaling-2025-10
PEER-32-R8,32,589464,127,049ff0a52cfbd6c3c872fb10,2025-10-07T15:35:26+01:00,887.1,313.5,bench-host-01,peer-scaling-2025-10
PEER-32-R8,32,589464,128,2f1a1856bb6583b0806d2441,2025-10-07T15:35:26+01:00,953.5,317.0,bench-host-01,peer-scaling-2025-10
PEER-32-R8,32,589464,129,a0c4d1ed7a0972ead7ad19d9,2025-10-07T15:35:26+01:00,810.2,311.8,bench-host-01,peer-scaling-2025-10
PEER-16-R8,16,885824,0,ee0249ad5d9321937fb38721,2025-10-07T20:35:27+01:00,1050.6,319.3,bench-host-01,peer-scaling-2025-10
PEER-16-R8,16,885824,1,780c589d46fcd8c08fb905ff,2025-10-07T20:35:27+01:00,1063.9,326.2,bench-host-01,peer-scaling-2025-10
PEER-16-R8,16,885824,2,a1715c467cdcf2089e91eda8,2025-10-07T20:35:28+01:00,1059.0,315.5,bench-host-01,peer-scaling-2025-10
PEER-16-R8,16,885824,3,b8baa67e1d9dd0502d00afab,2025-10-07T20:35:28+01:00,1072.9,322.3,bench-host-01,peer-scaling-2025-10
PEER-16-R8,16,885824,4,49139df1da4fd017c0936968,2025-10-07T20:35:29+01:00,1104.5,318.4,bench-host-01,peer-scaling-2025-10
PEER-16-R8,16,885824,5,3ed43858199e146197cfc2e4,2025-10-07T20:35:29+01:00,1075.4,323.7,bench-host-01,peer-scaling-2025-10
PEER-16-R8,16,885824,6,dc43ceff96cd65cb6a98a5c3,2025-10-07T20:35:30+01:00,1065.1,315.5,bench-host-01,peer-scaling-2025-10
PEER-16-R8,16,885824,7,6a070c74c8e7e44d6c623d49,2025-10-07T20:35:30+01:00,1145.5,332.3,bench-host-01,peer-scaling-2025-10
PEER-16-R8,16,885825,8,741ad7c2590bea60597a9fe3,2025-10-07T20:35:31+01:00,999.2,328.0,bench-host-01,peer-scaling-2025-10
PEER-16-R8,16,885825,9,c7c87f63bb58ccd3fee37993,2025-10-07T20:35:32+01:00,911.8,329.5,bench-host-01,peer-scaling-2025-10
PEER-16-R8,16,885825,10,6f7d69612edf9db4cc097ad0,2025-10-07T20:35:32+01:00,1071.7,311.9,bench-host-01,peer-scaling-2025-10
PEER-16-R8,16,885826,11,7eb164c62b6b9ec6b2ea14a6,2025-10-07T20:35:33+01:00,1089.3,320.7,bench-host-01,peer-scaling-2025-10
PEER-16-R8,16,885827,12,e85f51d19c0559431de8f2fa,2025-10-07T20:35:33+01:00,1040.7,321.1,bench-host-01,peer-scaling-2025-10
PEER-16-R8,16,885828,13,fd244ed814a34eabff8f18e2,2025-10-07T20:35:34+01:00,1105.1,324.6,bench-host-01,peer-scaling-2025-10
PEER-16-R8,16,885828,14,88cf951cf9ce24c99b914b9e,2025-10-07T20:35:34+01:00,987.8,328.8,bench-host-01,peer-scaling-2025-10
PEER-16-R8,16,885828,15,a124c79b8233982be4b0c63c,2025-10-07T20:35:35+01:00,1093.4,316.9,bench-host-01,peer-scaling-2025-10
PEER-16-R8,16,885828,16,f5f09fba939f98ad3b08d2ab,2025-10-07T20:35:35+01:00,1006.2,322.3,bench-host-01,peer-scaling-2025-10
PEER-16-R8,16,885828,17,a1d2e88670b06e37552f1cfe,2025-10-07T20:35:36+01:00,983.3,319.1,bench-host-01,peer-scaling-2025-10
PEER-16-R8,16,885828,18,e410c2fa96c0134ac1f74150,2025-10-07T20:35:36+01:00,1121.6,326.4,bench-host-01,peer-scaling-2025-10
PEER-16-R8,16,885828,19,d22631daebfbe92c146b4b78,2025-10-07T20:35:37+01:00,1016.5,324.4,bench-host-01,peer-scaling-2025-10
PEER-16-R8,16,885828,20,963fba1b01ad71c301d61253,2025-10-07T20:35:37+01:00,1057.0,328.4,bench-host-01,peer-scaling-2025-10
PEER-16-R8,16,885828,21,7a4406cc754fa907ccc03978,2025-10-07T20:35:38+01:00,1114.9,320.8,bench-host-01,peer-scaling-2025-10
PEER-16-R8,16,885828,22,a5e33f9e270b3ffd791759f5,2025-10-07T20:35:38+01:00,979.7,325.9,bench-host-01,peer-scaling-2025-10
PEER-16-R8,16,885828,23,6f9f7834319a270b5242ad0e,2025-10-07T20:35:39+01:00,830.5,323.5,bench-host-01,peer-scaling-2025-10
PEER-16-R8,16,885828,24,ac41131db63e4ef891f259dc,2025-10-07T20:35:39+01:00,1006.5,325.2,bench-host-01,peer-scaling-2025-10
PEER-16-R8,16,885828,25,275f478862336d9df9065acb,2025-10-07T20:35:40+01:00,1091.2,332.4,bench-host-01,peer-scaling-2025-10
PEER-16-R8,16,885828,26,a7602fb180e975553cc09293,2025-10-07T20:35:41+01:00,1050.8,319.2,bench-host-01,peer-scaling-2025-10
PEER-16-R8,16,885828,27,a0b015df1a95b348625ddfc0,2025-10-07T20:35:41+01:00,1090.8,318.0,bench-host-01,peer-scaling-2025-10
PEER-16-R8,16,885828,28,456afdb8233282c9923804f9,2025-10-07T20:35:42+01:00,1047.9,316.9,bench-host-01,peer-scaling-2025-10
PEER-16-R8,16,885828,29,1d98b546ea7f45e419d8ec84,2025-10-07T20:35:42+01:00,1013.9,319.5,bench-host-01,peer-scaling-2025-10
PEER-16-R8,16,885828,30,4f41b7bfd12d2ece9c3347e6,2025-10-07T20:35:43+01:00,1113.5,325.0,bench-host-01,peer-scaling-2025-10
PEER-16-R8,16,885828,31,f2df02a9682ce46aa1d5d036,2025-10-07T20:35:43+01:00,1030.2,323.1,bench-host-01,peer-scaling-2025-10
PEER-16-R8,16,885828,32,53fb789dd51d09681151811c,2025-10-07T20:35:44+01:00,1071.7,323.8,bench-host-01,peer-scaling-2025-10
PEER-16-R8,16,885828,33,b7f1e2bd99f8dbdb299610bd,2025-10-07T20:35:44+01:00,1085.3,321.6,bench-host-01,peer-scaling-2025-10
PEER-16-R8,16,885828,34,4c11f101f3fc1fe9e4ba1330,2025-10-07T20:35:45+01:00,1035.7,329.3,bench-host-01,peer-scaling-2025-10
PEER-16-R8,16,885828,35,3e84f095b90972931ed0fa5a,2025-10-07T20:35:45+01:00,1012.6,318.8,bench-host-01,peer-scaling-2025-10
PEER-16-R8,16,885828,36,82946c1e8d9b0323d96009dc,2025-10-07T20:35:46+01:00,1061.0,324.7,bench-host-01,peer-scaling-2025-10
PEER-16-R8,16,885828,37,143ee8419ff08c5efe62759a,2025-10-07T20:35:46+01:00,1076.9,322.2,bench-host-01,peer-scaling-2025-10
PEER-16-R8,16,885828,38,46700b97dd1b05668c6b8e56,2025-10-07T20:35:47+01:00,918.2,320.5,bench-host-01,peer-scaling-2025-10
PEER-16-R8,16,885828,39,7083311ee29e003050a3041f,2025-10-07T20:35:47+01:00,1101.7,326.7,bench-host-01,peer-scaling-2025-10
PEER-16-R8,16,885828,40,8a5b1fa02084c1db97d50885,2025-10-07T20:35:48+01:00,1075.8,331.4,bench-host-01,peer-scaling-2025-10
PEER-16-R8,16,885828,41,448af5534b9911485772fcee,2025-10-07T20:35:48+01:00,1081.9,318.1,bench-host-01,peer-scaling-2025-10
PEER-16-R8,16,885828,42,7c9dac55402df6554060cc7b,2025-10-07T20:35:49+01:00,957.3,318.0,bench-host-01,peer-scaling-2025-10
PEER-16-R8,16,885828,43,68593635b31c638931a5bfc1,2025-10-07T20:35:49+01:00,1078.4,323.8,bench-host-01,peer-scaling-2025-10
PEER-16-R8,16,885828,44,bb270d196e30def14af16917,2025-10-07T20:35:50+01:00,1074.0,327.6,bench-host-01,peer-scaling-2025-10
PEER-16-R8,16,885829,45,90cdf769c753e11519d3a1ea,2025-10-07T20:35:51+01:00,1147.7,327.0,bench-host-01,peer-scaling-2025-10
PEER-16-R8,16,885829,46,f9ceb554f4b4e749a6c1e586,2025-10-07T20:35:51+01:00,1082.5,321.7,bench-host-01,peer-scaling-2025-10
PEER-16-R8,16,885829,47,153a13d063ade3fe55c5a60d,2025-10-07T20:35:52+01:00,1101.7,318.6,bench-host-01,peer-scaling-2025-10
PEER-16-R8,16,885830,48,23ec941f38b0ac0f42c8c800,2025-10-07T20:35:52+01:00,1008.7,322.4,bench-host-01,peer-scaling-2025-10
PEER-16-R8,16,885830,49,044dc58cc9f8c04df52514b4,2025-10-07T20:35:53+01:00,934.6,315.3,bench-host-01,peer-scaling-2025-10
PEER-16-R8,16,885830,50,7c39e361904364fca809b287,2025-10-07T20:35:53+01:00,1093.6,317.8,bench-host-01,peer-scaling-2025-10
PEER-16-R8,16,885830,51,aa53b5660dbb5f35c2e30cf3,2025-10-07T20:35:54+01:00,1006.2,316.5,bench-host-01,peer-scaling-2025-10
PEER-16-R8,16,885831,52,df37f9ee98aed952bf01c2d5,2025-10-07T20:35:54+01:00,1042.2,324.2,bench-host-01,peer-scaling-2025-10
PEER-16-R8,16,885831,53,4e918ff96681041cb5902a0a,2025-10-07T20:35:55+01:00,948.4,328.6,bench-host-01,peer-scaling-2025-10
PEER-16-R8,16,885831,54,0764a6d91ea31a249781d91d,2025-10-07T20:35:55+01:00,1115.8,322.7,bench-host-01,peer-scaling-2025-10
PEER-16-R8,16,885831,55,9a5dfd6984a2288a815fa8f2,2025-10-07T20:35:56+01:00,955.5,317.1,bench-host-01,peer-scaling-2025-10
PEER-16-R8,16,885832,56,90a6b69148d0f95414ba7bed,2025-10-07T20:35:56+01:00,1130.7,324.7,bench-host-01,peer-scaling-2025-10
PEER-16-R8,16,885832,57,f87e5686b301dcc18b877bf3,2025-10-07T20:35:57+01:00,1006.3,324.0,bench-host-01,peer-scaling-2025-10
PEER-16-R8,16,885832,58,520ead16c9cc31a3ae9ffcbd,2025-10-07T20:35:57+01:00,965.7,326.7,bench-host-01,peer-scaling-2025-10
PEER-16-R8,16,885832,59,c8ba86f22efc7973ad95bd0a,2025-10-07T20:35:58+01:00,997.3,320.6,bench-host-01,peer-scaling-2025-10
PEER-16-R8,16,885833,60,b80df4eb654e2f712ef7b2a4,2025-10-07T20:35:58+01:00,1166.2,328.5,bench-host-01,peer-scaling-2025-10
PEER-16-R8,16,885833,61,320d9d2a89fb9465a3d3dfc0,2025-10-07T20:35:59+01:00,1001.0,307.0,bench-host-01,peer-scaling-2025-10
PEER-16-R8,16,885833,62,15e0e26416d589889ef35388,2025-10-07T20:36:00+01:00,1117.2,319.0,bench-host-01,peer-scaling-2025-10
PEER-16-R8,16,885834,63,c5504437ddded2d86796c95f,2025-10-07T20:36:00+01:00,1057.4,321.0,bench-host-01,peer-scaling-2025-10
PEER-16-R8,16,885834,64,01f801b1e7e285a056ea7b36,2025-10-07T20:36:01+01:00,1103.0,324.0,bench-host-01,peer-scaling-2025-10
PEER-16-R8,16,885835,65,4a81f2c5547d1d9ab1e2412b,2025-10-07T20:36:01+01:00,983.6,324.9,bench-host-01,peer-scaling-2025-10
PEER-16-R8,16,885835,66,b1f86965600ceec33f0fb8c2,2025-10-07T20:36:02+01:00,1145.3,327.7,bench-host-01,peer-scaling-2025-10
PEER-16-R8,16,885835,67,7396ff7b360413a036fec01a,2025-10-07T20:36:02+01:00,922.7,317.3,bench-host-01,peer-scaling-2025-10
PEER-16-R8,16,885835,68,71ee4907a63391f4614d18da,2025-10-07T20:36:03+01:00,1169.6,318.1,bench-host-01,peer-scaling-2025-10
PEER-16-R8,16,885835,69,cb6d43a42517b2cbd0012e66,2025-10-07T20:36:03+01:00,911.9,325.7,bench-host-01,peer-scaling-2025-10
PEER-16-R8,16,885835,70,b5d73a6b760efb00d5a8d053,2025-10-07T20:36:04+01:00,1141.5,318.0,bench-host-01,peer-scaling-2025-10
PEER-16-R8,16,885835,71,771710425e85b429bda1e419,2025-10-07T20:36:04+01:00,963.4,322.5,bench-host-01,peer-scaling-2025-10
PEER-16-R8,16,885835,72,09218ad11db5ac327a6043fb,2025-10-07T20:36:05+01:00,1051.7,324.5,bench-host-01,peer-scaling-2025-10
PEER-16-R8,16,885835,73,11ad20d912c095e37ff7695f,2025-10-07T20:36:05+01:00,1127.6,320.6,bench-host-01,peer-scaling-2025-10
PEER-16-R8,16,885835,74,be8b0d0a0642ed92eb4e56b9,2025-10-07T20:36:06+01:00,1038.7,315.7,bench-host-01,peer-scaling-2025-10
PEER-16-R8,16,885835,75,5f76e277f8b4bf2e47931f7d,2025-10-07T20:36:06+01:00,1027.4,332.4,bench-host-01,peer-scaling-2025-10
PEER-16-R8,16,885835,76,ed7e0984485173b79bece633,2025-10-07T20:36:07+01:00,1079.7,325.6,bench-host-01,peer-scaling-2025-10
PEER-16-R8,16,885835,77,17305ed5d9a76bfadfd422c6,2025-10-07T20:36:07+01:00,1072.1,320.5,bench-host-01,peer-scaling-2025-10
PEER-16-R8,16,885835,78,df51e828e2a21188b0eb6ce8,2025-10-07T20:36:08+01:00,1076.1,320.5,bench-host-01,peer-scaling-2025-10
PEER-16-R8,16,885835,79,149b3c59bc2ffbbc6086298f,2025-10-07T20:36:09+01:00,974.0,320.7,bench-host-01,peer-scaling-2025-10
PEER-16-R8,16,885835,80,abe43336d7dedcf8b87137bd,2025-10-07T20:36:09+01:00,1039.8,325.6,bench-host-01,peer-scaling-2025-10
PEER-16-R8,16,885835,81,846a374bba2fb7974dc93c01,2025-10-07T20:36:10+01:00,1052.2,318.5,bench-host-01,peer-scaling-2025-10
PEER-16-R8,16,885835,82,0d949986f7f4962174a286ff,2025-10-07T20:36:10+01:00,1018.6,323.6,bench-host-01,peer-scaling-2025-10
PEER-16-R8,16,885835,83,cf49560e0ad9e0bac1f4c841,2025-10-07T20:36:11+01:00,1035.5,327.7,bench-host-01,peer-scaling-2025-10
PEER-16-R8,16,885835,84,2bf7b027c623474ec7a087b6,2025-10-07T20:36:11+01:00,1010.2,329.0,bench-host-01,peer-scaling-2025-10
PEER-16-R8,16,885835,85,e3aca88bbc30ad0c054b0ab5,2025-10-07T20:36:12+01:00,1079.4,327.3,bench-host-01,peer-scaling-2025-10
PEER-16-R8,16,885835,86,36f15a553d32dc7c2b512f83,2025-10-07T20:36:12+01:00,969.8,319.5,bench-host-01,peer-scaling-2025-10
PEER-16-R8,16,885835,87,7682517d4f42b9a333c06c8c,2025-10-07T20:36:13+01:00,998.0,323.2,bench-host-01,peer-scaling-2025-10
PEER-16-R8,16,885835,88,c5623a1621abc7b9adf3e386,2025-10-07T20:36:13+01:00,1039.0,319.2,bench-host-01,peer-scaling-2025-10
PEER-16-R8,16,885835,89,0e951cb7df8d0a37eaacb2a2,2025-10-07T20:36:14+01:00,1041.0,318.4,bench-host-01,peer-scaling-2025-10
PEER-16-R8,16,885836,90,262ce6ce07878134fb31ed50,2025-10-07T20:36:14+01:00,1014.0,315.7,bench-host-01,peer-scaling-2025-10
PEER-16-R8,16,885836,91,9af09af0282a204a5ac84d94,2025-10-07T20:36:15+01:00,949.8,316.4,bench-host-01,peer-scaling-2025-10
PEER-16-R8,16,885836,92,40232657e1eb4b651df86b83,2025-10-07T20:36:15+01:00,1101.6,318.2,bench-host-01,peer-scaling-2025-10
PEER-16-R8,16,885836,93,e1cc5d596f2d7aa21c41ecd9,2025-10-07T20:36:16+01:00,1114.7,316.3,bench-host-01,peer-scaling-2025-10
PEER-16-R8,16,885836,94,c8102c44d4b34e91bf18351d,2025-10-07T20:36:16+01:00,1104.8,326.8,bench-host-01,peer-scaling-2025-10
PEER-16-R8,16,885836,95,3ebd74bbcbcfc994f88fda9a,2025-10-07T20:36:17+01:00,929.7,317.4,bench-host-01,peer-scaling-2025-10
PEER-16-R8,16,885836,96,4c265d8a3923cf310ba52a8c,2025-10-07T20:36:17+01:00,1050.8,322.0,bench-host-01,peer-scaling-2025-10
PEER-16-R8,16,885836,97,ea30a7ef5d135d05a5014dc8,2025-10-07T20:36:18+01:00,1067.0,321.7,bench-host-01,peer-scaling-2025-10
PEER-16-R8,16,885837,98,ab94762eb683a60f99acf87b,2025-10-07T20:36:19+01:00,1095.6,327.0,bench-host-01,peer-scaling-2025-10
PEER-16-R8,16,885837,99,d8916d58ef779d765ede82f7,2025-10-07T20:36:19+01:00,1127.0,312.1,bench-host-01,peer-scaling-2025-10
PEER-16-R8,16,885837,100,029f61223c228b9b1df11079,2025-10-07T20:36:20+01:00,973.5,315.5,bench-host-01,peer-scaling-2025-10
PEER-16-R8,16,885837,101,310018e906d899cd5ab4c039,2025-10-07T20:36:20+01:00,1018.7,318.8,bench-host-01,peer-scaling-2025-10
PEER-16-R8,16,885837,102,8a18f8c4c762ae7aa6ccfdac,2025-10-07T20:36:21+01:00,963.5,322.7,bench-host-01,peer-scaling-2025-10
PEER-16-R8,16,885837,103,fe1e8a589ef89079e0b499fd,2025-10-07T20:36:21+01:00,1018.3,324.0,bench-host-01,peer-scaling-2025-10
PEER-16-R8,16,885837,104,79684e9aaa3716fc7b372b09,2025-10-07T20:36:22+01:00,1156.6,322.5,bench-host-01,peer-scaling-2025-10
PEER-16-R8,16,885837,105,88e566163001d69e3fe215a7,2025-10-07T20:36:22+01:00,1118.5,326.5,bench-host-01,peer-scaling-2025-10
PEER-16-R8,16,885837,106,5a16bed29112eb31bea6766e,2025-10-07T20:36:23+01:00,1110.4,321.3,bench-host-01,peer-scaling-2025-10
PEER-16-R8,16,885837,107,a88b8b901feb052d71e6b906,2025-10-07T20:36:23+01:00,950.2,321.7,bench-host-01,peer-scaling-2025-10
PEER-16-R8,16,885837,108,d0186df400d20db0c5e28ed4,2025-10-07T20:36:24+01:00,1064.7,316.3,bench-host-01,peer-scaling-2025-10
PEER-16-R8,16,885837,109,0b28d44011d7ee14c9052540,2025-10-07T20:36:24+01:00,1048.9,320.3,bench-host-01,peer-scaling-2025-10
PEER-16-R8,16,885837,110,8dfe8f074df54218ef22ba99,2025-10-07T20:36:25+01:00,1027.6,325.8,bench-host-01,peer-scaling-2025-10
PEER-16-R8,16,885837,111,cb660285352cf52f5ed3d5ae,2025-10-07T20:36:25+01:00,1034.0,324.9,bench-host-01,peer-scaling-2025-10
PEER-16-R8,16,885838,112,4503f477ade3fb560c6fba36,2025-10-07T20:36:26+01:00,949.4,322.4,bench-host-01,peer-scaling-2025-10
PEER-16-R8,16,885838,113,c8e3470e1271f0d9cb61c608,2025-10-07T20:36:26+01:00,1060.3,322.8,bench-host-01,peer-scaling-2025-10
PEER-16-R8,16,885838,114,b6a2779b73227fc576a4efde,2025-10-07T20:36:27+01:00,1064.1,315.6,bench-host-01,peer-scaling-2025-10
PEER-16-R8,16,885838,115,af5029adc4bf6a2bc4b56340,2025-10-07T20:36:28+01:00,1048.0,324.5,bench-host-01,peer-scaling-2025-10
PEER-16-R8,16,885838,116,32bf30d83d00f7f2f098f3ea,2025-10-07T20:36:28+01:00,1076.4,320.8,bench-host-01,peer-scaling-2025-10
PEER-16-R8,16,885838,117,43bb482300f7b692464805c1,2025-10-07T20:36:29+01:00,1027.8,330.0,bench-host-01,peer-scaling-2025-10
PEER-16-R8,16,885838,118,c7af8a703bd12a1dbc0779eb,2025-10-07T20:36:29+01:00,1053.0,330.0,bench-host-01,peer-scaling-2025-10
PEER-16-R8,16,885838,119,51f9f34ae9ad57f0f694c555,2025-10-07T20:36:30+01:00,1078.2,320.5,bench-host-01,peer-scaling-2025-10
PEER-16-R8,16,885839,120,bf12bb9fa5c3cc7b9b322ef9,2025-10-07T20:36:30+01:00,1070.0,322.5,bench-host-01,peer-scaling-2025-10
PEER-16-R8,16,885839,121,1a2a18f7e762f84844f69fd8,2025-10-07T20:36:31+01:00,1012.4,331.7,bench-host-01,peer-scaling-2025-10
PEER-16-R8,16,885839,122,afd6429e18db895b9a9fde20,2025-10-07T20:36:31+01:00,988.9,318.3,bench-host-01,peer-scaling-2025-10
PEER-16-R8,16,885839,123,66f6e3a449c00b74078a5252,2025-10-07T20:36:32+01:00,1152.1,321.1,bench-host-01,peer-scaling-2025-10
PEER-16-R8,16,885839,124,4d74f97e4729a3114435d7e2,2025-10-07T20:36:32+01:00,1078.6,329.5,bench-host-01,peer-scaling-2025-10
PEER-16-R8,16,885839,125,d7501f31705dd8f1387fcbf0,2025-10-07T20:36:33+01:00,1063.8,336.4,bench-host-01,peer-scaling-2025-10
PEER-16-R8,16,885839,126,b1d5876dd884cbef781dc923,2025-10-07T20:36:33+01:00,1115.0,315.9,bench-host-01,peer-scaling-2025-10
PEER-16-R8,16,885839,127,90486538561225ce577ae9d6,2025-10-07T20:36:34+01:00,995.5,319.0,bench-host-01,peer-scaling-2025-10
PEER-16-R8,16,885839,128,84310b42da5b8c14de673544,2025-10-07T20:36:34+01:00,1120.2,328.3,bench-host-01,peer-scaling-2025-10
PEER-16-R8,16,885839,129,bc3931e3719e1548ee57adc8,2025-10-07T20:36:35+01:00,1104.7,324.8,bench-host-01,peer-scaling-2025-10
