timestamp,operation,sample_id,latency_ms,rbac_overhead_ms,peer_count,concurrent_clients
2025-08-01T00:00:00Z,WriteSensor,LS-0000001,1222.5,318.6,4,1
2025-08-01T00:02:00Z,WriteSensor,LS-0000002,1277.6,291.1,4,1
2025-08-01T00:04:00Z,WriteSensor,LS-0000003,1256.5,317.9,4,1
2025-08-01T00:06:00Z,WriteSensor,LS-0000004,1174.4,275.5,4,1
2025-08-01T00:08:00Z,WriteSensor,LS-0000005,1264.7,309.5,4,1
2025-08-01T00:10:00Z,WriteSensor,LS-0000006,1246.5,321.5,4,1
2025-08-01T00:12:00Z,WriteSensor,LS-0000007,1195.3,352.1,4,1
2025-08-01T00:14:00Z,WriteSensor,LS-0000008,1240.3,270.4,4,1
2025-08-01T00:16:00Z,WriteSensor,LS-0000009,1246.4,323.1,4,1
2025-08-01T00:18:00Z,WriteSensor,LS-0000010,1236.8,364.2,4,1
2025-08-01T00:20:00Z,WriteSensor,LS-0000011,1223.2,323.3,4,1
2025-08-01T00:22:00Z,WriteSensor,LS-0000012,1240.1,324.1,4,1
2025-08-01T00:24:00Z,WriteSensor,LS-0000013,1170.0,359.2,4,1
2025-08-01T00:26:00Z,WriteSensor,LS-0000014,1306.8,319.6,4,1
2025-08-01T00:28:00Z,WriteSensor,LS-0000015,1230.0,333.4,4,1
2025-08-01T00:30:00Z,WriteSensor,LS-0000016,1223.6,340.5,4,1
2025-08-01T00:32:00Z,WriteSensor,LS-0000017,1242.6,302.5,4,1
2025-08-01T00:34:00Z,WriteSensor,LS-0000018,1262.9,375.3,4,1
2025-08-01T00:36:00Z,WriteSensor,LS-0000019,1266.5,297.3,4,1
2025-08-01T00:38:00Z,WriteSensor,LS-0000020,1251.2,335.3,4,1
2025-08-01T00:40:00Z,WriteSensor,LS-0000021,1212.5,290.2,4,1
2025-08-01T00:42:00Z,WriteSensor,LS-0000022,1242.4,317.8,4,1
2025-08-01T00:44:00Z,WriteSensor,LS-0000023,1334.2,329.7,4,1
2025-08-01T00:46:00Z,WriteSensor,LS-0000024,1322.3,300.5,4,1
2025-08-01T00:48:00Z,WriteSensor,LS-0000025,1170.9,307.2,4,1
2025-08-01T00:50:00Z,WriteSensor,LS-0000026,1277.4,308.4,4,1
2025-08-01T00:52:00Z,WriteSensor,LS-0000027,1278.9,348.0,4,1
2025-08-01T00:54:00Z,WriteSensor,LS-0000028,1183.8,364.9,4,1
2025-08-01T00:56:00Z,WriteSensor,LS-0000029,1194.6,327.4,4,1
2025-08-01T00:58:00Z,WriteSensor,LS-0000030,1291.7,309.9,4,1
2025-08-01T01:00:00Z,WriteSensor,LS-0000031,1242.7,330.1,4,1
2025-08-01T01:02:00Z,WriteSensor,LS-0000032,1220.7,304.9,4,1
2025-08-01T01:04:00Z,WriteSensor,LS-0000033,1273.5,346.2,4,1
2025-08-01T01:06:00Z,WriteSensor,LS-0000034,1140.9,331.7,4,1
2025-08-01T01:08:00Z,WriteSensor,LS-0000035,1262.1,310.5,4,1
2025-08-01T01:10:00Z,WriteSensor,LS-0000036,1199.1,313.1,4,1
2025-08-01T01:12:00Z,WriteSensor,LS-0000037,1192.9,321.1,4,1
2025-08-01T01:14:00Z,WriteSensor,LS-0000038,1188.5,303.3,4,1
2025-08-01T01:16:00Z,WriteSensor,LS-0000039,1306.7,301.5,4,1
2025-08-01T01:18:00Z,WriteSensor,LS-0000040,1227.2,331.3,4,1
2025-08-01T01:20:00Z,WriteSensor,LS-0000041,1271.4,275.7,4,1
2025-08-01T01:22:00Z,WriteSensor,LS-0000042,1388.8,338.8,4,1
2025-08-01T01:24:00Z,WriteSensor,LS-0000043,1116.8,319.1,4,1
2025-08-01T01:26:00Z,WriteSensor,LS-0000044,1252.5,316.2,4,1
2025-08-01T01:28:00Z,WriteSensor,LS-0000045,1234.2,293.2,4,1
2025-08-01T01:30:00Z,WriteSensor,LS-0000046,1310.7,328.2,4,1
2025-08-01T01:32:00Z,WriteSensor,LS-0000047,1258.1,307.9,4,1
2025-08-01T01:34:00Z,WriteSensor,LS-0000048,1295.8,295.1,4,1
2025-08-01T01:36:00Z,WriteSensor,LS-0000049,1203.7,331.2,4,1
2025-08-01T01:38:00Z,WriteSensor,LS-0000050,1228.3,370.0,4,1
2025-08-01T01:40:00Z,WriteSensor,LS-0000051,1296.8,339.5,4,1
2025-08-01T01:42:00Z,WriteSensor,LS-0000052,1312.8,309.4,4,1
2025-08-01T01:44:00Z,WriteSensor,LS-0000053,1282.4,324.6,4,1
2025-08-01T01:46:00Z,WriteSensor,LS-0000054,1334.2,288.9,4,1
2025-08-01T01:48:00Z,WriteSensor,LS-0000055,1268.4,331.6,4,1
2025-08-01T01:50:00Z,WriteSensor,LS-0000056,1263.3,350.1,4,1
2025-08-01T01:52:00Z,WriteSensor,LS-0000057,1221.6,284.9,4,1
2025-08-01T01:54:00Z,WriteSensor,LS-0000058,1300.0,352.6,4,1
2025-08-01T01:56:00Z,WriteSensor,LS-0000059,1298.0,364.2,4,1
2025-08-01T01:58:00Z,WriteSensor,LS-0000060,1150.9,310.6,4,1
2025-08-01T02:00:00Z,WriteSensor,LS-0000061,1281.5,324.0,4,1
2025-08-01T02:02:00Z,WriteSensor,LS-0000062,1213.1,304.8,4,1
2025-08-01T02:04:00Z,WriteSensor,LS-0000063,1219.8,334.4,4,1
2025-08-01T02:06:00Z,WriteSensor,LS-0000064,1193.0,313.2,4,1
2025-08-01T02:08:00Z,WriteSensor,LS-0000065,1197.5,274.2,4,1
2025-08-01T02:10:00Z,WriteSensor,LS-0000066,1208.8,307.1,4,1
2025-08-01T02:12:00Z,WriteSensor,LS-0000067,1161.2,307.8,4,1
2025-08-01T02:14:00Z,WriteSensor,LS-0000068,1206.9,348.9,4,1
2025-08-01T02:16:00Z,WriteSensor,LS-0000069,1233.1,308.6,4,1
2025-08-01T02:18:00Z,WriteSensor,LS-0000070,1208.3,323.1,4,1
2025-08-01T02:20:00Z,WriteSensor,LS-0000071,1198.4,327.1,4,1
2025-08-01T02:22:00Z,WriteSensor,LS-0000072,1228.5,324.3,4,1
2025-08-01T02:24:00Z,WriteSensor,LS-0000073,1174.8,322.6,4,1
2025-08-01T02:26:00Z,WriteSensor,LS-0000074,1253.2,297.7,4,1
2025-08-01T02:28:00Z,WriteSensor,LS-0000075,1258.1,316.7,4,1
2025-08-01T02:30:00Z,WriteSensor,LS-0000076,1296.4,292.2,4,1
2025-08-01T02:32:00Z,WriteSensor,LS-0000077,1246.0,303.0,4,1
2025-08-01T02:34:00Z,WriteSensor,LS-0000078,1178.9,308.3,4,1
2025-08-01T02:36:00Z,WriteSensor,LS-0000079,1276.6,320.1,4,1
2025-08-01T02:38:00Z,WriteSensor,LS-0000080,1245.2,357.5,4,1
2025-08-01T02:40:00Z,WriteSensor,LS-0000081,1227.9,318.8,4,1
2025-08-01T02:42:00Z,WriteSensor,LS-0000082,1245.9,318.3,4,1
2025-08-01T02:44:00Z,WriteSensor,LS-0000083,1313.2,330.5,4,1
2025-08-01T02:46:00Z,WriteSensor,LS-0000084,1209.1,291.1,4,1
2025-08-01T02:48:00Z,WriteSensor,LS-0000085,1180.6,294.9,4,1
2025-08-01T02:50:00Z,WriteSensor,LS-0000086,1158.7,300.5,4,1
2025-08-01T02:52:00Z,WriteSensor,LS-0000087,1235.6,311.8,4,1
2025-08-01T02:54:00Z,WriteSensor,LS-0000088,1315.4,354.1,4,1
2025-08-01T02:56:00Z,WriteSensor,LS-0000089,1204.0,309.4,4,1
2025-08-01T02:58:00Z,WriteSensor,LS-0000090,1373.1,297.9,4,1
2025-08-01T03:00:00Z,WriteSensor,LS-0000091,1195.5,329.3,4,1
2025-08-01T03:02:00Z,WriteSensor,LS-0000092,1248.3,312.0,4,1
2025-08-01T03:04:00Z,WriteSensor,LS-0000093,1255.8,301.1,4,1
2025-08-01T03:06:00Z,WriteSensor,LS-0000094,1285.2,283.1,4,1
2025-08-01T03:08:00Z,WriteSensor,LS-0000095,1290.5,291.6,4,1
2025-08-01T03:10:00Z,WriteSensor,LS-0000096,1243.4,334.3,4,1
2025-08-01T03:12:00Z,WriteSensor,LS-0000097,1229.2,344.8,4,1
2025-08-01T03:14:00Z,WriteSensor,LS-0000098,1212.8,339.9,4,1
2025-08-01T03:16:00Z,WriteSensor,LS-0000099,1209.6,341.9,4,1
2025-08-01T03:18:00Z,WriteSensor,LS-0000100,1241.1,313.2,4,1
2025-08-01T03:20:00Z,WriteSensor,LS-0000101,1230.2,313.9,4,1
2025-08-01T03:22:00Z,WriteSensor,LS-0000102,1262.8,281.3,4,1
2025-08-01T03:24:00Z,WriteSensor,LS-0000103,1371.5,289.8,4,1
2025-08-01T03:26:00Z,WriteSensor,LS-0000104,1258.1,321.5,4,1
2025-08-01T03:28:00Z,WriteSensor,LS-0000105,1294.2,322.0,4,1
2025-08-01T03:30:00Z,WriteSensor,LS-0000106,1269.5,382.1,4,1
2025-08-01T03:32:00Z,WriteSensor,LS-0000107,1252.5,296.7,4,1
2025-08-01T03:34:00Z,WriteSensor,LS-0000108,1310.7,335.4,4,1
2025-08-01T03:36:00Z,WriteSensor,LS-0000109,1286.8,313.9,4,1
2025-08-01T03:38:00Z,WriteSensor,LS-0000110,1307.8,324.2,4,1
2025-08-01T03:40:00Z,WriteSensor,LS-0000111,1294.5,326.2,4,1
2025-08-01T03:42:00Z,WriteSensor,LS-0000112,1333.6,265.8,4,1
2025-08-01T03:44:00Z,WriteSensor,LS-0000113,1204.5,328.7,4,1
2025-08-01T03:46:00Z,WriteSensor,LS-0000114,1265.8,281.5,4,1
2025-08-01T03:48:00Z,WriteSensor,LS-0000115,1193.4,319.1,4,1
2025-08-01T03:50:00Z,WriteSensor,LS-0000116,1319.6,303.2,4,1
2025-08-01T03:52:00Z,WriteSensor,LS-0000117,1260.5,303.7,4,1
2025-08-01T03:54:00Z,WriteSensor,LS-0000118,1265.1,324.9,4,1
2025-08-01T03:56:00Z,WriteSensor,LS-0000119,1217.2,287.5,4,1
2025-08-01T03:58:00Z,WriteSensor,LS-0000120,1303.4,342.6,4,1
2025-08-01T04:00:00Z,WriteSensor,LS-0000121,1214.9,298.8,4,1
2025-08-01T04:02:00Z,WriteSensor,LS-0000122,1193.6,320.5,4,1
2025-08-01T04:04:00Z,WriteSensor,LS-0000123,1240.3,294.3,4,1
2025-08-01T04:06:00Z,WriteSensor,LS-0000124,1113.1,355.7,4,1
2025-08-01T04:08:00Z,WriteSensor,LS-0000125,1285.3,302.5,4,1
2025-08-01T04:10:00Z,WriteSensor,LS-0000126,1336.9,366.6,4,1
2025-08-01T04:12:00Z,WriteSensor,LS-0000127,1201.8,296.7,4,1
2025-08-01T04:14:00Z,WriteSensor,LS-0000128,1151.8,305.2,4,1
2025-08-01T04:16:00Z,WriteSensor,LS-0000129,1215.6,296.0,4,1
2025-08-01T04:18:00Z,WriteSensor,LS-0000130,1312.7,349.3,4,1
2025-08-01T04:20:00Z,WriteSensor,LS-0000131,1321.5,345.1,4,1
2025-08-01T04:22:00Z,WriteSensor,LS-0000132,1324.8,322.7,4,1
2025-08-01T04:24:00Z,WriteSensor,LS-0000133,1257.6,308.1,4,1
2025-08-01T04:26:00Z,WriteSensor,LS-0000134,1264.6,349.1,4,1
2025-08-01T04:28:00Z,WriteSensor,LS-0000135,1250.8,309.6,4,1
2025-08-01T04:30:00Z,WriteSensor,LS-0000136,1308.9,304.6,4,1
2025-08-01T04:32:00Z,WriteSensor,LS-0000137,1276.9,379.0,4,1
2025-08-01T04:34:00Z,WriteSensor,LS-0000138,1179.1,347.9,4,1
2025-08-01T04:36:00Z,WriteSensor,LS-0000139,1229.3,321.8,4,1
2025-08-01T04:38:00Z,WriteSensor,LS-0000140,1263.4,342.2,4,1
2025-08-01T04:40:00Z,WriteSensor,LS-0000141,1243.6,315.9,4,1
2025-08-01T04:42:00Z,WriteSensor,LS-0000142,1272.0,314.6,4,1
2025-08-01T04:44:00Z,WriteSensor,LS-0000143,1271.7,313.6,4,1
2025-08-01T04:46:00Z,WriteSensor,LS-0000144,1204.7,347.9,4,1
2025-08-01T04:48:00Z,WriteSensor,LS-0000145,1235.9,328.9,4,1
2025-08-01T04:50:00Z,WriteSensor,LS-0000146,1227.4,315.7,4,1
2025-08-01T04:52:00Z,WriteSensor,LS-0000147,1276.8,295.9,4,1
2025-08-01T04:54:00Z,WriteSensor,LS-0000148,1274.0,310.2,4,1
2025-08-01T04:56:00Z,WriteSensor,LS-0000149,1249.8,347.2,4,1
2025-08-01T04:58:00Z,WriteSensor,LS-0000150,1268.4,303.5,4,1
2025-08-01T05:00:00Z,WriteSensor,LS-0000151,1222.5,349.0,4,1
2025-08-01T05:02:00Z,WriteSensor,LS-0000152,1198.8,332.9,4,1
2025-08-01T05:04:00Z,WriteSensor,LS-0000153,1323.0,365.3,4,1
2025-08-01T05:06:00Z,WriteSensor,LS-0000154,1348.6,272.6,4,1
2025-08-01T05:08:00Z,WriteSensor,LS-0000155,1265.6,350.4,4,1
2025-08-01T05:10:00Z,WriteSensor,LS-0000156,1191.2,343.9,4,1
2025-08-01T05:12:00Z,WriteSensor,LS-0000157,1323.8,345.2,4,1
2025-08-01T05:14:00Z,WriteSensor,LS-0000158,1262.6,359.2,4,1
2025-08-01T05:16:00Z,WriteSensor,LS-0000159,1257.4,317.9,4,1
2025-08-01T05:18:00Z,WriteSensor,LS-0000160,1219.2,299.3,4,1
2025-08-01T05:20:00Z,WriteSensor,LS-0000161,1230.1,346.2,4,1
2025-08-01T05:22:00Z,WriteSensor,LS-0000162,1352.2,307.7,4,1
2025-08-01T05:24:00Z,WriteSensor,LS-0000163,1230.4,301.2,4,1
2025-08-01T05:26:00Z,WriteSensor,LS-0000164,1291.5,338.1,4,1
2025-08-01T05:28:00Z,WriteSensor,LS-0000165,1226.0,343.0,4,1
2025-08-01T05:30:00Z,WriteSensor,LS-0000166,1202.2,320.0,4,1
2025-08-01T05:32:00Z,WriteSensor,LS-0000167,1236.9,356.5,4,1
2025-08-01T05:34:00Z,WriteSensor,LS-0000168,1315.6,342.4,4,1
2025-08-01T05:36:00Z,WriteSensor,LS-0000169,1391.8,352.3,4,1
2025-08-01T05:38:00Z,WriteSensor,LS-0000170,1213.9,336.1,4,1
2025-08-01T05:40:00Z,WriteSensor,LS-0000171,1313.1,330.7,4,1
2025-08-01T05:42:00Z,WriteSensor,LS-0000172,1166.4,330.0,4,1
2025-08-01T05:44:00Z,WriteSensor,LS-0000173,1216.8,331.5,4,1
2025-08-01T05:46:00Z,WriteSensor,LS-0000174,1258.9,308.3,4,1
2025-08-01T05:48:00Z,WriteSensor,LS-0000175,1292.2,336.7,4,1
2025-08-01T05:50:00Z,WriteSensor,LS-0000176,1258.3,318.5,4,1
2025-08-01T05:52:00Z,WriteSensor,LS-0000177,1208.7,300.6,4,1
2025-08-01T05:54:00Z,WriteSensor,LS-0000178,1348.6,295.5,4,1
2025-08-01T05:56:00Z,WriteSensor,LS-0000179,1442.3,318.8,4,1
2025-08-01T05:58:00Z,WriteSensor,LS-0000180,1156.1,335.1,4,1
2025-08-01T06:00:00Z,WriteSensor,LS-0000181,1251.5,331.1,4,1
2025-08-01T06:02:00Z,WriteSensor,LS-0000182,1204.7,329.7,4,1
2025-08-01T06:04:00Z,WriteSensor,LS-0000183,1235.3,337.0,4,1
2025-08-01T06:06:00Z,WriteSensor,LS-0000184,1286.3,298.1,4,1
2025-08-01T06:08:00Z,WriteSensor,LS-0000185,1315.9,326.5,4,1
2025-08-01T06:10:00Z,WriteSensor,LS-0000186,1287.7,317.2,4,1
2025-08-01T06:12:00Z,WriteSensor,LS-0000187,1320.0,309.4,4,1
2025-08-01T06:14:00Z,WriteSensor,LS-0000188,1199.0,256.6,4,1
2025-08-01T06:16:00Z,WriteSensor,LS-0000189,1273.2,298.3,4,1
2025-08-01T06:18:00Z,WriteSensor,LS-0000190,1234.5,333.6,4,1
2025-08-01T06:20:00Z,WriteSensor,LS-0000191,1247.3,310.0,4,1
2025-08-01T06:22:00Z,WriteSensor,LS-0000192,1220.3,273.3,4,1
2025-08-01T06:24:00Z,WriteSensor,LS-0000193,1356.8,325.6,4,1
2025-08-01T06:26:00Z,WriteSensor,LS-0000194,1346.9,325.5,4,1
2025-08-01T06:28:00Z,WriteSensor,LS-0000195,1130.7,338.0,4,1
2025-08-01T06:30:00Z,WriteSensor,LS-0000196,1338.8,321.6,4,1
2025-08-01T06:32:00Z,WriteSensor,LS-0000197,1238.2,309.8,4,1
2025-08-01T06:34:00Z,WriteSensor,LS-0000198,1268.9,329.0,4,1
2025-08-01T06:36:00Z,WriteSensor,LS-0000199,1269.4,250.9,4,1
2025-08-01T06:38:00Z,WriteSensor,LS-0000200,1258.3,271.0,4,1
2025-08-01T06:40:00Z,WriteSensor,LS-0000201,1218.5,321.7,4,1
2025-08-01T06:42:00Z,WriteSensor,LS-0000202,1309.2,335.4,4,1
2025-08-01T06:44:00Z,WriteSensor,LS-0000203,1216.9,343.7,4,1
2025-08-01T06:46:00Z,WriteSensor,LS-0000204,1333.9,335.4,4,1
2025-08-01T06:48:00Z,WriteSensor,LS-0000205,1313.4,328.2,4,1
2025-08-01T06:50:00Z,WriteSensor,LS-0000206,1233.8,278.9,4,1
2025-08-01T06:52:00Z,WriteSensor,LS-0000207,1268.8,289.7,4,1
2025-08-01T06:54:00Z,WriteSensor,LS-0000208,1250.9,329.7,4,1
2025-08-01T06:56:00Z,WriteSensor,LS-0000209,1223.7,346.8,4,1
2025-08-01T06:58:00Z,WriteSensor,LS-0000210,1308.5,317.6,4,1
2025-08-01T07:00:00Z,WriteSensor,LS-0000211,1367.9,351.3,4,1
2025-08-01T07:02:00Z,WriteSensor,LS-0000212,1273.6,279.7,4,1
2025-08-01T07:04:00Z,WriteSensor,LS-0000213,1299.4,320.4,4,1
2025-08-01T07:06:00Z,WriteSensor,LS-0000214,1293.0,344.3,4,1
2025-08-01T07:08:00Z,WriteSensor,LS-0000215,1276.9,336.3,4,1
2025-08-01T07:10:00Z,WriteSensor,LS-0000216,1245.2,326.2,4,1
2025-08-01T07:12:00Z,WriteSensor,LS-0000217,1296.4,335.7,4,1
2025-08-01T07:14:00Z,WriteSensor,LS-0000218,1311.1,339.3,4,1
2025-08-01T07:16:00Z,WriteSensor,LS-0000219,1252.0,357.0,4,1
2025-08-01T07:18:00Z,WriteSensor,LS-0000220,1350.5,365.5,4,1
2025-08-01T07:20:00Z,WriteSensor,LS-0000221,1271.6,337.0,4,1
2025-08-01T07:22:00Z,WriteSensor,LS-0000222,1197.6,323.0,4,1
2025-08-01T07:24:00Z,WriteSensor,LS-0000223,1249.4,323.0,4,1
2025-08-01T07:26:00Z,WriteSensor,LS-0000224,1254.9,286.5,4,1
2025-08-01T07:28:00Z,WriteSensor,LS-0000225,1232.3,277.1,4,1
2025-08-01T07:30:00Z,WriteSensor,LS-0000226,1223.7,329.2,4,1
2025-08-01T07:32:00Z,WriteSensor,LS-0000227,1217.5,275.3,4,1
2025-08-01T07:34:00Z,WriteSensor,LS-0000228,1229.0,339.4,4,1
2025-08-01T07:36:00Z,WriteSensor,LS-0000229,1260.9,290.4,4,1
2025-08-01T07:38:00Z,WriteSensor,LS-0000230,1253.8,309.9,4,1
2025-08-01T07:40:00Z,WriteSensor,LS-0000231,1211.0,305.0,4,1
2025-08-01T07:42:00Z,WriteSensor,LS-0000232,1211.0,347.8,4,1
2025-08-01T07:44:00Z,WriteSensor,LS-0000233,1271.3,324.3,4,1
2025-08-01T07:46:00Z,WriteSensor,LS-0000234,1296.0,356.9,4,1
2025-08-01T07:48:00Z,WriteSensor,LS-0000235,1337.5,316.0,4,1
2025-08-01T07:50:00Z,WriteSensor,LS-0000236,1259.8,358.3,4,1
2025-08-01T07:52:00Z,WriteSensor,LS-0000237,1290.7,292.4,4,1
2025-08-01T07:54:00Z,WriteSensor,LS-0000238,1209.9,299.3,4,1
2025-08-01T07:56:00Z,WriteSensor,LS-0000239,1313.8,264.3,4,1
2025-08-01T07:58:00Z,WriteSensor,LS-0000240,1263.8,317.7,4,1
2025-08-01T08:00:00Z,WriteSensor,LS-0000241,1251.8,343.8,4,1
2025-08-01T08:02:00Z,WriteSensor,LS-0000242,1279.5,328.6,4,1
2025-08-01T08:04:00Z,WriteSensor,LS-0000243,1192.1,322.3,4,1
2025-08-01T08:06:00Z,WriteSensor,LS-0000244,1145.4,312.8,4,1
2025-08-01T08:08:00Z,WriteSensor,LS-0000245,1256.4,295.6,4,1
2025-08-01T08:10:00Z,WriteSensor,LS-0000246,1298.8,365.4,4,1
2025-08-01T08:12:00Z,WriteSensor,LS-0000247,1286.2,292.5,4,1
2025-08-01T08:14:00Z,WriteSensor,LS-0000248,1336.8,318.9,4,1
2025-08-01T08:16:00Z,WriteSensor,LS-0000249,1300.0,307.6,4,1
2025-08-01T08:18:00Z,WriteSensor,LS-0000250,1244.1,334.2,4,1
2025-08-01T08:20:00Z,WriteSensor,LS-0000251,1249.3,301.1,4,1
2025-08-01T08:22:00Z,WriteSensor,LS-0000252,1207.0,307.5,4,1
2025-08-01T08:24:00Z,WriteSensor,LS-0000253,1269.5,320.5,4,1
2025-08-01T08:26:00Z,WriteSensor,LS-0000254,1172.6,304.8,4,1
2025-08-01T08:28:00Z,WriteSensor,LS-0000255,1220.1,280.6,4,1
2025-08-01T08:30:00Z,WriteSensor,LS-0000256,1282.3,297.6,4,1
2025-08-01T08:32:00Z,WriteSensor,LS-0000257,1187.8,279.2,4,1
2025-08-01T08:34:00Z,WriteSensor,LS-0000258,1318.5,295.5,4,1
2025-08-01T08:36:00Z,WriteSensor,LS-0000259,1150.1,327.0,4,1
2025-08-01T08:38:00Z,WriteSensor,LS-0000260,1221.0,334.6,4,1
2025-08-01T08:40:00Z,WriteSensor,LS-0000261,1283.1,334.1,4,1
2025-08-01T08:42:00Z,WriteSensor,LS-0000262,1182.9,326.4,4,1
2025-08-01T08:44:00Z,WriteSensor,LS-0000263,1273.5,297.8,4,1
2025-08-01T08:46:00Z,WriteSensor,LS-0000264,1259.5,340.8,4,1
2025-08-01T08:48:00Z,WriteSensor,LS-0000265,1372.6,328.8,4,1
2025-08-01T08:50:00Z,WriteSensor,LS-0000266,1162.0,320.1,4,1
2025-08-01T08:52:00Z,WriteSensor,LS-0000267,1272.8,302.7,4,1
2025-08-01T08:54:00Z,WriteSensor,LS-0000268,1255.1,285.3,4,1
2025-08-01T08:56:00Z,WriteSensor,LS-0000269,1182.3,318.6,4,1
2025-08-01T08:58:00Z,WriteSensor,LS-0000270,1327.1,334.1,4,1
2025-08-01T09:00:00Z,WriteSensor,LS-0000271,1345.1,286.0,4,1
2025-08-01T09:02:00Z,WriteSensor,LS-0000272,1284.2,337.2,4,1
2025-08-01T09:04:00Z,WriteSensor,LS-0000273,1314.8,341.1,4,1
2025-08-01T09:06:00Z,WriteSensor,LS-0000274,1174.0,312.8,4,1
2025-08-01T09:08:00Z,WriteSensor,LS-0000275,1207.4,306.0,4,1
2025-08-01T09:10:00Z,WriteSensor,LS-0000276,1350.0,293.5,4,1
2025-08-01T09:12:00Z,WriteSensor,LS-0000277,1223.2,323.7,4,1
2025-08-01T09:14:00Z,WriteSensor,LS-0000278,1275.2,304.6,4,1
2025-08-01T09:16:00Z,WriteSensor,LS-0000279,1222.4,294.4,4,1
2025-08-01T09:18:00Z,WriteSensor,LS-0000280,1202.5,312.4,4,1
2025-08-01T09:20:00Z,WriteSensor,LS-0000281,1313.8,345.0,4,1
2025-08-01T09:22:00Z,WriteSensor,LS-0000282,1212.4,317.3,4,1
2025-08-01T09:24:00Z,WriteSensor,LS-0000283,1260.5,315.5,4,1
2025-08-01T09:26:00Z,WriteSensor,LS-0000284,1282.6,354.4,4,1
2025-08-01T09:28:00Z,WriteSensor,LS-0000285,1148.3,348.0,4,1
2025-08-01T09:30:00Z,WriteSensor,LS-0000286,1287.7,318.7,4,1
2025-08-01T09:32:00Z,WriteSensor,LS-0000287,1224.6,310.9,4,1
2025-08-01T09:34:00Z,WriteSensor,LS-0000288,1282.9,285.5,4,1
2025-08-01T09:36:00Z,WriteSensor,LS-0000289,1267.5,319.2,4,1
2025-08-01T09:38:00Z,WriteSensor,LS-0000290,1197.8,340.0,4,1
2025-08-01T09:40:00Z,WriteSensor,LS-0000291,1265.7,303.8,4,1
2025-08-01T09:42:00Z,WriteSensor,LS-0000292,1336.8,381.1,4,1
2025-08-01T09:44:00Z,WriteSensor,LS-0000293,1303.1,351.9,4,1
2025-08-01T09:46:00Z,WriteSensor,LS-0000294,1240.6,283.1,4,1
2025-08-01T09:48:00Z,WriteSensor,LS-0000295,1302.1,337.2,4,1
2025-08-01T09:50:00Z,WriteSensor,LS-0000296,1205.4,318.2,4,1
2025-08-01T09:52:00Z,WriteSensor,LS-0000297,1257.5,257.5,4,1
2025-08-01T09:54:00Z,WriteSensor,LS-0000298,1217.4,309.0,4,1
2025-08-01T09:56:00Z,WriteSensor,LS-0000299,1182.1,314.8,4,1
2025-08-01T09:58:00Z,WriteSensor,LS-0000300,1305.0,256.7,4,1
2025-08-01T10:00:00Z,WriteSensor,LS-0000301,1217.4,319.9,4,1
2025-08-01T10:02:00Z,WriteSensor,LS-0000302,1281.7,342.9,4,1
2025-08-01T10:04:00Z,WriteSensor,LS-0000303,1276.6,318.1,4,1
2025-08-01T10:06:00Z,WriteSensor,LS-0000304,1234.9,323.7,4,1
2025-08-01T10:08:00Z,WriteSensor,LS-0000305,1208.8,342.8,4,1
2025-08-01T10:10:00Z,WriteSensor,LS-0000306,1193.8,282.3,4,1
2025-08-01T10:12:00Z,WriteSensor,LS-0000307,1287.8,322.2,4,1
2025-08-01T10:14:00Z,WriteSensor,LS-0000308,1264.0,284.7,4,1
2025-08-01T10:16:00Z,WriteSensor,LS-0000309,1259.8,316.3,4,1
2025-08-01T10:18:00Z,WriteSensor,LS-0000310,1215.1,320.7,4,1
2025-08-01T10:20:00Z,WriteSensor,LS-0000311,1263.7,280.0,4,1
2025-08-01T10:22:00Z,WriteSensor,LS-0000312,1179.5,297.9,4,1
2025-08-01T10:24:00Z,WriteSensor,LS-0000313,1146.2,343.0,4,1
2025-08-01T10:26:00Z,WriteSensor,LS-0000314,1228.0,275.1,4,1
2025-08-01T10:28:00Z,WriteSensor,LS-0000315,1198.1,302.0,4,1
2025-08-01T10:30:00Z,WriteSensor,LS-0000316,1326.1,299.9,4,1
2025-08-01T10:32:00Z,WriteSensor,LS-0000317,1240.1,286.4,4,1
2025-08-01T10:34:00Z,WriteSensor,LS-0000318,1300.6,353.6,4,1
2025-08-01T10:36:00Z,WriteSensor,LS-0000319,1125.1,323.5,4,1
2025-08-01T10:38:00Z,WriteSensor,LS-0000320,1258.5,291.1,4,1
2025-08-01T10:40:00Z,WriteSensor,LS-0000321,1231.6,310.1,4,1
2025-08-01T10:42:00Z,WriteSensor,LS-0000322,1304.8,304.6,4,1
2025-08-01T10:44:00Z,WriteSensor,LS-0000323,1197.3,339.8,4,1
2025-08-01T10:46:00Z,WriteSensor,LS-0000324,1233.6,317.7,4,1
2025-08-01T10:48:00Z,WriteSensor,LS-0000325,1265.9,325.8,4,1
2025-08-01T10:50:00Z,WriteSensor,LS-0000326,1207.4,326.4,4,1
2025-08-01T10:52:00Z,WriteSensor,LS-0000327,1196.5,285.2,4,1
2025-08-01T10:54:00Z,WriteSensor,LS-0000328,1132.8,372.5,4,1
2025-08-01T10:56:00Z,WriteSensor,LS-0000329,1304.1,376.2,4,1
2025-08-01T10:58:00Z,WriteSensor,LS-0000330,1307.9,324.0,4,1
2025-08-01T11:00:00Z,WriteSensor,LS-0000331,1272.1,296.5,4,1
2025-08-01T11:02:00Z,WriteSensor,LS-0000332,1319.8,351.8,4,1
2025-08-01T11:04:00Z,WriteSensor,LS-0000333,1331.7,322.0,4,1
2025-08-01T11:06:00Z,WriteSensor,LS-0000334,1191.6,280.6,4,1
2025-08-01T11:08:00Z,WriteSensor,LS-0000335,1084.7,311.0,4,1
2025-08-01T11:10:00Z,WriteSensor,LS-0000336,1170.7,291.8,4,1
2025-08-01T11:12:00Z,WriteSensor,LS-0000337,1257.7,315.7,4,1
2025-08-01T11:14:00Z,WriteSensor,LS-0000338,1247.4,321.5,4,1
2025-08-01T11:16:00Z,WriteSensor,LS-0000339,1227.1,313.6,4,1
2025-08-01T11:18:00Z,WriteSensor,LS-0000340,1270.9,341.7,4,1
2025-08-01T11:20:00Z,WriteSensor,LS-0000341,1141.5,272.3,4,1
2025-08-01T11:22:00Z,WriteSensor,LS-0000342,1370.2,326.8,4,1
2025-08-01T11:24:00Z,WriteSensor,LS-0000343,1324.3,355.1,4,1
2025-08-01T11:26:00Z,WriteSensor,LS-0000344,1160.3,349.6,4,1
2025-08-01T11:28:00Z,WriteSensor,LS-0000345,1259.9,315.7,4,1
2025-08-01T11:30:00Z,WriteSensor,LS-0000346,1337.4,330.7,4,1
2025-08-01T11:32:00Z,WriteSensor,LS-0000347,1265.4,345.4,4,1
2025-08-01T11:34:00Z,WriteSensor,LS-0000348,1173.7,313.6,4,1
2025-08-01T11:36:00Z,WriteSensor,LS-0000349,1306.1,328.0,4,1
2025-08-01T11:38:00Z,WriteSensor,LS-0000350,1263.5,275.8,4,1
2025-08-01T11:40:00Z,WriteSensor,LS-0000351,1260.1,318.7,4,1
2025-08-01T11:42:00Z,WriteSensor,LS-0000352,1157.9,348.0,4,1
2025-08-01T11:44:00Z,WriteSensor,LS-0000353,1330.2,339.7,4,1
2025-08-01T11:46:00Z,WriteSensor,LS-0000354,1314.3,308.6,4,1
2025-08-01T11:48:00Z,WriteSensor,LS-0000355,1187.9,286.3,4,1
2025-08-01T11:50:00Z,WriteSensor,LS-0000356,1281.2,316.4,4,1
2025-08-01T11:52:00Z,WriteSensor,LS-0000357,1274.3,342.1,4,1
2025-08-01T11:54:00Z,WriteSensor,LS-0000358,1271.2,334.2,4,1
2025-08-01T11:56:00Z,WriteSensor,LS-0000359,1273.5,324.3,4,1
2025-08-01T11:58:00Z,WriteSensor,LS-0000360,1162.0,362.4,4,1
2025-08-01T12:00:00Z,WriteSensor,LS-0000361,1265.1,333.0,4,1
2025-08-01T12:02:00Z,WriteSensor,LS-0000362,1141.2,315.1,4,1
2025-08-01T12:04:00Z,WriteSensor,LS-0000363,1262.9,301.1,4,1
2025-08-01T12:06:00Z,WriteSensor,LS-0000364,1300.4,303.2,4,1
2025-08-01T12:08:00Z,WriteSensor,LS-0000365,1286.5,322.0,4,1
2025-08-01T12:10:00Z,WriteSensor,LS-0000366,1181.3,295.7,4,1
2025-08-01T12:12:00Z,WriteSensor,LS-0000367,1096.2,336.8,4,1
2025-08-01T12:14:00Z,WriteSensor,LS-0000368,1295.1,307.8,4,1
2025-08-01T12:16:00Z,WriteSensor,LS-0000369,1238.0,301.8,4,1
2025-08-01T12:18:00Z,WriteSensor,LS-0000370,1262.8,348.0,4,1
2025-08-01T12:20:00Z,WriteSensor,LS-0000371,1244.4,299.6,4,1
2025-08-01T12:22:00Z,WriteSensor,LS-0000372,1225.9,340.4,4,1
2025-08-01T12:24:00Z,WriteSensor,LS-0000373,1214.4,329.0,4,1
2025-08-01T12:26:00Z,WriteSensor,LS-0000374,1225.9,326.7,4,1
2025-08-01T12:28:00Z,WriteSensor,LS-0000375,1270.6,305.9,4,1
2025-08-01T12:30:00Z,WriteSensor,LS-0000376,1270.9,339.9,4,1
2025-08-01T12:32:00Z,WriteSensor,LS-0000377,1206.0,319.5,4,1
2025-08-01T12:34:00Z,WriteSensor,LS-0000378,1195.3,348.7,4,1
2025-08-01T12:36:00Z,WriteSensor,LS-0000379,1216.2,382.3,4,1
2025-08-01T12:38:00Z,WriteSensor,LS-0000380,1305.8,312.4,4,1
2025-08-01T12:40:00Z,WriteSensor,LS-0000381,1247.9,293.0,4,1
2025-08-01T12:42:00Z,WriteSensor,LS-0000382,1319.9,320.7,4,1
2025-08-01T12:44:00Z,WriteSensor,LS-0000383,1299.3,322.5,4,1
2025-08-01T12:46:00Z,WriteSensor,LS-0000384,1336.7,330.6,4,1
2025-08-01T12:48:00Z,WriteSensor,LS-0000385,1318.1,359.4,4,1
2025-08-01T12:50:00Z,WriteSensor,LS-0000386,1233.6,271.5,4,1
2025-08-01T12:52:00Z,WriteSensor,LS-0000387,1261.9,334.6,4,1
2025-08-01T12:54:00Z,WriteSensor,LS-0000388,1315.1,340.4,4,1
2025-08-01T12:56:00Z,WriteSensor,LS-0000389,1288.9,282.9,4,1
2025-08-01T12:58:00Z,WriteSensor,LS-0000390,1212.1,353.2,4,1
2025-08-01T13:00:00Z,WriteSensor,LS-0000391,1292.8,323.9,4,1
2025-08-01T13:02:00Z,WriteSensor,LS-0000392,1204.0,340.5,4,1
2025-08-01T13:04:00Z,WriteSensor,LS-0000393,1379.1,332.9,4,1
2025-08-01T13:06:00Z,WriteSensor,LS-0000394,1220.9,336.1,4,1
2025-08-01T13:08:00Z,WriteSensor,LS-0000395,1270.6,344.7,4,1
2025-08-01T13:10:00Z,WriteSensor,LS-0000396,1215.3,372.6,4,1
2025-08-01T13:12:00Z,WriteSensor,LS-0000397,1221.4,326.5,4,1
2025-08-01T13:14:00Z,WriteSensor,LS-0000398,1321.6,316.6,4,1
2025-08-01T13:16:00Z,WriteSensor,LS-0000399,1298.1,261.7,4,1
2025-08-01T13:18:00Z,WriteSensor,LS-0000400,1320.9,326.9,4,1
2025-08-01T13:20:00Z,WriteSensor,LS-0000401,1252.2,311.0,4,1
2025-08-01T13:22:00Z,WriteSensor,LS-0000402,1231.9,335.7,4,1
2025-08-01T13:24:00Z,WriteSensor,LS-0000403,1267.2,321.5,4,1
2025-08-01T13:26:00Z,WriteSensor,LS-0000404,1226.0,306.1,4,1
2025-08-01T13:28:00Z,WriteSensor,LS-0000405,1340.3,311.6,4,1
2025-08-01T13:30:00Z,WriteSensor,LS-0000406,1255.0,350.2,4,1
2025-08-01T13:32:00Z,WriteSensor,LS-0000407,1320.4,301.3,4,1
2025-08-01T13:34:00Z,WriteSensor,LS-0000408,1249.7,309.9,4,1
2025-08-01T13:36:00Z,WriteSensor,LS-0000409,1138.2,341.6,4,1
2025-08-01T13:38:00Z,WriteSensor,LS-0000410,1215.8,322.2,4,1
2025-08-01T13:40:00Z,WriteSensor,LS-0000411,1210.2,332.7,4,1
2025-08-01T13:42:00Z,WriteSensor,LS-0000412,1220.1,338.5,4,1
2025-08-01T13:44:00Z,WriteSensor,LS-0000413,1272.4,328.4,4,1
2025-08-01T13:46:00Z,WriteSensor,LS-0000414,1228.8,330.1,4,1
2025-08-01T13:48:00Z,WriteSensor,LS-0000415,1234.4,277.4,4,1
2025-08-01T13:50:00Z,WriteSensor,LS-0000416,1262.3,308.2,4,1
2025-08-01T13:52:00Z,WriteSensor,LS-0000417,1235.6,290.3,4,1
2025-08-01T13:54:00Z,WriteSensor,LS-0000418,1218.1,347.6,4,1
2025-08-01T13:56:00Z,WriteSensor,LS-0000419,1140.9,285.7,4,1
2025-08-01T13:58:00Z,WriteSensor,LS-0000420,1282.8,340.1,4,1
2025-08-01T14:00:00Z,WriteSensor,LS-0000421,1270.5,341.4,4,1
2025-08-01T14:02:00Z,WriteSensor,LS-0000422,1161.6,341.8,4,1
2025-08-01T14:04:00Z,WriteSensor,LS-0000423,1281.5,287.2,4,1
2025-08-01T14:06:00Z,WriteSensor,LS-0000424,1208.5,330.0,4,1
2025-08-01T14:08:00Z,WriteSensor,LS-0000425,1286.3,311.7,4,1
2025-08-01T14:10:00Z,WriteSensor,LS-0000426,1290.1,298.9,4,1
2025-08-01T14:12:00Z,WriteSensor,LS-0000427,1186.6,323.8,4,1
2025-08-01T14:14:00Z,WriteSensor,LS-0000428,1245.8,321.8,4,1
2025-08-01T14:16:00Z,WriteSensor,LS-0000429,1203.7,392.9,4,1
2025-08-01T14:18:00Z,WriteSensor,LS-0000430,1284.2,376.4,4,1
2025-08-01T14:20:00Z,WriteSensor,LS-0000431,1283.8,283.5,4,1
2025-08-01T14:22:00Z,WriteSensor,LS-0000432,1146.4,272.9,4,1
2025-08-01T14:24:00Z,WriteSensor,LS-0000433,1191.2,350.4,4,1
2025-08-01T14:26:00Z,WriteSensor,LS-0000434,1249.0,312.1,4,1
2025-08-01T14:28:00Z,WriteSensor,LS-0000435,1272.6,317.5,4,1
2025-08-01T14:30:00Z,WriteSensor,LS-0000436,1310.2,342.9,4,1
2025-08-01T14:32:00Z,WriteSensor,LS-0000437,1359.0,317.3,4,1
2025-08-01T14:34:00Z,WriteSensor,LS-0000438,1170.0,318.3,4,1
2025-08-01T14:36:00Z,WriteSensor,LS-0000439,1270.3,331.7,4,1
2025-08-01T14:38:00Z,WriteSensor,LS-0000440,1234.6,321.1,4,1
2025-08-01T14:40:00Z,WriteSensor,LS-0000441,1360.4,291.1,4,1
2025-08-01T14:42:00Z,WriteSensor,LS-0000442,1270.6,322.2,4,1
2025-08-01T14:44:00Z,WriteSensor,LS-0000443,1200.0,334.1,4,1
2025-08-01T14:46:00Z,WriteSensor,LS-0000444,1235.2,350.4,4,1
2025-08-01T14:48:00Z,WriteSensor,LS-0000445,1250.0,294.7,4,1
2025-08-01T14:50:00Z,WriteSensor,LS-0000446,1155.9,311.5,4,1
2025-08-01T14:52:00Z,WriteSensor,LS-0000447,1269.6,371.3,4,1
2025-08-01T14:54:00Z,WriteSensor,LS-0000448,1296.4,328.7,4,1
2025-08-01T14:56:00Z,WriteSensor,LS-0000449,1336.5,306.6,4,1
2025-08-01T14:58:00Z,WriteSensor,LS-0000450,1173.4,267.9,4,1
2025-08-01T15:00:00Z,WriteSensor,LS-0000451,1188.6,343.3,4,1
2025-08-01T15:02:00Z,WriteSensor,LS-0000452,1286.3,353.6,4,1
2025-08-01T15:04:00Z,WriteSensor,LS-0000453,1222.4,316.4,4,1
2025-08-01T15:06:00Z,WriteSensor,LS-0000454,1239.3,267.3,4,1
2025-08-01T15:08:00Z,WriteSensor,LS-0000455,1180.2,341.5,4,1
2025-08-01T15:10:00Z,WriteSensor,LS-0000456,1234.5,328.6,4,1
2025-08-01T15:12:00Z,WriteSensor,LS-0000457,1298.8,279.6,4,1
2025-08-01T15:14:00Z,WriteSensor,LS-0000458,1233.9,310.9,4,1
2025-08-01T15:16:00Z,WriteSensor,LS-0000459,1305.9,337.8,4,1
2025-08-01T15:18:00Z,WriteSensor,LS-0000460,1189.2,338.1,4,1
2025-08-01T15:20:00Z,WriteSensor,LS-0000461,1257.8,334.3,4,1
2025-08-01T15:22:00Z,WriteSensor,LS-0000462,1189.6,322.8,4,1
2025-08-01T15:24:00Z,WriteSensor,LS-0000463,1272.3,353.9,4,1
2025-08-01T15:26:00Z,WriteSensor,LS-0000464,1275.8,332.0,4,1
2025-08-01T15:28:00Z,WriteSensor,LS-0000465,1234.8,332.5,4,1
2025-08-01T15:30:00Z,WriteSensor,LS-0000466,1296.8,254.4,4,1
2025-08-01T15:32:00Z,WriteSensor,LS-0000467,1259.0,331.9,4,1
2025-08-01T15:34:00Z,WriteSensor,LS-0000468,1334.7,281.1,4,1
2025-08-01T15:36:00Z,WriteSensor,LS-0000469,1301.7,346.9,4,1
2025-08-01T15:38:00Z,WriteSensor,LS-0000470,1279.5,319.2,4,1
2025-08-01T15:40:00Z,WriteSensor,LS-0000471,1293.3,335.1,4,1
2025-08-01T15:42:00Z,WriteSensor,LS-0000472,1321.0,306.6,4,1
2025-08-01T15:44:00Z,WriteSensor,LS-0000473,1221.2,333.8,4,1
2025-08-01T15:46:00Z,WriteSensor,LS-0000474,1252.2,350.0,4,1
2025-08-01T15:48:00Z,WriteSensor,LS-0000475,1268.5,298.4,4,1
2025-08-01T15:50:00Z,WriteSensor,LS-0000476,1161.3,323.9,4,1
2025-08-01T15:52:00Z,WriteSensor,LS-0000477,1268.5,347.8,4,1
2025-08-01T15:54:00Z,WriteSensor,LS-0000478,1178.2,331.8,4,1
2025-08-01T15:56:00Z,WriteSensor,LS-0000479,1317.6,306.8,4,1
2025-08-01T15:58:00Z,WriteSensor,LS-0000480,1301.4,342.4,4,1
2025-08-01T16:00:00Z,WriteSensor,LS-0000481,1319.6,330.1,4,1
2025-08-01T16:02:00Z,WriteSensor,LS-0000482,1149.9,363.1,4,1
2025-08-01T16:04:00Z,WriteSensor,LS-0000483,1180.3,331.4,4,1
2025-08-01T16:06:00Z,WriteSensor,LS-0000484,1324.1,313.8,4,1
2025-08-01T16:08:00Z,WriteSensor,LS-0000485,1246.7,290.4,4,1
2025-08-01T16:10:00Z,WriteSensor,LS-0000486,1246.4,342.9,4,1
2025-08-01T16:12:00Z,WriteSensor,LS-0000487,1270.8,308.3,4,1
2025-08-01T16:14:00Z,WriteSensor,LS-0000488,1289.0,352.6,4,1
2025-08-01T16:16:00Z,WriteSensor,LS-0000489,1246.3,312.2,4,1
2025-08-01T16:18:00Z,WriteSensor,LS-0000490,1164.1,357.5,4,1
2025-08-01T16:20:00Z,WriteSensor,LS-0000491,1197.2,309.3,4,1
2025-08-01T16:22:00Z,WriteSensor,LS-0000492,1125.9,311.9,4,1
2025-08-01T16:24:00Z,WriteSensor,LS-0000493,1188.9,317.0,4,1
2025-08-01T16:26:00Z,WriteSensor,LS-0000494,1183.9,334.2,4,1
2025-08-01T16:28:00Z,WriteSensor,LS-0000495,1370.6,335.1,4,1
2025-08-01T16:30:00Z,WriteSensor,LS-0000496,1228.6,345.3,4,1
2025-08-01T16:32:00Z,WriteSensor,LS-0000497,1244.7,310.0,4,1
2025-08-01T16:34:00Z,WriteSensor,LS-0000498,1279.4,335.0,4,1
2025-08-01T16:36:00Z,WriteSensor,LS-0000499,1231.0,303.6,4,1
2025-08-01T16:38:00Z,WriteSensor,LS-0000500,1190.2,331.9,4,1
2025-08-01T00:00:00Z,WriteSensor,LS-0000501,1358.6,308.4,4,50
2025-08-01T00:02:00Z,WriteSensor,LS-0000502,1264.9,258.6,4,50
2025-08-01T00:04:00Z,WriteSensor,LS-0000503,1166.6,333.2,4,50
2025-08-01T00:06:00Z,WriteSensor,LS-0000504,1126.4,320.4,4,50
2025-08-01T00:08:00Z,WriteSensor,LS-0000505,1167.4,307.0,4,50
2025-08-01T00:10:00Z,WriteSensor,LS-0000506,1247.5,311.3,4,50
2025-08-01T00:12:00Z,WriteSensor,LS-0000507,1274.6,290.3,4,50
2025-08-01T00:14:00Z,WriteSensor,LS-0000508,1235.4,295.0,4,50
2025-08-01T00:16:00Z,WriteSensor,LS-0000509,1247.8,307.3,4,50
2025-08-01T00:18:00Z,WriteSensor,LS-0000510,1230.5,330.8,4,50
2025-08-01T00:20:00Z,WriteSensor,LS-0000511,1195.0,367.5,4,50
2025-08-01T00:22:00Z,WriteSensor,LS-0000512,1394.2,320.6,4,50
2025-08-01T00:24:00Z,WriteSensor,LS-0000513,1258.9,323.7,4,50
2025-08-01T00:26:00Z,WriteSensor,LS-0000514,1211.0,338.8,4,50
2025-08-01T00:28:00Z,WriteSensor,LS-0000515,1132.2,294.5,4,50
2025-08-01T00:30:00Z,WriteSensor,LS-0000516,1173.8,296.9,4,50
2025-08-01T00:32:00Z,WriteSensor,LS-0000517,1147.3,311.8,4,50
2025-08-01T00:34:00Z,WriteSensor,LS-0000518,1251.9,327.3,4,50
2025-08-01T00:36:00Z,WriteSensor,LS-0000519,1177.5,330.6,4,50
2025-08-01T00:38:00Z,WriteSensor,LS-0000520,1152.0,297.7,4,50
2025-08-01T00:40:00Z,WriteSensor,LS-0000521,1140.9,303.5,4,50
2025-08-01T00:42:00Z,WriteSensor,LS-0000522,1249.0,346.3,4,50
2025-08-01T00:44:00Z,WriteSensor,LS-0000523,1289.5,347.2,4,50
2025-08-01T00:46:00Z,WriteSensor,LS-0000524,1229.4,290.3,4,50
2025-08-01T00:48:00Z,WriteSensor,LS-0000525,1255.4,330.9,4,50
2025-08-01T00:50:00Z,WriteSensor,LS-0000526,1212.9,288.8,4,50
2025-08-01T00:52:00Z,WriteSensor,LS-0000527,1096.9,298.7,4,50
2025-08-01T00:54:00Z,WriteSensor,LS-0000528,1230.0,270.6,4,50
2025-08-01T00:56:00Z,WriteSensor,LS-0000529,1239.8,344.1,4,50
2025-08-01T00:58:00Z,WriteSensor,LS-0000530,1240.6,292.6,4,50
2025-08-01T01:00:00Z,WriteSensor,LS-0000531,1252.2,321.3,4,50
2025-08-01T01:02:00Z,WriteSensor,LS-0000532,1200.8,280.8,4,50
2025-08-01T01:04:00Z,WriteSensor,LS-0000533,1252.3,316.7,4,50
2025-08-01T01:06:00Z,WriteSensor,LS-0000534,1159.5,305.4,4,50
2025-08-01T01:08:00Z,WriteSensor,LS-0000535,1249.6,290.6,4,50
2025-08-01T01:10:00Z,WriteSensor,LS-0000536,1115.5,281.4,4,50
2025-08-01T01:12:00Z,WriteSensor,LS-0000537,1236.8,309.5,4,50
2025-08-01T01:14:00Z,WriteSensor,LS-0000538,1187.4,334.0,4,50
2025-08-01T01:16:00Z,WriteSensor,LS-0000539,1210.8,327.8,4,50
2025-08-01T01:18:00Z,WriteSensor,LS-0000540,1360.3,347.2,4,50
2025-08-01T01:20:00Z,WriteSensor,LS-0000541,1341.1,310.1,4,50
2025-08-01T01:22:00Z,WriteSensor,LS-0000542,1153.6,328.1,4,50
2025-08-01T01:24:00Z,WriteSensor,LS-0000543,1152.5,361.6,4,50
2025-08-01T01:26:00Z,WriteSensor,LS-0000544,1160.2,309.7,4,50
2025-08-01T01:28:00Z,WriteSensor,LS-0000545,1190.9,305.3,4,50
2025-08-01T01:30:00Z,WriteSensor,LS-0000546,1223.4,287.5,4,50
2025-08-01T01:32:00Z,WriteSensor,LS-0000547,1272.6,311.6,4,50
2025-08-01T01:34:00Z,WriteSensor,LS-0000548,1197.1,292.8,4,50
2025-08-01T01:36:00Z,WriteSensor,LS-0000549,1376.5,341.0,4,50
2025-08-01T01:38:00Z,WriteSensor,LS-0000550,1098.0,286.5,4,50
2025-08-01T01:40:00Z,WriteSensor,LS-0000551,1225.7,338.2,4,50
2025-08-01T01:42:00Z,WriteSensor,LS-0000552,1270.3,329.6,4,50
2025-08-01T01:44:00Z,WriteSensor,LS-0000553,1276.5,314.6,4,50
2025-08-01T01:46:00Z,WriteSensor,LS-0000554,1123.2,368.0,4,50
2025-08-01T01:48:00Z,WriteSensor,LS-0000555,1268.8,307.4,4,50
2025-08-01T01:50:00Z,WriteSensor,LS-0000556,1182.4,334.2,4,50
2025-08-01T01:52:00Z,WriteSensor,LS-0000557,1137.6,290.6,4,50
2025-08-01T01:54:00Z,WriteSensor,LS-0000558,1191.3,302.5,4,50
2025-08-01T01:56:00Z,WriteSensor,LS-0000559,1314.4,322.4,4,50
2025-08-01T01:58:00Z,WriteSensor,LS-0000560,1134.6,320.3,4,50
2025-08-01T02:00:00Z,WriteSensor,LS-0000561,1248.9,316.5,4,50
2025-08-01T02:02:00Z,WriteSensor,LS-0000562,1234.5,328.5,4,50
2025-08-01T02:04:00Z,WriteSensor,LS-0000563,1110.2,310.6,4,50
2025-08-01T02:06:00Z,WriteSensor,LS-0000564,1313.5,314.5,4,50
2025-08-01T02:08:00Z,WriteSensor,LS-0000565,1332.5,348.5,4,50
2025-08-01T02:10:00Z,WriteSensor,LS-0000566,1153.3,340.6,4,50
2025-08-01T02:12:00Z,WriteSensor,LS-0000567,1130.9,299.9,4,50
2025-08-01T02:14:00Z,WriteSensor,LS-0000568,1228.0,313.6,4,50
2025-08-01T02:16:00Z,WriteSensor,LS-0000569,1195.9,310.5,4,50
2025-08-01T02:18:00Z,WriteSensor,LS-0000570,1109.1,364.3,4,50
2025-08-01T02:20:00Z,WriteSensor,LS-0000571,1223.1,312.7,4,50
2025-08-01T02:22:00Z,WriteSensor,LS-0000572,1211.0,339.8,4,50
2025-08-01T02:24:00Z,WriteSensor,LS-0000573,1132.9,373.8,4,50
2025-08-01T02:26:00Z,WriteSensor,LS-0000574,1259.7,322.2,4,50
2025-08-01T02:28:00Z,WriteSensor,LS-0000575,1238.8,315.9,4,50
2025-08-01T02:30:00Z,WriteSensor,LS-0000576,1127.5,297.8,4,50
2025-08-01T02:32:00Z,WriteSensor,LS-0000577,1085.9,303.2,4,50
2025-08-01T02:34:00Z,WriteSensor,LS-0000578,1338.1,339.9,4,50
2025-08-01T02:36:00Z,WriteSensor,LS-0000579,1222.8,283.8,4,50
2025-08-01T02:38:00Z,WriteSensor,LS-0000580,1275.5,289.3,4,50
2025-08-01T02:40:00Z,WriteSensor,LS-0000581,1163.2,331.1,4,50
2025-08-01T02:42:00Z,WriteSensor,LS-0000582,1221.7,327.2,4,50
2025-08-01T02:44:00Z,WriteSensor,LS-0000583,1258.5,339.3,4,50
2025-08-01T02:46:00Z,WriteSensor,LS-0000584,1193.8,303.2,4,50
2025-08-01T02:48:00Z,WriteSensor,LS-0000585,1301.9,320.0,4,50
2025-08-01T02:50:00Z,WriteSensor,LS-0000586,1193.0,306.2,4,50
2025-08-01T02:52:00Z,WriteSensor,LS-0000587,1284.2,325.0,4,50
2025-08-01T02:54:00Z,WriteSensor,LS-0000588,1222.6,290.0,4,50
2025-08-01T02:56:00Z,WriteSensor,LS-0000589,1311.3,340.4,4,50
2025-08-01T02:58:00Z,WriteSensor,LS-0000590,1261.2,297.1,4,50
2025-08-01T03:00:00Z,WriteSensor,LS-0000591,1156.3,359.8,4,50
2025-08-01T03:02:00Z,WriteSensor,LS-0000592,1258.9,322.7,4,50
2025-08-01T03:04:00Z,WriteSensor,LS-0000593,1196.2,315.6,4,50
2025-08-01T03:06:00Z,WriteSensor,LS-0000594,1116.7,298.1,4,50
2025-08-01T03:08:00Z,WriteSensor,LS-0000595,1251.8,302.1,4,50
2025-08-01T03:10:00Z,WriteSensor,LS-0000596,1281.4,345.1,4,50
2025-08-01T03:12:00Z,WriteSensor,LS-0000597,1176.9,304.1,4,50
2025-08-01T03:14:00Z,WriteSensor,LS-0000598,1151.7,320.5,4,50
2025-08-01T03:16:00Z,WriteSensor,LS-0000599,1087.8,300.1,4,50
2025-08-01T03:18:00Z,WriteSensor,LS-0000600,1133.9,308.2,4,50
2025-08-01T03:20:00Z,WriteSensor,LS-0000601,1196.6,320.7,4,50
2025-08-01T03:22:00Z,WriteSensor,LS-0000602,1209.8,293.9,4,50
2025-08-01T03:24:00Z,WriteSensor,LS-0000603,1285.0,340.6,4,50
2025-08-01T03:26:00Z,WriteSensor,LS-0000604,1183.0,348.0,4,50
2025-08-01T03:28:00Z,WriteSensor,LS-0000605,1289.2,303.9,4,50
2025-08-01T03:30:00Z,WriteSensor,LS-0000606,1233.8,331.3,4,50
2025-08-01T03:32:00Z,WriteSensor,LS-0000607,1277.6,317.2,4,50
2025-08-01T03:34:00Z,WriteSensor,LS-0000608,1196.5,279.3,4,50
2025-08-01T03:36:00Z,WriteSensor,LS-0000609,1244.2,280.4,4,50
2025-08-01T03:38:00Z,WriteSensor,LS-0000610,1269.3,343.9,4,50
2025-08-01T03:40:00Z,WriteSensor,LS-0000611,1359.0,335.4,4,50
2025-08-01T03:42:00Z,WriteSensor,LS-0000612,1236.5,335.1,4,50
2025-08-01T03:44:00Z,WriteSensor,LS-0000613,1272.6,324.0,4,50
2025-08-01T03:46:00Z,WriteSensor,LS-0000614,1151.5,342.9,4,50
2025-08-01T03:48:00Z,WriteSensor,LS-0000615,1149.8,322.7,4,50
2025-08-01T03:50:00Z,WriteSensor,LS-0000616,1247.2,314.1,4,50
2025-08-01T03:52:00Z,WriteSensor,LS-0000617,1269.5,317.6,4,50
2025-08-01T03:54:00Z,WriteSensor,LS-0000618,1184.4,299.3,4,50
2025-08-01T03:56:00Z,WriteSensor,LS-0000619,1293.5,332.9,4,50
2025-08-01T03:58:00Z,WriteSensor,LS-0000620,1207.1,333.8,4,50
2025-08-01T04:00:00Z,WriteSensor,LS-0000621,1339.4,312.8,4,50
2025-08-01T04:02:00Z,WriteSensor,LS-0000622,1082.3,306.3,4,50
2025-08-01T04:04:00Z,WriteSensor,LS-0000623,1193.6,288.6,4,50
2025-08-01T04:06:00Z,WriteSensor,LS-0000624,1234.3,296.7,4,50
2025-08-01T04:08:00Z,WriteSensor,LS-0000625,1230.3,315.1,4,50
2025-08-01T04:10:00Z,WriteSensor,LS-0000626,1248.7,262.9,4,50
2025-08-01T04:12:00Z,WriteSensor,LS-0000627,1265.2,351.9,4,50
2025-08-01T04:14:00Z,WriteSensor,LS-0000628,1216.5,316.8,4,50
2025-08-01T04:16:00Z,WriteSensor,LS-0000629,1259.4,326.6,4,50
2025-08-01T04:18:00Z,WriteSensor,LS-0000630,1234.2,330.5,4,50
2025-08-01T04:20:00Z,WriteSensor,LS-0000631,1272.7,299.6,4,50
2025-08-01T04:22:00Z,WriteSensor,LS-0000632,1236.3,317.2,4,50
2025-08-01T04:24:00Z,WriteSensor,LS-0000633,1303.9,303.0,4,50
2025-08-01T04:26:00Z,WriteSensor,LS-0000634,1156.2,287.9,4,50
2025-08-01T04:28:00Z,WriteSensor,LS-0000635,1252.3,354.1,4,50
2025-08-01T04:30:00Z,WriteSensor,LS-0000636,1205.8,316.3,4,50
2025-08-01T04:32:00Z,WriteSensor,LS-0000637,1248.6,314.2,4,50
2025-08-01T04:34:00Z,WriteSensor,LS-0000638,1256.3,321.1,4,50
2025-08-01T04:36:00Z,WriteSensor,LS-0000639,1244.6,341.0,4,50
2025-08-01T04:38:00Z,WriteSensor,LS-0000640,1170.1,306.6,4,50
2025-08-01T04:40:00Z,WriteSensor,LS-0000641,1230.2,286.2,4,50
2025-08-01T04:42:00Z,WriteSensor,LS-0000642,1202.1,301.9,4,50
2025-08-01T04:44:00Z,WriteSensor,LS-0000643,1271.3,301.3,4,50
2025-08-01T04:46:00Z,WriteSensor,LS-0000644,1173.2,355.2,4,50
2025-08-01T04:48:00Z,WriteSensor,LS-0000645,1176.7,299.1,4,50
2025-08-01T04:50:00Z,WriteSensor,LS-0000646,1138.6,355.8,4,50
2025-08-01T04:52:00Z,WriteSensor,LS-0000647,1264.4,314.2,4,50
2025-08-01T04:54:00Z,WriteSensor,LS-0000648,1263.6,277.6,4,50
2025-08-01T04:56:00Z,WriteSensor,LS-0000649,1292.9,324.0,4,50
2025-08-01T04:58:00Z,WriteSensor,LS-0000650,1161.6,315.8,4,50
2025-08-01T05:00:00Z,WriteSensor,LS-0000651,1212.6,330.9,4,50
2025-08-01T05:02:00Z,WriteSensor,LS-0000652,1163.8,306.9,4,50
2025-08-01T05:04:00Z,WriteSensor,LS-0000653,1195.9,331.4,4,50
2025-08-01T05:06:00Z,WriteSensor,LS-0000654,1245.9,284.7,4,50
2025-08-01T05:08:00Z,WriteSensor,LS-0000655,1194.1,322.4,4,50
2025-08-01T05:10:00Z,WriteSensor,LS-0000656,1292.4,303.2,4,50
2025-08-01T05:12:00Z,WriteSensor,LS-0000657,1236.2,313.1,4,50
2025-08-01T05:14:00Z,WriteSensor,LS-0000658,1285.0,326.5,4,50
2025-08-01T05:16:00Z,WriteSensor,LS-0000659,1230.0,320.2,4,50
2025-08-01T05:18:00Z,WriteSensor,LS-0000660,1114.9,331.3,4,50
2025-08-01T05:20:00Z,WriteSensor,LS-0000661,1151.0,334.9,4,50
2025-08-01T05:22:00Z,WriteSensor,LS-0000662,1297.4,364.1,4,50
2025-08-01T05:24:00Z,WriteSensor,LS-0000663,1209.8,315.7,4,50
2025-08-01T05:26:00Z,WriteSensor,LS-0000664,1199.9,308.9,4,50
2025-08-01T05:28:00Z,WriteSensor,LS-0000665,1309.2,305.8,4,50
2025-08-01T05:30:00Z,WriteSensor,LS-0000666,1229.1,311.1,4,50
2025-08-01T05:32:00Z,WriteSensor,LS-0000667,1150.2,314.2,4,50
2025-08-01T05:34:00Z,WriteSensor,LS-0000668,1212.1,323.7,4,50
2025-08-01T05:36:00Z,WriteSensor,LS-0000669,1159.1,336.2,4,50
2025-08-01T05:38:00Z,WriteSensor,LS-0000670,1222.0,357.6,4,50
2025-08-01T05:40:00Z,WriteSensor,LS-0000671,1185.5,308.0,4,50
2025-08-01T05:42:00Z,WriteSensor,LS-0000672,1241.5,284.9,4,50
2025-08-01T05:44:00Z,WriteSensor,LS-0000673,1287.6,308.1,4,50
2025-08-01T05:46:00Z,WriteSensor,LS-0000674,1211.3,325.4,4,50
2025-08-01T05:48:00Z,WriteSensor,LS-0000675,1307.6,310.0,4,50
2025-08-01T05:50:00Z,WriteSensor,LS-0000676,1189.5,342.5,4,50
2025-08-01T05:52:00Z,WriteSensor,LS-0000677,1194.2,280.0,4,50
2025-08-01T05:54:00Z,WriteSensor,LS-0000678,1240.8,357.5,4,50
2025-08-01T05:56:00Z,WriteSensor,LS-0000679,1144.0,346.2,4,50
2025-08-01T05:58:00Z,WriteSensor,LS-0000680,1233.4,301.4,4,50
2025-08-01T06:00:00Z,WriteSensor,LS-0000681,1214.6,305.9,4,50
2025-08-01T06:02:00Z,WriteSensor,LS-0000682,1262.4,344.9,4,50
2025-08-01T06:04:00Z,WriteSensor,LS-0000683,1197.5,293.2,4,50
2025-08-01T06:06:00Z,WriteSensor,LS-0000684,1185.1,325.4,4,50
2025-08-01T06:08:00Z,WriteSensor,LS-0000685,1263.8,286.1,4,50
2025-08-01T06:10:00Z,WriteSensor,LS-0000686,1235.4,324.3,4,50
2025-08-01T06:12:00Z,WriteSensor,LS-0000687,1213.0,318.8,4,50
2025-08-01T06:14:00Z,WriteSensor,LS-0000688,1219.9,309.5,4,50
2025-08-01T06:16:00Z,WriteSensor,LS-0000689,1248.5,298.6,4,50
2025-08-01T06:18:00Z,WriteSensor,LS-0000690,1244.0,316.2,4,50
2025-08-01T06:20:00Z,WriteSensor,LS-0000691,1274.9,286.8,4,50
2025-08-01T06:22:00Z,WriteSensor,LS-0000692,1230.4,276.0,4,50
2025-08-01T06:24:00Z,WriteSensor,LS-0000693,1247.3,330.8,4,50
2025-08-01T06:26:00Z,WriteSensor,LS-0000694,1203.9,340.4,4,50
2025-08-01T06:28:00Z,WriteSensor,LS-0000695,1238.9,326.5,4,50
2025-08-01T06:30:00Z,WriteSensor,LS-0000696,1237.9,328.3,4,50
2025-08-01T06:32:00Z,WriteSensor,LS-0000697,1213.7,324.2,4,50
2025-08-01T06:34:00Z,WriteSensor,LS-0000698,1267.3,309.1,4,50
2025-08-01T06:36:00Z,WriteSensor,LS-0000699,1160.2,299.3,4,50
2025-08-01T06:38:00Z,WriteSensor,LS-0000700,1267.9,332.8,4,50
2025-08-01T06:40:00Z,WriteSensor,LS-0000701,1269.8,331.1,4,50
2025-08-01T06:42:00Z,WriteSensor,LS-0000702,1094.6,350.1,4,50
2025-08-01T06:44:00Z,WriteSensor,LS-0000703,1267.0,296.3,4,50
2025-08-01T06:46:00Z,WriteSensor,LS-0000704,1221.1,382.3,4,50
2025-08-01T06:48:00Z,WriteSensor,LS-0000705,1286.0,332.4,4,50
2025-08-01T06:50:00Z,WriteSensor,LS-0000706,1249.8,311.6,4,50
2025-08-01T06:52:00Z,WriteSensor,LS-0000707,1183.9,348.5,4,50
2025-08-01T06:54:00Z,WriteSensor,LS-0000708,1289.7,357.1,4,50
2025-08-01T06:56:00Z,WriteSensor,LS-0000709,1178.3,301.5,4,50
2025-08-01T06:58:00Z,WriteSensor,LS-0000710,1263.8,319.4,4,50
2025-08-01T07:00:00Z,WriteSensor,LS-0000711,1207.9,345.7,4,50
2025-08-01T07:02:00Z,WriteSensor,LS-0000712,1270.3,339.5,4,50
2025-08-01T07:04:00Z,WriteSensor,LS-0000713,1324.7,353.9,4,50
2025-08-01T07:06:00Z,WriteSensor,LS-0000714,1226.8,317.0,4,50
2025-08-01T07:08:00Z,WriteSensor,LS-0000715,1231.6,283.8,4,50
2025-08-01T07:10:00Z,WriteSensor,LS-0000716,1148.2,354.6,4,50
2025-08-01T07:12:00Z,WriteSensor,LS-0000717,1134.4,320.7,4,50
2025-08-01T07:14:00Z,WriteSensor,LS-0000718,1224.1,312.6,4,50
2025-08-01T07:16:00Z,WriteSensor,LS-0000719,1147.7,261.1,4,50
2025-08-01T07:18:00Z,WriteSensor,LS-0000720,1080.7,312.8,4,50
2025-08-01T07:20:00Z,WriteSensor,LS-0000721,1221.0,320.8,4,50
2025-08-01T07:22:00Z,WriteSensor,LS-0000722,1215.5,341.1,4,50
2025-08-01T07:24:00Z,WriteSensor,LS-0000723,1321.7,289.6,4,50
2025-08-01T07:26:00Z,WriteSensor,LS-0000724,1157.0,320.2,4,50
2025-08-01T07:28:00Z,WriteSensor,LS-0000725,1146.6,301.6,4,50
2025-08-01T07:30:00Z,WriteSensor,LS-0000726,1287.0,326.2,4,50
2025-08-01T07:32:00Z,WriteSensor,LS-0000727,1118.8,302.6,4,50
2025-08-01T07:34:00Z,WriteSensor,LS-0000728,1265.7,296.9,4,50
2025-08-01T07:36:00Z,WriteSensor,LS-0000729,1179.0,321.7,4,50
2025-08-01T07:38:00Z,WriteSensor,LS-0000730,1110.0,341.2,4,50
2025-08-01T07:40:00Z,WriteSensor,LS-0000731,1248.2,318.8,4,50
2025-08-01T07:42:00Z,WriteSensor,LS-0000732,1184.6,332.0,4,50
2025-08-01T07:44:00Z,WriteSensor,LS-0000733,1202.6,335.7,4,50
2025-08-01T07:46:00Z,WriteSensor,LS-0000734,1212.1,323.9,4,50
2025-08-01T07:48:00Z,WriteSensor,LS-0000735,1217.2,317.6,4,50
2025-08-01T07:50:00Z,WriteSensor,LS-0000736,1175.4,334.1,4,50
2025-08-01T07:52:00Z,WriteSensor,LS-0000737,1257.9,324.4,4,50
2025-08-01T07:54:00Z,WriteSensor,LS-0000738,1248.2,338.9,4,50
2025-08-01T07:56:00Z,WriteSensor,LS-0000739,1264.5,344.4,4,50
2025-08-01T07:58:00Z,WriteSensor,LS-0000740,1195.0,298.2,4,50
2025-08-01T08:00:00Z,WriteSensor,LS-0000741,1175.1,310.4,4,50
2025-08-01T08:02:00Z,WriteSensor,LS-0000742,1259.7,295.2,4,50
2025-08-01T08:04:00Z,WriteSensor,LS-0000743,1172.7,321.6,4,50
2025-08-01T08:06:00Z,WriteSensor,LS-0000744,1256.9,319.1,4,50
2025-08-01T08:08:00Z,WriteSensor,LS-0000745,1172.2,306.8,4,50
2025-08-01T08:10:00Z,WriteSensor,LS-0000746,1241.0,285.4,4,50
2025-08-01T08:12:00Z,WriteSensor,LS-0000747,1195.6,349.8,4,50
2025-08-01T08:14:00Z,WriteSensor,LS-0000748,1241.0,316.0,4,50
2025-08-01T08:16:00Z,WriteSensor,LS-0000749,1198.1,297.8,4,50
2025-08-01T08:18:00Z,WriteSensor,LS-0000750,1207.6,336.5,4,50
2025-08-01T08:20:00Z,WriteSensor,LS-0000751,1198.5,320.1,4,50
2025-08-01T08:22:00Z,WriteSensor,LS-0000752,1234.0,364.3,4,50
2025-08-01T08:24:00Z,WriteSensor,LS-0000753,1196.9,352.1,4,50
2025-08-01T08:26:00Z,WriteSensor,LS-0000754,1188.4,355.2,4,50
2025-08-01T08:28:00Z,WriteSensor,LS-0000755,1243.8,312.5,4,50
2025-08-01T08:30:00Z,WriteSensor,LS-0000756,1215.1,322.3,4,50
2025-08-01T08:32:00Z,WriteSensor,LS-0000757,1220.0,322.6,4,50
2025-08-01T08:34:00Z,WriteSensor,LS-0000758,1359.3,324.1,4,50
2025-08-01T08:36:00Z,WriteSensor,LS-0000759,1270.8,271.7,4,50
2025-08-01T08:38:00Z,WriteSensor,LS-0000760,1249.4,366.4,4,50
2025-08-01T08:40:00Z,WriteSensor,LS-0000761,1169.1,313.4,4,50
2025-08-01T08:42:00Z,WriteSensor,LS-0000762,1226.9,327.0,4,50
2025-08-01T08:44:00Z,WriteSensor,LS-0000763,1221.7,340.8,4,50
2025-08-01T08:46:00Z,WriteSensor,LS-0000764,1265.2,306.7,4,50
2025-08-01T08:48:00Z,WriteSensor,LS-0000765,1252.9,347.2,4,50
2025-08-01T08:50:00Z,WriteSensor,LS-0000766,1213.2,307.5,4,50
2025-08-01T08:52:00Z,WriteSensor,LS-0000767,1169.9,282.1,4,50
2025-08-01T08:54:00Z,WriteSensor,LS-0000768,1180.3,319.0,4,50
2025-08-01T08:56:00Z,WriteSensor,LS-0000769,1326.6,339.4,4,50
2025-08-01T08:58:00Z,WriteSensor,LS-0000770,1203.3,330.3,4,50
2025-08-01T09:00:00Z,WriteSensor,LS-0000771,1097.0,291.4,4,50
2025-08-01T09:02:00Z,WriteSensor,LS-0000772,1254.5,307.6,4,50
2025-08-01T09:04:00Z,WriteSensor,LS-0000773,1267.2,342.0,4,50
2025-08-01T09:06:00Z,WriteSensor,LS-0000774,1177.5,306.0,4,50
2025-08-01T09:08:00Z,WriteSensor,LS-0000775,1245.4,320.4,4,50
2025-08-01T09:10:00Z,WriteSensor,LS-0000776,1193.1,380.3,4,50
2025-08-01T09:12:00Z,WriteSensor,LS-0000777,1351.2,346.6,4,50
2025-08-01T09:14:00Z,WriteSensor,LS-0000778,1125.1,341.1,4,50
2025-08-01T09:16:00Z,WriteSensor,LS-0000779,1126.1,322.3,4,50
2025-08-01T09:18:00Z,WriteSensor,LS-0000780,1253.5,336.0,4,50
2025-08-01T09:20:00Z,WriteSensor,LS-0000781,1231.1,331.7,4,50
2025-08-01T09:22:00Z,WriteSensor,LS-0000782,1131.7,367.7,4,50
2025-08-01T09:24:00Z,WriteSensor,LS-0000783,1278.0,325.7,4,50
2025-08-01T09:26:00Z,WriteSensor,LS-0000784,1265.6,288.0,4,50
2025-08-01T09:28:00Z,WriteSensor,LS-0000785,1204.4,323.9,4,50
2025-08-01T09:30:00Z,WriteSensor,LS-0000786,1352.8,345.7,4,50
2025-08-01T09:32:00Z,WriteSensor,LS-0000787,1336.5,275.2,4,50
2025-08-01T09:34:00Z,WriteSensor,LS-0000788,1283.2,253.8,4,50
2025-08-01T09:36:00Z,WriteSensor,LS-0000789,1109.9,332.9,4,50
2025-08-01T09:38:00Z,WriteSensor,LS-0000790,1203.6,295.9,4,50
2025-08-01T09:40:00Z,WriteSensor,LS-0000791,1248.4,309.8,4,50
2025-08-01T09:42:00Z,WriteSensor,LS-0000792,1271.7,296.1,4,50
2025-08-01T09:44:00Z,WriteSensor,LS-0000793,1265.0,329.1,4,50
2025-08-01T09:46:00Z,WriteSensor,LS-0000794,1195.7,313.9,4,50
2025-08-01T09:48:00Z,WriteSensor,LS-0000795,1134.8,309.0,4,50
2025-08-01T09:50:00Z,WriteSensor,LS-0000796,1238.5,347.8,4,50
2025-08-01T09:52:00Z,WriteSensor,LS-0000797,1232.7,295.5,4,50
2025-08-01T09:54:00Z,WriteSensor,LS-0000798,1180.4,288.8,4,50
2025-08-01T09:56:00Z,WriteSensor,LS-0000799,1149.0,324.2,4,50
2025-08-01T09:58:00Z,WriteSensor,LS-0000800,1173.9,329.6,4,50
2025-08-01T10:00:00Z,WriteSensor,LS-0000801,1128.7,317.9,4,50
2025-08-01T10:02:00Z,WriteSensor,LS-0000802,1171.7,351.5,4,50
2025-08-01T10:04:00Z,WriteSensor,LS-0000803,1200.3,334.9,4,50
2025-08-01T10:06:00Z,WriteSensor,LS-0000804,1244.9,333.0,4,50
2025-08-01T10:08:00Z,WriteSensor,LS-0000805,1213.3,319.9,4,50
2025-08-01T10:10:00Z,WriteSensor,LS-0000806,1219.3,284.0,4,50
2025-08-01T10:12:00Z,WriteSensor,LS-0000807,1228.2,328.4,4,50
2025-08-01T10:14:00Z,WriteSensor,LS-0000808,1182.2,321.1,4,50
2025-08-01T10:16:00Z,WriteSensor,LS-0000809,1205.5,352.3,4,50
2025-08-01T10:18:00Z,WriteSensor,LS-0000810,1252.6,365.7,4,50
2025-08-01T10:20:00Z,WriteSensor,LS-0000811,1273.4,330.2,4,50
2025-08-01T10:22:00Z,WriteSensor,LS-0000812,1135.7,319.7,4,50
2025-08-01T10:24:00Z,WriteSensor,LS-0000813,1237.3,299.7,4,50
2025-08-01T10:26:00Z,WriteSensor,LS-0000814,1278.6,274.0,4,50
2025-08-01T10:28:00Z,WriteSensor,LS-0000815,1096.7,347.4,4,50
2025-08-01T10:30:00Z,WriteSensor,LS-0000816,1271.1,314.0,4,50
2025-08-01T10:32:00Z,WriteSensor,LS-0000817,1226.2,330.2,4,50
2025-08-01T10:34:00Z,WriteSensor,LS-0000818,1175.6,359.0,4,50
2025-08-01T10:36:00Z,WriteSensor,LS-0000819,1208.6,319.5,4,50
2025-08-01T10:38:00Z,WriteSensor,LS-0000820,1084.9,300.7,4,50
2025-08-01T10:40:00Z,WriteSensor,LS-0000821,1042.4,319.7,4,50
2025-08-01T10:42:00Z,WriteSensor,LS-0000822,1259.4,346.2,4,50
2025-08-01T10:44:00Z,WriteSensor,LS-0000823,1192.8,306.9,4,50
2025-08-01T10:46:00Z,WriteSensor,LS-0000824,1259.7,302.2,4,50
2025-08-01T10:48:00Z,WriteSensor,LS-0000825,1235.2,316.4,4,50
2025-08-01T10:50:00Z,WriteSensor,LS-0000826,1210.1,342.2,4,50
2025-08-01T10:52:00Z,WriteSensor,LS-0000827,1215.7,278.1,4,50
2025-08-01T10:54:00Z,WriteSensor,LS-0000828,1229.9,329.7,4,50
2025-08-01T10:56:00Z,WriteSensor,LS-0000829,1204.6,347.9,4,50
2025-08-01T10:58:00Z,WriteSensor,LS-0000830,1277.6,297.7,4,50
2025-08-01T11:00:00Z,WriteSensor,LS-0000831,1334.6,322.3,4,50
2025-08-01T11:02:00Z,WriteSensor,LS-0000832,1288.4,342.9,4,50
2025-08-01T11:04:00Z,WriteSensor,LS-0000833,1175.8,327.5,4,50
2025-08-01T11:06:00Z,WriteSensor,LS-0000834,1199.5,334.4,4,50
2025-08-01T11:08:00Z,WriteSensor,LS-0000835,1146.8,305.4,4,50
2025-08-01T11:10:00Z,WriteSensor,LS-0000836,1119.5,313.8,4,50
2025-08-01T11:12:00Z,WriteSensor,LS-0000837,1184.1,310.1,4,50
2025-08-01T11:14:00Z,WriteSensor,LS-0000838,1226.2,330.4,4,50
2025-08-01T11:16:00Z,WriteSensor,LS-0000839,1192.3,323.3,4,50
2025-08-01T11:18:00Z,WriteSensor,LS-0000840,1181.4,323.2,4,50
2025-08-01T11:20:00Z,WriteSensor,LS-0000841,1185.4,316.5,4,50
2025-08-01T11:22:00Z,WriteSensor,LS-0000842,1180.5,344.6,4,50
2025-08-01T11:24:00Z,WriteSensor,LS-0000843,1242.0,349.5,4,50
2025-08-01T11:26:00Z,WriteSensor,LS-0000844,1315.2,310.8,4,50
2025-08-01T11:28:00Z,WriteSensor,LS-0000845,1236.4,337.5,4,50
2025-08-01T11:30:00Z,WriteSensor,LS-0000846,1212.5,325.3,4,50
2025-08-01T11:32:00Z,WriteSensor,LS-0000847,1238.0,334.1,4,50
2025-08-01T11:34:00Z,WriteSensor,LS-0000848,1290.0,301.7,4,50
2025-08-01T11:36:00Z,WriteSensor,LS-0000849,1127.1,297.2,4,50
2025-08-01T11:38:00Z,WriteSensor,LS-0000850,1277.5,338.2,4,50
2025-08-01T11:40:00Z,WriteSensor,LS-0000851,1244.7,327.6,4,50
2025-08-01T11:42:00Z,WriteSensor,LS-0000852,1239.7,369.4,4,50
2025-08-01T11:44:00Z,WriteSensor,LS-0000853,1228.8,342.6,4,50
2025-08-01T11:46:00Z,WriteSensor,LS-0000854,1285.7,314.7,4,50
2025-08-01T11:48:00Z,WriteSensor,LS-0000855,1179.9,328.4,4,50
2025-08-01T11:50:00Z,WriteSensor,LS-0000856,1283.9,288.3,4,50
2025-08-01T11:52:00Z,WriteSensor,LS-0000857,1138.4,324.8,4,50
2025-08-01T11:54:00Z,WriteSensor,LS-0000858,1274.1,305.3,4,50
2025-08-01T11:56:00Z,WriteSensor,LS-0000859,1131.1,327.0,4,50
2025-08-01T11:58:00Z,WriteSensor,LS-0000860,1244.7,328.2,4,50
2025-08-01T12:00:00Z,WriteSensor,LS-0000861,1196.1,340.0,4,50
2025-08-01T12:02:00Z,WriteSensor,LS-0000862,1220.9,326.5,4,50
2025-08-01T12:04:00Z,WriteSensor,LS-0000863,1125.7,293.5,4,50
2025-08-01T12:06:00Z,WriteSensor,LS-0000864,1276.9,367.3,4,50
2025-08-01T12:08:00Z,WriteSensor,LS-0000865,1149.2,302.1,4,50
2025-08-01T12:10:00Z,WriteSensor,LS-0000866,1159.3,316.7,4,50
2025-08-01T12:12:00Z,WriteSensor,LS-0000867,1206.8,293.7,4,50
2025-08-01T12:14:00Z,WriteSensor,LS-0000868,1327.6,335.2,4,50
2025-08-01T12:16:00Z,WriteSensor,LS-0000869,1265.3,228.7,4,50
2025-08-01T12:18:00Z,WriteSensor,LS-0000870,1194.3,285.0,4,50
2025-08-01T12:20:00Z,WriteSensor,LS-0000871,1199.1,339.8,4,50
2025-08-01T12:22:00Z,WriteSensor,LS-0000872,1350.6,328.3,4,50
2025-08-01T12:24:00Z,WriteSensor,LS-0000873,1226.1,320.4,4,50
2025-08-01T12:26:00Z,WriteSensor,LS-0000874,1221.8,322.1,4,50
2025-08-01T12:28:00Z,WriteSensor,LS-0000875,1228.8,308.5,4,50
2025-08-01T12:30:00Z,WriteSensor,LS-0000876,1248.4,293.8,4,50
2025-08-01T12:32:00Z,WriteSensor,LS-0000877,1160.3,349.9,4,50
2025-08-01T12:34:00Z,WriteSensor,LS-0000878,1274.5,360.1,4,50
2025-08-01T12:36:00Z,WriteSensor,LS-0000879,1210.6,318.8,4,50
2025-08-01T12:38:00Z,WriteSensor,LS-0000880,1209.9,315.5,4,50
2025-08-01T12:40:00Z,WriteSensor,LS-0000881,1329.7,286.4,4,50
2025-08-01T12:42:00Z,WriteSensor,LS-0000882,1184.6,322.9,4,50
2025-08-01T12:44:00Z,WriteSensor,LS-0000883,1251.1,310.3,4,50
2025-08-01T12:46:00Z,WriteSensor,LS-0000884,1175.1,301.3,4,50
2025-08-01T12:48:00Z,WriteSensor,LS-0000885,1218.0,344.3,4,50
2025-08-01T12:50:00Z,WriteSensor,LS-0000886,1241.0,290.7,4,50
2025-08-01T12:52:00Z,WriteSensor,LS-0000887,1247.8,371.0,4,50
2025-08-01T12:54:00Z,WriteSensor,LS-0000888,1262.8,351.7,4,50
2025-08-01T12:56:00Z,WriteSensor,LS-0000889,1182.2,311.3,4,50
2025-08-01T12:58:00Z,WriteSensor,LS-0000890,1186.6,322.6,4,50
2025-08-01T13:00:00Z,WriteSensor,LS-0000891,1247.6,329.7,4,50
2025-08-01T13:02:00Z,WriteSensor,LS-0000892,1262.3,348.0,4,50
2025-08-01T13:04:00Z,WriteSensor,LS-0000893,1329.9,348.5,4,50
2025-08-01T13:06:00Z,WriteSensor,LS-0000894,1188.3,355.5,4,50
2025-08-01T13:08:00Z,WriteSensor,LS-0000895,1152.1,333.1,4,50
2025-08-01T13:10:00Z,WriteSensor,LS-0000896,1366.5,337.9,4,50
2025-08-01T13:12:00Z,WriteSensor,LS-0000897,1235.9,332.8,4,50
2025-08-01T13:14:00Z,WriteSensor,LS-0000898,1282.0,355.3,4,50
2025-08-01T13:16:00Z,WriteSensor,LS-0000899,1292.5,283.0,4,50
2025-08-01T13:18:00Z,WriteSensor,LS-0000900,1175.5,309.5,4,50
2025-08-01T13:20:00Z,WriteSensor,LS-0000901,1258.1,338.0,4,50
2025-08-01T13:22:00Z,WriteSensor,LS-0000902,1106.0,313.7,4,50
2025-08-01T13:24:00Z,WriteSensor,LS-0000903,1238.8,306.0,4,50
2025-08-01T13:26:00Z,WriteSensor,LS-0000904,1269.0,279.8,4,50
2025-08-01T13:28:00Z,WriteSensor,LS-0000905,1219.6,303.2,4,50
2025-08-01T13:30:00Z,WriteSensor,LS-0000906,1255.3,300.8,4,50
2025-08-01T13:32:00Z,WriteSensor,LS-0000907,1258.9,280.2,4,50
2025-08-01T13:34:00Z,WriteSensor,LS-0000908,1137.2,291.1,4,50
2025-08-01T13:36:00Z,WriteSensor,LS-0000909,1335.4,363.7,4,50
2025-08-01T13:38:00Z,WriteSensor,LS-0000910,1219.5,342.4,4,50
2025-08-01T13:40:00Z,WriteSensor,LS-0000911,1083.8,309.5,4,50
2025-08-01T13:42:00Z,WriteSensor,LS-0000912,1204.9,319.9,4,50
2025-08-01T13:44:00Z,WriteSensor,LS-0000913,1139.5,262.9,4,50
2025-08-01T13:46:00Z,WriteSensor,LS-0000914,1217.9,291.8,4,50
2025-08-01T13:48:00Z,WriteSensor,LS-0000915,1233.8,276.7,4,50
2025-08-01T13:50:00Z,WriteSensor,LS-0000916,1157.9,329.4,4,50
2025-08-01T13:52:00Z,WriteSensor,LS-0000917,1283.5,315.5,4,50
2025-08-01T13:54:00Z,WriteSensor,LS-0000918,1292.9,341.8,4,50
2025-08-01T13:56:00Z,WriteSensor,LS-0000919,1142.8,307.9,4,50
2025-08-01T13:58:00Z,WriteSensor,LS-0000920,1194.5,305.1,4,50
2025-08-01T14:00:00Z,WriteSensor,LS-0000921,1324.7,316.3,4,50
2025-08-01T14:02:00Z,WriteSensor,LS-0000922,1378.6,347.4,4,50
2025-08-01T14:04:00Z,WriteSensor,LS-0000923,1126.6,302.6,4,50
2025-08-01T14:06:00Z,WriteSensor,LS-0000924,1291.4,307.7,4,50
2025-08-01T14:08:00Z,WriteSensor,LS-0000925,1260.4,355.0,4,50
2025-08-01T14:10:00Z,WriteSensor,LS-0000926,1212.0,343.6,4,50
2025-08-01T14:12:00Z,WriteSensor,LS-0000927,1245.3,336.3,4,50
2025-08-01T14:14:00Z,WriteSensor,LS-0000928,1216.6,277.8,4,50
2025-08-01T14:16:00Z,WriteSensor,LS-0000929,1285.6,308.1,4,50
2025-08-01T14:18:00Z,WriteSensor,LS-0000930,1240.3,347.5,4,50
2025-08-01T14:20:00Z,WriteSensor,LS-0000931,1270.3,317.6,4,50
2025-08-01T14:22:00Z,WriteSensor,LS-0000932,1171.8,300.0,4,50
2025-08-01T14:24:00Z,WriteSensor,LS-0000933,1152.2,341.6,4,50
2025-08-01T14:26:00Z,WriteSensor,LS-0000934,1200.6,322.7,4,50
2025-08-01T14:28:00Z,WriteSensor,LS-0000935,1260.2,348.3,4,50
2025-08-01T14:30:00Z,WriteSensor,LS-0000936,1083.7,332.7,4,50
2025-08-01T14:32:00Z,WriteSensor,LS-0000937,1226.2,345.1,4,50
2025-08-01T14:34:00Z,WriteSensor,LS-0000938,1280.8,320.5,4,50
2025-08-01T14:36:00Z,WriteSensor,LS-0000939,1312.7,329.2,4,50
2025-08-01T14:38:00Z,WriteSensor,LS-0000940,1253.4,297.3,4,50
2025-08-01T14:40:00Z,WriteSensor,LS-0000941,1230.7,331.5,4,50
2025-08-01T14:42:00Z,WriteSensor,LS-0000942,1281.2,318.2,4,50
2025-08-01T14:44:00Z,WriteSensor,LS-0000943,1309.3,334.5,4,50
2025-08-01T14:46:00Z,WriteSensor,LS-0000944,1160.2,318.9,4,50
2025-08-01T14:48:00Z,WriteSensor,LS-0000945,1191.6,303.6,4,50
2025-08-01T14:50:00Z,WriteSensor,LS-0000946,1183.0,340.8,4,50
2025-08-01T14:52:00Z,WriteSensor,LS-0000947,1155.7,303.4,4,50
2025-08-01T14:54:00Z,WriteSensor,LS-0000948,1274.5,315.9,4,50
2025-08-01T14:56:00Z,WriteSensor,LS-0000949,1296.0,315.2,4,50
2025-08-01T14:58:00Z,WriteSensor,LS-0000950,1134.5,348.5,4,50
2025-08-01T15:00:00Z,WriteSensor,LS-0000951,1249.8,323.0,4,50
2025-08-01T15:02:00Z,WriteSensor,LS-0000952,1202.6,347.8,4,50
2025-08-01T15:04:00Z,WriteSensor,LS-0000953,1182.1,339.5,4,50
2025-08-01T15:06:00Z,WriteSensor,LS-0000954,1228.5,298.5,4,50
2025-08-01T15:08:00Z,WriteSensor,LS-0000955,1231.7,289.4,4,50
2025-08-01T15:10:00Z,WriteSensor,LS-0000956,1280.3,304.7,4,50
2025-08-01T15:12:00Z,WriteSensor,LS-0000957,1223.1,351.7,4,50
2025-08-01T15:14:00Z,WriteSensor,LS-0000958,1270.7,355.2,4,50
2025-08-01T15:16:00Z,WriteSensor,LS-0000959,1331.8,290.7,4,50
2025-08-01T15:18:00Z,WriteSensor,LS-0000960,1163.5,362.7,4,50
2025-08-01T15:20:00Z,WriteSensor,LS-0000961,1134.3,331.6,4,50
2025-08-01T15:22:00Z,WriteSensor,LS-0000962,1219.7,361.7,4,50
2025-08-01T15:24:00Z,WriteSensor,LS-0000963,1166.9,306.9,4,50
2025-08-01T15:26:00Z,WriteSensor,LS-0000964,1267.0,313.4,4,50
2025-08-01T15:28:00Z,WriteSensor,LS-0000965,1283.0,374.7,4,50
2025-08-01T15:30:00Z,WriteSensor,LS-0000966,1160.2,324.4,4,50
2025-08-01T15:32:00Z,WriteSensor,LS-0000967,1293.7,364.4,4,50
2025-08-01T15:34:00Z,WriteSensor,LS-0000968,1275.9,350.6,4,50
2025-08-01T15:36:00Z,WriteSensor,LS-0000969,1288.5,324.8,4,50
2025-08-01T15:38:00Z,WriteSensor,LS-0000970,1279.4,340.4,4,50
2025-08-01T15:40:00Z,WriteSensor,LS-0000971,1191.3,279.3,4,50
2025-08-01T15:42:00Z,WriteSensor,LS-0000972,1263.1,292.0,4,50
2025-08-01T15:44:00Z,WriteSensor,LS-0000973,1219.1,319.3,4,50
2025-08-01T15:46:00Z,WriteSensor,LS-0000974,1193.6,314.9,4,50
2025-08-01T15:48:00Z,WriteSensor,LS-0000975,1230.7,306.4,4,50
2025-08-01T15:50:00Z,WriteSensor,LS-0000976,1256.8,288.2,4,50
2025-08-01T15:52:00Z,WriteSensor,LS-0000977,1298.5,345.4,4,50
2025-08-01T15:54:00Z,WriteSensor,LS-0000978,1273.9,355.6,4,50
2025-08-01T15:56:00Z,WriteSensor,LS-0000979,1211.8,300.4,4,50
2025-08-01T15:58:00Z,WriteSensor,LS-0000980,1194.1,327.4,4,50
2025-08-01T16:00:00Z,WriteSensor,LS-0000981,1048.1,302.3,4,50
2025-08-01T16:02:00Z,WriteSensor,LS-0000982,1310.8,356.9,4,50
2025-08-01T16:04:00Z,WriteSensor,LS-0000983,1268.8,292.6,4,50
2025-08-01T16:06:00Z,WriteSensor,LS-0000984,1181.5,328.0,4,50
2025-08-01T16:08:00Z,WriteSensor,LS-0000985,1101.8,293.6,4,50
2025-08-01T16:10:00Z,WriteSensor,LS-0000986,1182.9,322.2,4,50
2025-08-01T16:12:00Z,WriteSensor,LS-0000987,1177.4,297.0,4,50
2025-08-01T16:14:00Z,WriteSensor,LS-0000988,1238.2,310.3,4,50
2025-08-01T16:16:00Z,WriteSensor,LS-0000989,1224.7,315.7,4,50
2025-08-01T16:18:00Z,WriteSensor,LS-0000990,1225.7,347.6,4,50
2025-08-01T16:20:00Z,WriteSensor,LS-0000991,1269.6,301.9,4,50
2025-08-01T16:22:00Z,WriteSensor,LS-0000992,1162.2,337.0,4,50
2025-08-01T16:24:00Z,WriteSensor,LS-0000993,1139.9,319.0,4,50
2025-08-01T16:26:00Z,WriteSensor,LS-0000994,1238.2,378.8,4,50
2025-08-01T16:28:00Z,WriteSensor,LS-0000995,1173.8,368.7,4,50
2025-08-01T16:30:00Z,WriteSensor,LS-0000996,1238.3,318.1,4,50
2025-08-01T16:32:00Z,WriteSensor,LS-0000997,1285.5,312.7,4,50
2025-08-01T16:34:00Z,WriteSensor,LS-0000998,1250.7,335.4,4,50
2025-08-01T16:36:00Z,WriteSensor,LS-0000999,1299.1,321.4,4,50
2025-08-01T16:38:00Z,WriteSensor,LS-0001000,1131.5,296.1,4,50
2025-08-01T16:40:00Z,WriteSensor,LS-0001001,1165.8,297.2,4,50
2025-08-01T16:42:00Z,WriteSensor,LS-0001002,1259.4,324.5,4,50
2025-08-01T16:44:00Z,WriteSensor,LS-0001003,1206.0,353.4,4,50
2025-08-01T16:46:00Z,WriteSensor,LS-0001004,1177.0,342.1,4,50
2025-08-01T16:48:00Z,WriteSensor,LS-0001005,1208.6,290.5,4,50
2025-08-01T16:50:00Z,WriteSensor,LS-0001006,1253.9,302.6,4,50
2025-08-01T16:52:00Z,WriteSensor,LS-0001007,1160.2,333.2,4,50
2025-08-01T16:54:00Z,WriteSensor,LS-0001008,1162.2,347.8,4,50
2025-08-01T16:56:00Z,WriteSensor,LS-0001009,1168.9,307.0,4,50
2025-08-01T16:58:00Z,WriteSensor,LS-0001010,1266.0,306.5,4,50
2025-08-01T17:00:00Z,WriteSensor,LS-0001011,1266.3,274.8,4,50
2025-08-01T17:02:00Z,WriteSensor,LS-0001012,1193.8,313.9,4,50
2025-08-01T17:04:00Z,WriteSensor,LS-0001013,1207.9,362.5,4,50
2025-08-01T17:06:00Z,WriteSensor,LS-0001014,1231.4,340.0,4,50
2025-08-01T17:08:00Z,WriteSensor,LS-0001015,1145.1,302.8,4,50
2025-08-01T17:10:00Z,WriteSensor,LS-0001016,1196.0,353.5,4,50
2025-08-01T17:12:00Z,WriteSensor,LS-0001017,1210.9,342.4,4,50
2025-08-01T17:14:00Z,WriteSensor,LS-0001018,1157.4,352.4,4,50
2025-08-01T17:16:00Z,WriteSensor,LS-0001019,1262.8,279.8,4,50
2025-08-01T17:18:00Z,WriteSensor,LS-0001020,1165.3,345.7,4,50
2025-08-01T17:20:00Z,WriteSensor,LS-0001021,1252.5,313.0,4,50
2025-08-01T17:22:00Z,WriteSensor,LS-0001022,1268.5,338.3,4,50
2025-08-01T17:24:00Z,WriteSensor,LS-0001023,1175.4,317.3,4,50
2025-08-01T17:26:00Z,WriteSensor,LS-0001024,1241.5,262.0,4,50
2025-08-01T17:28:00Z,WriteSensor,LS-0001025,1179.3,318.4,4,50
2025-08-01T17:30:00Z,WriteSensor,LS-0001026,1141.4,357.8,4,50
2025-08-01T17:32:00Z,WriteSensor,LS-0001027,1248.1,320.7,4,50
2025-08-01T17:34:00Z,WriteSensor,LS-0001028,1175.4,322.3,4,50
2025-08-01T17:36:00Z,WriteSensor,LS-0001029,1273.6,316.4,4,50
2025-08-01T17:38:00Z,WriteSensor,LS-0001030,1283.2,300.1,4,50
2025-08-01T17:40:00Z,WriteSensor,LS-0001031,1267.4,316.4,4,50
2025-08-01T17:42:00Z,WriteSensor,LS-0001032,1197.3,308.5,4,50
2025-08-01T17:44:00Z,WriteSensor,LS-0001033,1253.6,315.6,4,50
2025-08-01T17:46:00Z,WriteSensor,LS-0001034,1200.5,337.3,4,50
2025-08-01T17:48:00Z,WriteSensor,LS-0001035,1197.6,291.1,4,50
2025-08-01T17:50:00Z,WriteSensor,LS-0001036,1190.9,322.0,4,50
2025-08-01T17:52:00Z,WriteSensor,LS-0001037,1144.0,343.2,4,50
2025-08-01T17:54:00Z,WriteSensor,LS-0001038,1231.0,323.7,4,50
2025-08-01T17:56:00Z,WriteSensor,LS-0001039,1256.9,308.0,4,50
2025-08-01T17:58:00Z,WriteSensor,LS-0001040,1310.5,299.7,4,50
2025-08-01T18:00:00Z,WriteSensor,LS-0001041,1313.7,316.3,4,50
2025-08-01T18:02:00Z,WriteSensor,LS-0001042,1265.6,327.4,4,50
2025-08-01T18:04:00Z,WriteSensor,LS-0001043,1262.8,341.0,4,50
2025-08-01T18:06:00Z,WriteSensor,LS-0001044,1225.7,320.7,4,50
2025-08-01T18:08:00Z,WriteSensor,LS-0001045,1162.9,312.7,4,50
2025-08-01T18:10:00Z,WriteSensor,LS-0001046,1179.5,285.1,4,50
2025-08-01T18:12:00Z,WriteSensor,LS-0001047,1256.0,351.3,4,50
2025-08-01T18:14:00Z,WriteSensor,LS-0001048,1193.8,304.5,4,50
2025-08-01T18:16:00Z,WriteSensor,LS-0001049,1268.4,333.2,4,50
2025-08-01T18:18:00Z,WriteSensor,LS-0001050,1175.8,319.9,4,50
2025-08-01T18:20:00Z,WriteSensor,LS-0001051,1266.5,360.2,4,50
2025-08-01T18:22:00Z,WriteSensor,LS-0001052,1223.0,346.7,4,50
2025-08-01T18:24:00Z,WriteSensor,LS-0001053,1190.6,317.9,4,50
2025-08-01T18:26:00Z,WriteSensor,LS-0001054,1254.7,350.9,4,50
2025-08-01T18:28:00Z,WriteSensor,LS-0001055,1210.0,311.6,4,50
2025-08-01T18:30:00Z,WriteSensor,LS-0001056,1213.1,314.1,4,50
2025-08-01T18:32:00Z,WriteSensor,LS-0001057,1181.3,292.1,4,50
2025-08-01T18:34:00Z,WriteSensor,LS-0001058,1176.1,368.6,4,50
2025-08-01T18:36:00Z,WriteSensor,LS-0001059,1208.3,316.3,4,50
2025-08-01T18:38:00Z,WriteSensor,LS-0001060,1247.0,316.2,4,50
2025-08-01T18:40:00Z,WriteSensor,LS-0001061,1323.8,336.4,4,50
2025-08-01T18:42:00Z,WriteSensor,LS-0001062,1254.1,363.6,4,50
2025-08-01T18:44:00Z,WriteSensor,LS-0001063,1215.7,295.4,4,50
2025-08-01T18:46:00Z,WriteSensor,LS-0001064,1280.7,333.6,4,50
2025-08-01T18:48:00Z,WriteSensor,LS-0001065,1264.4,368.6,4,50
2025-08-01T18:50:00Z,WriteSensor,LS-0001066,1250.5,341.1,4,50
2025-08-01T18:52:00Z,WriteSensor,LS-0001067,1246.3,304.3,4,50
2025-08-01T18:54:00Z,WriteSensor,LS-0001068,1210.4,310.6,4,50
2025-08-01T18:56:00Z,WriteSensor,LS-0001069,1165.7,312.6,4,50
2025-08-01T18:58:00Z,WriteSensor,LS-0001070,1213.6,306.9,4,50
2025-08-01T19:00:00Z,WriteSensor,LS-0001071,1195.6,268.4,4,50
2025-08-01T19:02:00Z,WriteSensor,LS-0001072,1256.1,360.8,4,50
2025-08-01T19:04:00Z,WriteSensor,LS-0001073,1307.8,331.2,4,50
2025-08-01T19:06:00Z,WriteSensor,LS-0001074,1245.1,373.0,4,50
2025-08-01T19:08:00Z,WriteSensor,LS-0001075,1202.0,368.5,4,50
2025-08-01T19:10:00Z,WriteSensor,LS-0001076,1266.9,300.1,4,50
2025-08-01T19:12:00Z,WriteSensor,LS-0001077,1226.6,324.5,4,50
2025-08-01T19:14:00Z,WriteSensor,LS-0001078,1206.9,308.0,4,50
2025-08-01T19:16:00Z,WriteSensor,LS-0001079,1120.8,316.8,4,50
2025-08-01T19:18:00Z,WriteSensor,LS-0001080,1291.0,317.5,4,50
2025-08-01T19:20:00Z,WriteSensor,LS-0001081,1212.6,331.0,4,50
2025-08-01T19:22:00Z,WriteSensor,LS-0001082,1229.5,319.6,4,50
2025-08-01T19:24:00Z,WriteSensor,LS-0001083,1265.4,288.6,4,50
2025-08-01T19:26:00Z,WriteSensor,LS-0001084,1150.3,274.4,4,50
2025-08-01T19:28:00Z,WriteSensor,LS-0001085,1269.4,328.2,4,50
2025-08-01T19:30:00Z,WriteSensor,LS-0001086,1161.9,307.6,4,50
2025-08-01T19:32:00Z,WriteSensor,LS-0001087,1149.8,334.2,4,50
2025-08-01T19:34:00Z,WriteSensor,LS-0001088,1233.0,340.5,4,50
2025-08-01T19:36:00Z,WriteSensor,LS-0001089,1246.7,338.0,4,50
2025-08-01T19:38:00Z,WriteSensor,LS-0001090,1144.9,315.9,4,50
2025-08-01T19:40:00Z,WriteSensor,LS-0001091,1206.0,255.0,4,50
2025-08-01T19:42:00Z,WriteSensor,LS-0001092,1227.2,329.9,4,50
2025-08-01T19:44:00Z,WriteSensor,LS-0001093,1224.0,326.3,4,50
2025-08-01T19:46:00Z,WriteSensor,LS-0001094,1329.5,287.0,4,50
2025-08-01T19:48:00Z,WriteSensor,LS-0001095,1208.1,340.0,4,50
2025-08-01T19:50:00Z,WriteSensor,LS-0001096,1132.8,344.7,4,50
2025-08-01T19:52:00Z,WriteSensor,LS-0001097,1206.6,242.4,4,50
2025-08-01T19:54:00Z,WriteSensor,LS-0001098,1195.3,263.0,4,50
2025-08-01T19:56:00Z,WriteSensor,LS-0001099,1075.8,356.1,4,50
2025-08-01T19:58:00Z,WriteSensor,LS-0001100,1307.6,355.6,4,50
2025-08-01T20:00:00Z,WriteSensor,LS-0001101,1296.2,328.7,4,50
2025-08-01T20:02:00Z,WriteSensor,LS-0001102,1216.4,310.8,4,50
2025-08-01T20:04:00Z,WriteSensor,LS-0001103,1261.4,302.8,4,50
2025-08-01T20:06:00Z,WriteSensor,LS-0001104,1230.1,359.7,4,50
2025-08-01T20:08:00Z,WriteSensor,LS-0001105,1292.1,296.3,4,50
2025-08-01T20:10:00Z,WriteSensor,LS-0001106,1280.8,325.1,4,50
2025-08-01T20:12:00Z,WriteSensor,LS-0001107,1141.0,317.7,4,50
2025-08-01T20:14:00Z,WriteSensor,LS-0001108,1266.9,352.0,4,50
2025-08-01T20:16:00Z,WriteSensor,LS-0001109,1226.6,279.0,4,50
2025-08-01T20:18:00Z,WriteSensor,LS-0001110,1186.4,378.9,4,50
2025-08-01T20:20:00Z,WriteSensor,LS-0001111,1270.1,347.8,4,50
2025-08-01T20:22:00Z,WriteSensor,LS-0001112,1268.8,295.4,4,50
2025-08-01T20:24:00Z,WriteSensor,LS-0001113,1227.3,337.0,4,50
2025-08-01T20:26:00Z,WriteSensor,LS-0001114,1145.8,308.0,4,50
2025-08-01T20:28:00Z,WriteSensor,LS-0001115,1120.2,323.9,4,50
2025-08-01T20:30:00Z,WriteSensor,LS-0001116,1174.0,363.7,4,50
2025-08-01T20:32:00Z,WriteSensor,LS-0001117,1211.7,357.8,4,50
2025-08-01T20:34:00Z,WriteSensor,LS-0001118,1154.5,309.3,4,50
2025-08-01T20:36:00Z,WriteSensor,LS-0001119,1257.5,365.5,4,50
2025-08-01T20:38:00Z,WriteSensor,LS-0001120,1255.8,343.9,4,50
2025-08-01T20:40:00Z,WriteSensor,LS-0001121,1265.6,344.1,4,50
2025-08-01T20:42:00Z,WriteSensor,LS-0001122,1198.9,337.8,4,50
2025-08-01T20:44:00Z,WriteSensor,LS-0001123,1229.2,334.3,4,50
2025-08-01T20:46:00Z,WriteSensor,LS-0001124,1245.2,269.8,4,50
2025-08-01T20:48:00Z,WriteSensor,LS-0001125,1047.1,286.6,4,50
2025-08-01T20:50:00Z,WriteSensor,LS-0001126,1223.9,306.5,4,50
2025-08-01T20:52:00Z,WriteSensor,LS-0001127,1285.4,328.9,4,50
2025-08-01T20:54:00Z,WriteSensor,LS-0001128,1277.4,286.9,4,50
2025-08-01T20:56:00Z,WriteSensor,LS-0001129,1268.7,325.9,4,50
2025-08-01T20:58:00Z,WriteSensor,LS-0001130,1292.3,310.4,4,50
2025-08-01T21:00:00Z,WriteSensor,LS-0001131,1317.9,302.3,4,50
2025-08-01T21:02:00Z,WriteSensor,LS-0001132,1246.8,283.5,4,50
2025-08-01T21:04:00Z,WriteSensor,LS-0001133,1131.0,313.2,4,50
2025-08-01T21:06:00Z,WriteSensor,LS-0001134,1169.7,325.2,4,50
2025-08-01T21:08:00Z,WriteSensor,LS-0001135,1146.2,341.0,4,50
2025-08-01T21:10:00Z,WriteSensor,LS-0001136,1338.2,351.5,4,50
2025-08-01T21:12:00Z,WriteSensor,LS-0001137,1226.1,253.8,4,50
2025-08-01T21:14:00Z,WriteSensor,LS-0001138,1169.2,291.0,4,50
2025-08-01T21:16:00Z,WriteSensor,LS-0001139,1197.9,340.5,4,50
2025-08-01T21:18:00Z,WriteSensor,LS-0001140,1176.3,320.4,4,50
2025-08-01T21:20:00Z,WriteSensor,LS-0001141,1214.4,355.1,4,50
2025-08-01T21:22:00Z,WriteSensor,LS-0001142,1162.4,334.8,4,50
2025-08-01T21:24:00Z,WriteSensor,LS-0001143,1109.8,322.5,4,50
2025-08-01T21:26:00Z,WriteSensor,LS-0001144,1280.1,315.8,4,50
2025-08-01T21:28:00Z,WriteSensor,LS-0001145,1223.3,332.6,4,50
2025-08-01T21:30:00Z,WriteSensor,LS-0001146,1190.5,306.2,4,50
2025-08-01T21:32:00Z,WriteSensor,LS-0001147,1147.3,343.6,4,50
2025-08-01T21:34:00Z,WriteSensor,LS-0001148,1237.6,320.0,4,50
2025-08-01T21:36:00Z,WriteSensor,LS-0001149,1186.5,308.4,4,50
2025-08-01T21:38:00Z,WriteSensor,LS-0001150,1192.9,347.9,4,50
2025-08-01T21:40:00Z,WriteSensor,LS-0001151,1213.3,304.9,4,50
2025-08-01T21:42:00Z,WriteSensor,LS-0001152,1237.7,354.6,4,50
2025-08-01T21:44:00Z,WriteSensor,LS-0001153,1300.3,291.6,4,50
2025-08-01T21:46:00Z,WriteSensor,LS-0001154,1247.6,315.6,4,50
2025-08-01T21:48:00Z,WriteSensor,LS-0001155,1166.4,329.1,4,50
2025-08-01T21:50:00Z,WriteSensor,LS-0001156,1105.1,312.8,4,50
2025-08-01T21:52:00Z,WriteSensor,LS-0001157,1269.0,311.5,4,50
2025-08-01T21:54:00Z,WriteSensor,LS-0001158,1137.7,306.5,4,50
2025-08-01T21:56:00Z,WriteSensor,LS-0001159,1111.5,331.7,4,50
2025-08-01T21:58:00Z,WriteSensor,LS-0001160,1169.3,309.6,4,50
2025-08-01T22:00:00Z,WriteSensor,LS-0001161,1184.4,339.2,4,50
2025-08-01T22:02:00Z,WriteSensor,LS-0001162,1317.0,304.9,4,50
2025-08-01T22:04:00Z,WriteSensor,LS-0001163,1188.1,352.5,4,50
2025-08-01T22:06:00Z,WriteSensor,LS-0001164,1214.2,364.5,4,50
2025-08-01T22:08:00Z,WriteSensor,LS-0001165,1214.4,297.9,4,50
2025-08-01T22:10:00Z,WriteSensor,LS-0001166,1183.6,325.6,4,50
2025-08-01T22:12:00Z,WriteSensor,LS-0001167,1275.6,312.6,4,50
2025-08-01T22:14:00Z,WriteSensor,LS-0001168,1165.9,297.1,4,50
2025-08-01T22:16:00Z,WriteSensor,LS-0001169,1254.1,308.1,4,50
2025-08-01T22:18:00Z,WriteSensor,LS-0001170,1253.8,380.7,4,50
2025-08-01T22:20:00Z,WriteSensor,LS-0001171,1295.1,357.7,4,50
2025-08-01T22:22:00Z,WriteSensor,LS-0001172,1232.7,291.6,4,50
2025-08-01T22:24:00Z,WriteSensor,LS-0001173,1160.1,339.5,4,50
2025-08-01T22:26:00Z,WriteSensor,LS-0001174,1171.2,317.9,4,50
2025-08-01T22:28:00Z,WriteSensor,LS-0001175,1186.1,304.5,4,50
2025-08-01T22:30:00Z,WriteSensor,LS-0001176,1278.8,309.2,4,50
2025-08-01T22:32:00Z,WriteSensor,LS-0001177,1216.3,378.3,4,50
2025-08-01T22:34:00Z,WriteSensor,LS-0001178,1218.7,322.6,4,50
2025-08-01T22:36:00Z,WriteSensor,LS-0001179,1230.3,351.3,4,50
2025-08-01T22:38:00Z,WriteSensor,LS-0001180,1301.7,334.8,4,50
2025-08-01T22:40:00Z,WriteSensor,LS-0001181,1280.2,329.8,4,50
2025-08-01T22:42:00Z,WriteSensor,LS-0001182,1245.1,305.5,4,50
2025-08-01T22:44:00Z,WriteSensor,LS-0001183,1239.4,298.1,4,50
2025-08-01T22:46:00Z,WriteSensor,LS-0001184,1311.9,339.3,4,50
2025-08-01T22:48:00Z,WriteSensor,LS-0001185,1192.9,318.7,4,50
2025-08-01T22:50:00Z,WriteSensor,LS-0001186,1150.2,328.4,4,50
2025-08-01T22:52:00Z,WriteSensor,LS-0001187,1154.6,367.7,4,50
2025-08-01T22:54:00Z,WriteSensor,LS-0001188,1200.7,333.2,4,50
2025-08-01T22:56:00Z,WriteSensor,LS-0001189,1291.5,301.9,4,50
2025-08-01T22:58:00Z,WriteSensor,LS-0001190,1275.8,330.0,4,50
2025-08-01T23:00:00Z,WriteSensor,LS-0001191,1189.9,292.2,4,50
2025-08-01T23:02:00Z,WriteSensor,LS-0001192,1260.7,329.6,4,50
2025-08-01T23:04:00Z,WriteSensor,LS-0001193,1332.8,323.0,4,50
2025-08-01T23:06:00Z,WriteSensor,LS-0001194,1231.8,312.4,4,50
2025-08-01T23:08:00Z,WriteSensor,LS-0001195,1324.8,320.7,4,50
2025-08-01T23:10:00Z,WriteSensor,LS-0001196,1255.2,350.3,4,50
2025-08-01T23:12:00Z,WriteSensor,LS-0001197,1247.9,312.1,4,50
2025-08-01T23:14:00Z,WriteSensor,LS-0001198,1203.8,301.7,4,50
2025-08-01T23:16:00Z,WriteSensor,LS-0001199,1208.1,308.2,4,50
2025-08-01T23:18:00Z,WriteSensor,LS-0001200,1150.1,331.3,4,50
2025-08-01T23:20:00Z,WriteSensor,LS-0001201,1304.7,321.4,4,50
2025-08-01T23:22:00Z,WriteSensor,LS-0001202,1252.6,323.9,4,50
2025-08-01T23:24:00Z,WriteSensor,LS-0001203,1255.5,312.4,4,50
2025-08-01T23:26:00Z,WriteSensor,LS-0001204,1061.6,373.0,4,50
2025-08-01T23:28:00Z,WriteSensor,LS-0001205,1254.2,357.7,4,50
2025-08-01T23:30:00Z,WriteSensor,LS-0001206,1288.5,260.4,4,50
2025-08-01T23:32:00Z,WriteSensor,LS-0001207,1133.7,392.3,4,50
2025-08-01T23:34:00Z,WriteSensor,LS-0001208,1201.4,317.6,4,50
2025-08-01T23:36:00Z,WriteSensor,LS-0001209,1251.3,340.7,4,50
2025-08-01T23:38:00Z,WriteSensor,LS-0001210,1233.2,345.9,4,50
2025-08-01T23:40:00Z,WriteSensor,LS-0001211,1215.1,308.1,4,50
2025-08-01T23:42:00Z,WriteSensor,LS-0001212,1148.2,298.8,4,50
2025-08-01T23:44:00Z,WriteSensor,LS-0001213,1076.5,372.5,4,50
2025-08-01T23:46:00Z,WriteSensor,LS-0001214,1237.7,320.7,4,50
2025-08-01T23:48:00Z,WriteSensor,LS-0001215,1236.5,301.5,4,50
2025-08-01T23:50:00Z,WriteSensor,LS-0001216,1166.0,314.5,4,50
2025-08-01T23:52:00Z,WriteSensor,LS-0001217,1190.6,348.3,4,50
2025-08-01T23:54:00Z,WriteSensor,LS-0001218,1177.0,325.8,4,50
2025-08-01T23:56:00Z,WriteSensor,LS-0001219,1252.8,314.3,4,50
2025-08-01T23:58:00Z,WriteSensor,LS-0001220,1244.1,311.9,4,50
2025-08-02T00:00:00Z,WriteSensor,LS-0001221,1243.0,305.3,4,50
2025-08-02T00:02:00Z,WriteSensor,LS-0001222,1156.6,324.8,4,50
2025-08-02T00:04:00Z,WriteSensor,LS-0001223,1006.6,338.2,4,50
2025-08-02T00:06:00Z,WriteSensor,LS-0001224,1213.8,351.2,4,50
2025-08-02T00:08:00Z,WriteSensor,LS-0001225,1109.0,300.6,4,50
2025-08-02T00:10:00Z,WriteSensor,LS-0001226,1258.9,276.5,4,50
2025-08-02T00:12:00Z,WriteSensor,LS-0001227,1175.3,289.0,4,50
2025-08-02T00:14:00Z,WriteSensor,LS-0001228,1295.8,315.3,4,50
2025-08-02T00:16:00Z,WriteSensor,LS-0001229,1229.7,276.2,4,50
2025-08-02T00:18:00Z,WriteSensor,LS-0001230,1289.0,312.6,4,50
2025-08-02T00:20:00Z,WriteSensor,LS-0001231,1218.8,329.3,4,50
2025-08-02T00:22:00Z,WriteSensor,LS-0001232,1200.6,277.5,4,50
2025-08-02T00:24:00Z,WriteSensor,LS-0001233,1226.0,331.9,4,50
2025-08-02T00:26:00Z,WriteSensor,LS-0001234,1183.1,353.4,4,50
2025-08-02T00:28:00Z,WriteSensor,LS-0001235,1203.1,323.9,4,50
2025-08-02T00:30:00Z,WriteSensor,LS-0001236,1286.0,334.0,4,50
2025-08-02T00:32:00Z,WriteSensor,LS-0001237,1285.5,323.1,4,50
2025-08-02T00:34:00Z,WriteSensor,LS-0001238,1294.6,298.2,4,50
2025-08-02T00:36:00Z,WriteSensor,LS-0001239,1206.5,324.5,4,50
2025-08-02T00:38:00Z,WriteSensor,LS-0001240,1245.2,317.2,4,50
2025-08-02T00:40:00Z,WriteSensor,LS-0001241,1135.5,313.2,4,50
2025-08-02T00:42:00Z,WriteSensor,LS-0001242,1244.2,337.9,4,50
2025-08-02T00:44:00Z,WriteSensor,LS-0001243,1245.1,343.5,4,50
2025-08-02T00:46:00Z,WriteSensor,LS-0001244,1198.3,317.5,4,50
2025-08-02T00:48:00Z,WriteSensor,LS-0001245,1282.9,313.1,4,50
2025-08-02T00:50:00Z,WriteSensor,LS-0001246,1332.7,314.3,4,50
2025-08-02T00:52:00Z,WriteSensor,LS-0001247,1299.9,313.0,4,50
2025-08-02T00:54:00Z,WriteSensor,LS-0001248,1148.4,262.6,4,50
2025-08-02T00:56:00Z,WriteSensor,LS-0001249,1249.7,291.9,4,50
2025-08-02T00:58:00Z,WriteSensor,LS-0001250,1161.0,348.6,4,50
2025-08-02T01:00:00Z,WriteSensor,LS-0001251,1186.1,274.5,4,50
2025-08-02T01:02:00Z,WriteSensor,LS-0001252,1255.5,299.4,4,50
2025-08-02T01:04:00Z,WriteSensor,LS-0001253,1194.0,381.2,4,50
2025-08-02T01:06:00Z,WriteSensor,LS-0001254,1209.1,305.7,4,50
2025-08-02T01:08:00Z,WriteSensor,LS-0001255,1176.5,316.5,4,50
2025-08-02T01:10:00Z,WriteSensor,LS-0001256,1271.1,313.9,4,50
2025-08-02T01:12:00Z,WriteSensor,LS-0001257,1218.5,272.8,4,50
2025-08-02T01:14:00Z,WriteSensor,LS-0001258,1177.2,297.8,4,50
2025-08-02T01:16:00Z,WriteSensor,LS-0001259,1225.4,265.0,4,50
2025-08-02T01:18:00Z,WriteSensor,LS-0001260,1219.9,317.0,4,50
2025-08-02T01:20:00Z,WriteSensor,LS-0001261,1189.9,327.0,4,50
2025-08-02T01:22:00Z,WriteSensor,LS-0001262,1259.0,335.3,4,50
2025-08-02T01:24:00Z,WriteSensor,LS-0001263,1175.2,319.6,4,50
2025-08-02T01:26:00Z,WriteSensor,LS-0001264,1248.8,256.3,4,50
2025-08-02T01:28:00Z,WriteSensor,LS-0001265,1010.4,320.8,4,50
2025-08-02T01:30:00Z,WriteSensor,LS-0001266,1281.5,296.1,4,50
2025-08-02T01:32:00Z,WriteSensor,LS-0001267,1246.3,340.7,4,50
2025-08-02T01:34:00Z,WriteSensor,LS-0001268,1175.3,338.8,4,50
2025-08-02T01:36:00Z,WriteSensor,LS-0001269,1228.5,316.2,4,50
2025-08-02T01:38:00Z,WriteSensor,LS-0001270,1242.5,340.2,4,50
2025-08-02T01:40:00Z,WriteSensor,LS-0001271,1305.3,318.2,4,50
2025-08-02T01:42:00Z,WriteSensor,LS-0001272,1192.5,347.3,4,50
2025-08-02T01:44:00Z,WriteSensor,LS-0001273,1269.2,296.5,4,50
2025-08-02T01:46:00Z,WriteSensor,LS-0001274,1138.6,289.3,4,50
2025-08-02T01:48:00Z,WriteSensor,LS-0001275,1266.7,295.8,4,50
2025-08-02T01:50:00Z,WriteSensor,LS-0001276,1105.0,307.8,4,50
2025-08-02T01:52:00Z,WriteSensor,LS-0001277,1268.9,313.2,4,50
2025-08-02T01:54:00Z,WriteSensor,LS-0001278,1144.1,313.0,4,50
2025-08-02T01:56:00Z,WriteSensor,LS-0001279,1241.3,291.4,4,50
2025-08-02T01:58:00Z,WriteSensor,LS-0001280,1206.0,349.0,4,50
2025-08-02T02:00:00Z,WriteSensor,LS-0001281,1162.0,286.4,4,50
2025-08-02T02:02:00Z,WriteSensor,LS-0001282,1276.6,340.4,4,50
2025-08-02T02:04:00Z,WriteSensor,LS-0001283,1102.0,293.0,4,50
2025-08-02T02:06:00Z,WriteSensor,LS-0001284,1145.0,301.8,4,50
2025-08-02T02:08:00Z,WriteSensor,LS-0001285,1168.8,305.7,4,50
2025-08-02T02:10:00Z,WriteSensor,LS-0001286,1229.2,310.0,4,50
2025-08-02T02:12:00Z,WriteSensor,LS-0001287,1162.7,333.1,4,50
2025-08-02T02:14:00Z,WriteSensor,LS-0001288,1159.3,328.8,4,50
2025-08-02T02:16:00Z,WriteSensor,LS-0001289,1206.9,332.9,4,50
2025-08-02T02:18:00Z,WriteSensor,LS-0001290,1248.2,306.5,4,50
2025-08-02T02:20:00Z,WriteSensor,LS-0001291,1254.2,345.1,4,50
2025-08-02T02:22:00Z,WriteSensor,LS-0001292,1221.2,316.9,4,50
2025-08-02T02:24:00Z,WriteSensor,LS-0001293,1247.9,327.4,4,50
2025-08-02T02:26:00Z,WriteSensor,LS-0001294,1151.1,312.3,4,50
2025-08-02T02:28:00Z,WriteSensor,LS-0001295,1307.8,347.4,4,50
2025-08-02T02:30:00Z,WriteSensor,LS-0001296,1298.1,323.9,4,50
2025-08-02T02:32:00Z,WriteSensor,LS-0001297,1230.6,331.0,4,50
2025-08-02T02:34:00Z,WriteSensor,LS-0001298,1122.6,314.7,4,50
2025-08-02T02:36:00Z,WriteSensor,LS-0001299,1169.1,306.0,4,50
2025-08-02T02:38:00Z,WriteSensor,LS-0001300,1151.8,305.7,4,50
2025-08-01T00:00:00Z,WriteSensor,LS-0001301,1246.0,357.8,8,50
2025-08-01T00:02:00Z,WriteSensor,LS-0001302,1097.0,324.2,8,50
2025-08-01T00:04:00Z,WriteSensor,LS-0001303,1125.3,349.9,8,50
2025-08-01T00:06:00Z,WriteSensor,LS-0001304,1145.4,343.2,8,50
2025-08-01T00:08:00Z,WriteSensor,LS-0001305,1143.2,337.2,8,50
2025-08-01T00:10:00Z,WriteSensor,LS-0001306,1226.8,318.1,8,50
2025-08-01T00:12:00Z,WriteSensor,LS-0001307,1175.0,346.8,8,50
2025-08-01T00:14:00Z,WriteSensor,LS-0001308,1231.2,325.7,8,50
2025-08-01T00:16:00Z,WriteSensor,LS-0001309,1225.4,288.2,8,50
2025-08-01T00:18:00Z,WriteSensor,LS-0001310,1164.2,341.7,8,50
2025-08-01T00:20:00Z,WriteSensor,LS-0001311,1202.8,296.5,8,50
2025-08-01T00:22:00Z,WriteSensor,LS-0001312,1122.8,367.6,8,50
2025-08-01T00:24:00Z,WriteSensor,LS-0001313,1230.4,278.6,8,50
2025-08-01T00:26:00Z,WriteSensor,LS-0001314,1113.7,297.4,8,50
2025-08-01T00:28:00Z,WriteSensor,LS-0001315,1138.4,295.6,8,50
2025-08-01T00:30:00Z,WriteSensor,LS-0001316,1131.1,359.3,8,50
2025-08-01T00:32:00Z,WriteSensor,LS-0001317,1201.0,330.6,8,50
2025-08-01T00:34:00Z,WriteSensor,LS-0001318,1150.2,319.9,8,50
2025-08-01T00:36:00Z,WriteSensor,LS-0001319,1100.4,325.6,8,50
2025-08-01T00:38:00Z,WriteSensor,LS-0001320,1259.3,315.3,8,50
2025-08-01T00:40:00Z,WriteSensor,LS-0001321,1092.5,338.7,8,50
2025-08-01T00:42:00Z,WriteSensor,LS-0001322,1226.8,307.8,8,50
2025-08-01T00:44:00Z,WriteSensor,LS-0001323,1216.5,360.2,8,50
2025-08-01T00:46:00Z,WriteSensor,LS-0001324,1087.1,309.6,8,50
2025-08-01T00:48:00Z,WriteSensor,LS-0001325,1136.5,298.1,8,50
2025-08-01T00:50:00Z,WriteSensor,LS-0001326,1188.5,312.9,8,50
2025-08-01T00:52:00Z,WriteSensor,LS-0001327,1232.7,341.2,8,50
2025-08-01T00:54:00Z,WriteSensor,LS-0001328,1117.4,322.4,8,50
2025-08-01T00:56:00Z,WriteSensor,LS-0001329,1130.4,336.6,8,50
2025-08-01T00:58:00Z,WriteSensor,LS-0001330,1195.3,311.3,8,50
2025-08-01T01:00:00Z,WriteSensor,LS-0001331,1088.1,275.8,8,50
2025-08-01T01:02:00Z,WriteSensor,LS-0001332,1136.3,307.3,8,50
2025-08-01T01:04:00Z,WriteSensor,LS-0001333,1161.1,316.1,8,50
2025-08-01T01:06:00Z,WriteSensor,LS-0001334,1179.8,300.5,8,50
2025-08-01T01:08:00Z,WriteSensor,LS-0001335,1130.0,321.7,8,50
2025-08-01T01:10:00Z,WriteSensor,LS-0001336,1176.3,351.9,8,50
2025-08-01T01:12:00Z,WriteSensor,LS-0001337,1210.4,344.6,8,50
2025-08-01T01:14:00Z,WriteSensor,LS-0001338,1163.4,353.1,8,50
2025-08-01T01:16:00Z,WriteSensor,LS-0001339,1125.5,296.8,8,50
2025-08-01T01:18:00Z,WriteSensor,LS-0001340,1070.8,306.3,8,50
2025-08-01T01:20:00Z,WriteSensor,LS-0001341,1152.8,261.7,8,50
2025-08-01T01:22:00Z,WriteSensor,LS-0001342,1130.1,369.7,8,50
2025-08-01T01:24:00Z,WriteSensor,LS-0001343,1186.1,330.3,8,50
2025-08-01T01:26:00Z,WriteSensor,LS-0001344,1086.3,331.7,8,50
2025-08-01T01:28:00Z,WriteSensor,LS-0001345,1162.8,349.2,8,50
2025-08-01T01:30:00Z,WriteSensor,LS-0001346,1140.7,360.1,8,50
2025-08-01T01:32:00Z,WriteSensor,LS-0001347,1195.7,320.9,8,50
2025-08-01T01:34:00Z,WriteSensor,LS-0001348,1207.5,363.8,8,50
2025-08-01T01:36:00Z,WriteSensor,LS-0001349,1075.5,336.4,8,50
2025-08-01T01:38:00Z,WriteSensor,LS-0001350,1214.4,309.0,8,50
2025-08-01T01:40:00Z,WriteSensor,LS-0001351,1077.1,392.4,8,50
2025-08-01T01:42:00Z,WriteSensor,LS-0001352,1150.4,327.3,8,50
2025-08-01T01:44:00Z,WriteSensor,LS-0001353,1075.0,351.6,8,50
2025-08-01T01:46:00Z,WriteSensor,LS-0001354,1014.8,332.8,8,50
2025-08-01T01:48:00Z,WriteSensor,LS-0001355,1093.2,336.2,8,50
2025-08-01T01:50:00Z,WriteSensor,LS-0001356,1218.4,327.6,8,50
2025-08-01T01:52:00Z,WriteSensor,LS-0001357,1174.4,312.2,8,50
2025-08-01T01:54:00Z,WriteSensor,LS-0001358,1178.6,284.0,8,50
2025-08-01T01:56:00Z,WriteSensor,LS-0001359,1104.9,325.3,8,50
2025-08-01T01:58:00Z,WriteSensor,LS-0001360,1096.9,344.7,8,50
2025-08-01T02:00:00Z,WriteSensor,LS-0001361,1150.6,300.6,8,50
2025-08-01T02:02:00Z,WriteSensor,LS-0001362,1209.8,328.2,8,50
2025-08-01T02:04:00Z,WriteSensor,LS-0001363,1121.5,350.2,8,50
2025-08-01T02:06:00Z,WriteSensor,LS-0001364,1152.5,285.8,8,50
2025-08-01T02:08:00Z,WriteSensor,LS-0001365,1181.9,323.1,8,50
2025-08-01T02:10:00Z,WriteSensor,LS-0001366,1128.1,319.5,8,50
2025-08-01T02:12:00Z,WriteSensor,LS-0001367,1094.0,337.8,8,50
2025-08-01T02:14:00Z,WriteSensor,LS-0001368,1208.1,283.6,8,50
2025-08-01T02:16:00Z,WriteSensor,LS-0001369,1161.8,344.5,8,50
2025-08-01T02:18:00Z,WriteSensor,LS-0001370,1119.9,281.4,8,50
2025-08-01T02:20:00Z,WriteSensor,LS-0001371,1234.7,314.9,8,50
2025-08-01T02:22:00Z,WriteSensor,LS-0001372,1244.6,317.7,8,50
2025-08-01T02:24:00Z,WriteSensor,LS-0001373,1179.8,355.4,8,50
2025-08-01T02:26:00Z,WriteSensor,LS-0001374,1136.1,307.5,8,50
2025-08-01T02:28:00Z,WriteSensor,LS-0001375,1263.6,345.1,8,50
2025-08-01T02:30:00Z,WriteSensor,LS-0001376,1206.4,318.6,8,50
2025-08-01T02:32:00Z,WriteSensor,LS-0001377,1135.5,330.7,8,50
2025-08-01T02:34:00Z,WriteSensor,LS-0001378,1126.1,342.9,8,50
2025-08-01T02:36:00Z,WriteSensor,LS-0001379,1072.9,339.8,8,50
2025-08-01T02:38:00Z,WriteSensor,LS-0001380,1231.7,297.7,8,50
2025-08-01T02:40:00Z,WriteSensor,LS-0001381,1182.9,308.7,8,50
2025-08-01T02:42:00Z,WriteSensor,LS-0001382,1128.6,375.4,8,50
2025-08-01T02:44:00Z,WriteSensor,LS-0001383,1153.7,333.8,8,50
2025-08-01T02:46:00Z,WriteSensor,LS-0001384,1160.5,305.3,8,50
2025-08-01T02:48:00Z,WriteSensor,LS-0001385,1120.3,347.4,8,50
2025-08-01T02:50:00Z,WriteSensor,LS-0001386,1085.1,317.9,8,50
2025-08-01T02:52:00Z,WriteSensor,LS-0001387,1175.1,320.4,8,50
2025-08-01T02:54:00Z,WriteSensor,LS-0001388,1131.6,299.5,8,50
2025-08-01T02:56:00Z,WriteSensor,LS-0001389,1200.4,318.9,8,50
2025-08-01T02:58:00Z,WriteSensor,LS-0001390,1163.1,284.6,8,50
2025-08-01T03:00:00Z,WriteSensor,LS-0001391,1171.8,323.1,8,50
2025-08-01T03:02:00Z,WriteSensor,LS-0001392,1122.7,312.9,8,50
2025-08-01T03:04:00Z,WriteSensor,LS-0001393,1155.1,312.8,8,50
2025-08-01T03:06:00Z,WriteSensor,LS-0001394,1125.6,339.1,8,50
2025-08-01T03:08:00Z,WriteSensor,LS-0001395,1109.5,318.7,8,50
2025-08-01T03:10:00Z,WriteSensor,LS-0001396,1075.3,300.7,8,50
2025-08-01T03:12:00Z,WriteSensor,LS-0001397,1072.0,307.6,8,50
2025-08-01T03:14:00Z,WriteSensor,LS-0001398,1245.3,288.9,8,50
2025-08-01T03:16:00Z,WriteSensor,LS-0001399,1218.6,329.0,8,50
2025-08-01T03:18:00Z,WriteSensor,LS-0001400,1175.0,330.4,8,50
2025-08-01T03:20:00Z,WriteSensor,LS-0001401,1065.4,306.5,8,50
2025-08-01T03:22:00Z,WriteSensor,LS-0001402,1164.1,289.3,8,50
2025-08-01T03:24:00Z,WriteSensor,LS-0001403,1124.9,328.9,8,50
2025-08-01T03:26:00Z,WriteSensor,LS-0001404,1083.3,302.8,8,50
2025-08-01T03:28:00Z,WriteSensor,LS-0001405,1079.7,364.3,8,50
2025-08-01T03:30:00Z,WriteSensor,LS-0001406,1061.2,344.5,8,50
2025-08-01T03:32:00Z,WriteSensor,LS-0001407,1163.4,320.2,8,50
2025-08-01T03:34:00Z,WriteSensor,LS-0001408,1173.3,348.3,8,50
2025-08-01T03:36:00Z,WriteSensor,LS-0001409,1108.3,259.9,8,50
2025-08-01T03:38:00Z,WriteSensor,LS-0001410,1183.4,278.2,8,50
2025-08-01T03:40:00Z,WriteSensor,LS-0001411,1265.5,304.1,8,50
2025-08-01T03:42:00Z,WriteSensor,LS-0001412,1130.1,312.2,8,50
2025-08-01T03:44:00Z,WriteSensor,LS-0001413,1067.6,302.4,8,50
2025-08-01T03:46:00Z,WriteSensor,LS-0001414,1139.6,314.7,8,50
2025-08-01T03:48:00Z,WriteSensor,LS-0001415,1130.5,323.9,8,50
2025-08-01T03:50:00Z,WriteSensor,LS-0001416,1233.7,301.1,8,50
2025-08-01T03:52:00Z,WriteSensor,LS-0001417,1121.1,345.7,8,50
2025-08-01T03:54:00Z,WriteSensor,LS-0001418,1130.2,314.6,8,50
2025-08-01T03:56:00Z,WriteSensor,LS-0001419,1138.7,311.1,8,50
2025-08-01T03:58:00Z,WriteSensor,LS-0001420,1215.4,333.4,8,50
2025-08-01T04:00:00Z,WriteSensor,LS-0001421,1141.2,328.2,8,50
2025-08-01T04:02:00Z,WriteSensor,LS-0001422,1123.6,316.0,8,50
2025-08-01T04:04:00Z,WriteSensor,LS-0001423,1176.4,324.8,8,50
2025-08-01T04:06:00Z,WriteSensor,LS-0001424,1152.9,335.2,8,50
2025-08-01T04:08:00Z,WriteSensor,LS-0001425,1245.3,333.9,8,50
2025-08-01T04:10:00Z,WriteSensor,LS-0001426,1136.1,314.2,8,50
2025-08-01T04:12:00Z,WriteSensor,LS-0001427,1120.0,317.3,8,50
2025-08-01T04:14:00Z,WriteSensor,LS-0001428,1128.0,315.9,8,50
2025-08-01T04:16:00Z,WriteSensor,LS-0001429,1074.3,314.1,8,50
2025-08-01T04:18:00Z,WriteSensor,LS-0001430,1176.4,306.8,8,50
2025-08-01T04:20:00Z,WriteSensor,LS-0001431,1110.9,344.7,8,50
2025-08-01T04:22:00Z,WriteSensor,LS-0001432,1163.8,275.3,8,50
2025-08-01T04:24:00Z,WriteSensor,LS-0001433,1044.2,311.7,8,50
2025-08-01T04:26:00Z,WriteSensor,LS-0001434,1162.5,345.6,8,50
2025-08-01T04:28:00Z,WriteSensor,LS-0001435,1196.9,310.4,8,50
2025-08-01T04:30:00Z,WriteSensor,LS-0001436,1107.9,280.7,8,50
2025-08-01T04:32:00Z,WriteSensor,LS-0001437,1075.5,367.9,8,50
2025-08-01T04:34:00Z,WriteSensor,LS-0001438,1101.1,315.4,8,50
2025-08-01T04:36:00Z,WriteSensor,LS-0001439,1160.8,309.5,8,50
2025-08-01T04:38:00Z,WriteSensor,LS-0001440,1170.8,264.9,8,50
2025-08-01T04:40:00Z,WriteSensor,LS-0001441,1167.7,326.5,8,50
2025-08-01T04:42:00Z,WriteSensor,LS-0001442,1149.4,324.5,8,50
2025-08-01T04:44:00Z,WriteSensor,LS-0001443,1253.8,304.4,8,50
2025-08-01T04:46:00Z,WriteSensor,LS-0001444,1105.7,268.5,8,50
2025-08-01T04:48:00Z,WriteSensor,LS-0001445,1078.9,288.2,8,50
2025-08-01T04:50:00Z,WriteSensor,LS-0001446,1127.8,324.0,8,50
2025-08-01T04:52:00Z,WriteSensor,LS-0001447,1098.5,323.5,8,50
2025-08-01T04:54:00Z,WriteSensor,LS-0001448,1168.3,293.6,8,50
2025-08-01T04:56:00Z,WriteSensor,LS-0001449,1096.2,357.1,8,50
2025-08-01T04:58:00Z,WriteSensor,LS-0001450,1249.9,313.1,8,50
2025-08-01T05:00:00Z,WriteSensor,LS-0001451,1125.4,276.7,8,50
2025-08-01T05:02:00Z,WriteSensor,LS-0001452,1184.3,282.3,8,50
2025-08-01T05:04:00Z,WriteSensor,LS-0001453,1041.8,338.7,8,50
2025-08-01T05:06:00Z,WriteSensor,LS-0001454,1165.0,347.2,8,50
2025-08-01T05:08:00Z,WriteSensor,LS-0001455,1189.2,292.5,8,50
2025-08-01T05:10:00Z,WriteSensor,LS-0001456,1129.2,347.8,8,50
2025-08-01T05:12:00Z,WriteSensor,LS-0001457,1125.0,350.8,8,50
2025-08-01T05:14:00Z,WriteSensor,LS-0001458,1179.7,323.9,8,50
2025-08-01T05:16:00Z,WriteSensor,LS-0001459,1071.2,325.4,8,50
2025-08-01T05:18:00Z,WriteSensor,LS-0001460,1134.9,345.4,8,50
2025-08-01T05:20:00Z,WriteSensor,LS-0001461,1117.1,284.6,8,50
2025-08-01T05:22:00Z,WriteSensor,LS-0001462,1079.9,313.9,8,50
2025-08-01T05:24:00Z,WriteSensor,LS-0001463,1107.2,296.7,8,50
2025-08-01T05:26:00Z,WriteSensor,LS-0001464,1104.2,300.2,8,50
2025-08-01T05:28:00Z,WriteSensor,LS-0001465,1086.4,314.5,8,50
2025-08-01T05:30:00Z,WriteSensor,LS-0001466,1166.7,322.9,8,50
2025-08-01T05:32:00Z,WriteSensor,LS-0001467,1074.2,317.4,8,50
2025-08-01T05:34:00Z,WriteSensor,LS-0001468,1129.4,303.2,8,50
2025-08-01T05:36:00Z,WriteSensor,LS-0001469,1216.4,302.8,8,50
2025-08-01T05:38:00Z,WriteSensor,LS-0001470,1183.5,295.1,8,50
2025-08-01T05:40:00Z,WriteSensor,LS-0001471,1152.0,294.6,8,50
2025-08-01T05:42:00Z,WriteSensor,LS-0001472,1119.6,338.8,8,50
2025-08-01T05:44:00Z,WriteSensor,LS-0001473,1083.9,341.4,8,50
2025-08-01T05:46:00Z,WriteSensor,LS-0001474,1124.3,332.6,8,50
2025-08-01T05:48:00Z,WriteSensor,LS-0001475,1163.0,330.7,8,50
2025-08-01T05:50:00Z,WriteSensor,LS-0001476,1021.8,301.8,8,50
2025-08-01T05:52:00Z,WriteSensor,LS-0001477,1200.6,310.6,8,50
2025-08-01T05:54:00Z,WriteSensor,LS-0001478,1058.9,353.3,8,50
2025-08-01T05:56:00Z,WriteSensor,LS-0001479,1197.6,351.2,8,50
2025-08-01T05:58:00Z,WriteSensor,LS-0001480,1076.6,334.1,8,50
2025-08-01T06:00:00Z,WriteSensor,LS-0001481,1122.6,311.3,8,50
2025-08-01T06:02:00Z,WriteSensor,LS-0001482,1098.2,292.4,8,50
2025-08-01T06:04:00Z,WriteSensor,LS-0001483,1150.1,303.6,8,50
2025-08-01T06:06:00Z,WriteSensor,LS-0001484,1067.1,326.5,8,50
2025-08-01T06:08:00Z,WriteSensor,LS-0001485,1093.6,356.9,8,50
2025-08-01T06:10:00Z,WriteSensor,LS-0001486,1222.1,334.6,8,50
2025-08-01T06:12:00Z,WriteSensor,LS-0001487,1133.6,335.7,8,50
2025-08-01T06:14:00Z,WriteSensor,LS-0001488,1159.3,334.3,8,50
2025-08-01T06:16:00Z,WriteSensor,LS-0001489,1105.5,351.5,8,50
2025-08-01T06:18:00Z,WriteSensor,LS-0001490,1237.1,323.9,8,50
2025-08-01T06:20:00Z,WriteSensor,LS-0001491,1194.1,301.5,8,50
2025-08-01T06:22:00Z,WriteSensor,LS-0001492,1070.1,346.9,8,50
2025-08-01T06:24:00Z,WriteSensor,LS-0001493,1107.2,309.6,8,50
2025-08-01T06:26:00Z,WriteSensor,LS-0001494,1217.8,332.4,8,50
2025-08-01T06:28:00Z,WriteSensor,LS-0001495,1141.4,371.7,8,50
2025-08-01T06:30:00Z,WriteSensor,LS-0001496,1222.0,320.1,8,50
2025-08-01T06:32:00Z,WriteSensor,LS-0001497,1082.5,289.8,8,50
2025-08-01T06:34:00Z,WriteSensor,LS-0001498,1126.3,305.1,8,50
2025-08-01T06:36:00Z,WriteSensor,LS-0001499,1207.1,335.7,8,50
2025-08-01T06:38:00Z,WriteSensor,LS-0001500,1117.4,339.5,8,50
2025-08-01T06:40:00Z,WriteSensor,LS-0001501,1110.3,326.7,8,50
2025-08-01T06:42:00Z,WriteSensor,LS-0001502,1147.9,326.6,8,50
2025-08-01T06:44:00Z,WriteSensor,LS-0001503,1128.1,375.1,8,50
2025-08-01T06:46:00Z,WriteSensor,LS-0001504,1207.1,316.4,8,50
2025-08-01T06:48:00Z,WriteSensor,LS-0001505,1194.9,342.1,8,50
2025-08-01T06:50:00Z,WriteSensor,LS-0001506,1141.4,294.8,8,50
2025-08-01T06:52:00Z,WriteSensor,LS-0001507,1073.0,285.3,8,50
2025-08-01T06:54:00Z,WriteSensor,LS-0001508,1114.8,309.5,8,50
2025-08-01T06:56:00Z,WriteSensor,LS-0001509,1225.3,310.5,8,50
2025-08-01T06:58:00Z,WriteSensor,LS-0001510,1146.6,284.0,8,50
2025-08-01T07:00:00Z,WriteSensor,LS-0001511,1233.4,311.1,8,50
2025-08-01T07:02:00Z,WriteSensor,LS-0001512,1109.7,328.2,8,50
2025-08-01T07:04:00Z,WriteSensor,LS-0001513,1095.6,338.9,8,50
2025-08-01T07:06:00Z,WriteSensor,LS-0001514,1171.1,336.0,8,50
2025-08-01T07:08:00Z,WriteSensor,LS-0001515,1159.0,324.4,8,50
2025-08-01T07:10:00Z,WriteSensor,LS-0001516,1174.5,311.9,8,50
2025-08-01T07:12:00Z,WriteSensor,LS-0001517,1116.1,308.7,8,50
2025-08-01T07:14:00Z,WriteSensor,LS-0001518,1180.8,310.8,8,50
2025-08-01T07:16:00Z,WriteSensor,LS-0001519,1251.2,304.7,8,50
2025-08-01T07:18:00Z,WriteSensor,LS-0001520,1188.8,317.0,8,50
2025-08-01T07:20:00Z,WriteSensor,LS-0001521,1155.2,324.8,8,50
2025-08-01T07:22:00Z,WriteSensor,LS-0001522,1159.7,356.9,8,50
2025-08-01T07:24:00Z,WriteSensor,LS-0001523,1171.0,332.6,8,50
2025-08-01T07:26:00Z,WriteSensor,LS-0001524,1112.3,321.7,8,50
2025-08-01T07:28:00Z,WriteSensor,LS-0001525,1088.4,341.1,8,50
2025-08-01T07:30:00Z,WriteSensor,LS-0001526,1137.5,287.8,8,50
2025-08-01T07:32:00Z,WriteSensor,LS-0001527,1062.0,363.0,8,50
2025-08-01T07:34:00Z,WriteSensor,LS-0001528,1155.6,317.9,8,50
2025-08-01T07:36:00Z,WriteSensor,LS-0001529,1256.8,287.9,8,50
2025-08-01T07:38:00Z,WriteSensor,LS-0001530,1030.5,372.5,8,50
2025-08-01T07:40:00Z,WriteSensor,LS-0001531,1163.7,311.7,8,50
2025-08-01T07:42:00Z,WriteSensor,LS-0001532,1241.6,297.7,8,50
2025-08-01T07:44:00Z,WriteSensor,LS-0001533,1175.3,343.1,8,50
2025-08-01T07:46:00Z,WriteSensor,LS-0001534,1225.2,287.5,8,50
2025-08-01T07:48:00Z,WriteSensor,LS-0001535,1230.3,341.6,8,50
2025-08-01T07:50:00Z,WriteSensor,LS-0001536,1053.0,334.4,8,50
2025-08-01T07:52:00Z,WriteSensor,LS-0001537,1130.2,298.5,8,50
2025-08-01T07:54:00Z,WriteSensor,LS-0001538,992.1,338.1,8,50
2025-08-01T07:56:00Z,WriteSensor,LS-0001539,1185.6,315.2,8,50
2025-08-01T07:58:00Z,WriteSensor,LS-0001540,1187.4,325.9,8,50
2025-08-01T08:00:00Z,WriteSensor,LS-0001541,1128.4,316.5,8,50
2025-08-01T08:02:00Z,WriteSensor,LS-0001542,1138.1,315.4,8,50
2025-08-01T08:04:00Z,WriteSensor,LS-0001543,1073.3,314.5,8,50
2025-08-01T08:06:00Z,WriteSensor,LS-0001544,1224.4,311.5,8,50
2025-08-01T08:08:00Z,WriteSensor,LS-0001545,1143.1,335.8,8,50
2025-08-01T08:10:00Z,WriteSensor,LS-0001546,1099.3,320.9,8,50
2025-08-01T08:12:00Z,WriteSensor,LS-0001547,1094.5,335.7,8,50
2025-08-01T08:14:00Z,WriteSensor,LS-0001548,1089.2,297.6,8,50
2025-08-01T08:16:00Z,WriteSensor,LS-0001549,1111.0,304.5,8,50
2025-08-01T08:18:00Z,WriteSensor,LS-0001550,1093.7,352.3,8,50
2025-08-01T08:20:00Z,WriteSensor,LS-0001551,1115.1,367.4,8,50
2025-08-01T08:22:00Z,WriteSensor,LS-0001552,1100.7,319.7,8,50
2025-08-01T08:24:00Z,WriteSensor,LS-0001553,1206.0,337.9,8,50
2025-08-01T08:26:00Z,WriteSensor,LS-0001554,1186.6,390.1,8,50
2025-08-01T08:28:00Z,WriteSensor,LS-0001555,1199.8,356.4,8,50
2025-08-01T08:30:00Z,WriteSensor,LS-0001556,1155.3,367.3,8,50
2025-08-01T08:32:00Z,WriteSensor,LS-0001557,1220.7,324.9,8,50
2025-08-01T08:34:00Z,WriteSensor,LS-0001558,1158.2,354.3,8,50
2025-08-01T08:36:00Z,WriteSensor,LS-0001559,1151.1,334.6,8,50
2025-08-01T08:38:00Z,WriteSensor,LS-0001560,1245.8,350.0,8,50
2025-08-01T08:40:00Z,WriteSensor,LS-0001561,1214.2,306.7,8,50
2025-08-01T08:42:00Z,WriteSensor,LS-0001562,1154.2,287.7,8,50
2025-08-01T08:44:00Z,WriteSensor,LS-0001563,1168.1,319.5,8,50
2025-08-01T08:46:00Z,WriteSensor,LS-0001564,1138.6,305.8,8,50
2025-08-01T08:48:00Z,WriteSensor,LS-0001565,1111.8,324.2,8,50
2025-08-01T08:50:00Z,WriteSensor,LS-0001566,1129.2,320.0,8,50
2025-08-01T08:52:00Z,WriteSensor,LS-0001567,1148.5,328.4,8,50
2025-08-01T08:54:00Z,WriteSensor,LS-0001568,1189.0,326.2,8,50
2025-08-01T08:56:00Z,WriteSensor,LS-0001569,1083.7,346.6,8,50
2025-08-01T08:58:00Z,WriteSensor,LS-0001570,1161.3,292.3,8,50
2025-08-01T09:00:00Z,WriteSensor,LS-0001571,1210.9,292.3,8,50
2025-08-01T09:02:00Z,WriteSensor,LS-0001572,1063.9,308.1,8,50
2025-08-01T09:04:00Z,WriteSensor,LS-0001573,1203.3,304.5,8,50
2025-08-01T09:06:00Z,WriteSensor,LS-0001574,1212.8,321.4,8,50
2025-08-01T09:08:00Z,WriteSensor,LS-0001575,1042.8,311.0,8,50
2025-08-01T09:10:00Z,WriteSensor,LS-0001576,1134.0,307.5,8,50
2025-08-01T09:12:00Z,WriteSensor,LS-0001577,1234.3,336.5,8,50
2025-08-01T09:14:00Z,WriteSensor,LS-0001578,1092.0,256.8,8,50
2025-08-01T09:16:00Z,WriteSensor,LS-0001579,1231.3,320.1,8,50
2025-08-01T09:18:00Z,WriteSensor,LS-0001580,1144.0,354.6,8,50
2025-08-01T09:20:00Z,WriteSensor,LS-0001581,1076.4,385.7,8,50
2025-08-01T09:22:00Z,WriteSensor,LS-0001582,1195.4,294.2,8,50
2025-08-01T09:24:00Z,WriteSensor,LS-0001583,1231.1,300.3,8,50
2025-08-01T09:26:00Z,WriteSensor,LS-0001584,1106.1,313.7,8,50
2025-08-01T09:28:00Z,WriteSensor,LS-0001585,1118.1,295.8,8,50
2025-08-01T09:30:00Z,WriteSensor,LS-0001586,1094.0,328.6,8,50
2025-08-01T09:32:00Z,WriteSensor,LS-0001587,1124.1,320.5,8,50
2025-08-01T09:34:00Z,WriteSensor,LS-0001588,1099.4,300.9,8,50
2025-08-01T09:36:00Z,WriteSensor,LS-0001589,1089.1,339.1,8,50
2025-08-01T09:38:00Z,WriteSensor,LS-0001590,1071.6,322.5,8,50
2025-08-01T09:40:00Z,WriteSensor,LS-0001591,1068.1,310.2,8,50
2025-08-01T09:42:00Z,WriteSensor,LS-0001592,1105.4,346.8,8,50
2025-08-01T09:44:00Z,WriteSensor,LS-0001593,1182.7,316.2,8,50
2025-08-01T09:46:00Z,WriteSensor,LS-0001594,1133.6,321.4,8,50
2025-08-01T09:48:00Z,WriteSensor,LS-0001595,1246.2,299.5,8,50
2025-08-01T09:50:00Z,WriteSensor,LS-0001596,1240.1,315.9,8,50
2025-08-01T09:52:00Z,WriteSensor,LS-0001597,1123.7,323.4,8,50
2025-08-01T09:54:00Z,WriteSensor,LS-0001598,1143.5,283.2,8,50
2025-08-01T09:56:00Z,WriteSensor,LS-0001599,1134.4,319.2,8,50
2025-08-01T09:58:00Z,WriteSensor,LS-0001600,1195.0,343.0,8,50
2025-08-01T10:00:00Z,WriteSensor,LS-0001601,1177.2,342.8,8,50
2025-08-01T10:02:00Z,WriteSensor,LS-0001602,1050.2,266.8,8,50
2025-08-01T10:04:00Z,WriteSensor,LS-0001603,1010.9,308.6,8,50
2025-08-01T10:06:00Z,WriteSensor,LS-0001604,1177.5,317.9,8,50
2025-08-01T10:08:00Z,WriteSensor,LS-0001605,1151.3,349.5,8,50
2025-08-01T10:10:00Z,WriteSensor,LS-0001606,1086.7,304.0,8,50
2025-08-01T10:12:00Z,WriteSensor,LS-0001607,1127.2,302.7,8,50
2025-08-01T10:14:00Z,WriteSensor,LS-0001608,1097.8,316.8,8,50
2025-08-01T10:16:00Z,WriteSensor,LS-0001609,1182.4,326.5,8,50
2025-08-01T10:18:00Z,WriteSensor,LS-0001610,1180.2,290.6,8,50
2025-08-01T10:20:00Z,WriteSensor,LS-0001611,1187.5,318.8,8,50
2025-08-01T10:22:00Z,WriteSensor,LS-0001612,1178.5,319.3,8,50
2025-08-01T10:24:00Z,WriteSensor,LS-0001613,1254.5,332.4,8,50
2025-08-01T10:26:00Z,WriteSensor,LS-0001614,1158.3,305.3,8,50
2025-08-01T10:28:00Z,WriteSensor,LS-0001615,1253.0,302.5,8,50
2025-08-01T10:30:00Z,WriteSensor,LS-0001616,1206.3,326.8,8,50
2025-08-01T10:32:00Z,WriteSensor,LS-0001617,1178.2,345.5,8,50
2025-08-01T10:34:00Z,WriteSensor,LS-0001618,1089.4,343.9,8,50
2025-08-01T10:36:00Z,WriteSensor,LS-0001619,1064.3,253.7,8,50
2025-08-01T10:38:00Z,WriteSensor,LS-0001620,1099.4,353.1,8,50
2025-08-01T10:40:00Z,WriteSensor,LS-0001621,1197.2,330.0,8,50
2025-08-01T10:42:00Z,WriteSensor,LS-0001622,1049.7,302.9,8,50
2025-08-01T10:44:00Z,WriteSensor,LS-0001623,1232.4,336.3,8,50
2025-08-01T10:46:00Z,WriteSensor,LS-0001624,1160.6,328.1,8,50
2025-08-01T10:48:00Z,WriteSensor,LS-0001625,1079.7,337.5,8,50
2025-08-01T10:50:00Z,WriteSensor,LS-0001626,1083.5,324.2,8,50
2025-08-01T10:52:00Z,WriteSensor,LS-0001627,1100.6,341.9,8,50
2025-08-01T10:54:00Z,WriteSensor,LS-0001628,1093.0,337.0,8,50
2025-08-01T10:56:00Z,WriteSensor,LS-0001629,1159.3,341.6,8,50
2025-08-01T10:58:00Z,WriteSensor,LS-0001630,1064.7,274.9,8,50
2025-08-01T11:00:00Z,WriteSensor,LS-0001631,1099.2,320.1,8,50
2025-08-01T11:02:00Z,WriteSensor,LS-0001632,1178.0,324.7,8,50
2025-08-01T11:04:00Z,WriteSensor,LS-0001633,1072.5,293.0,8,50
2025-08-01T11:06:00Z,WriteSensor,LS-0001634,1123.5,350.1,8,50
2025-08-01T11:08:00Z,WriteSensor,LS-0001635,1194.1,315.0,8,50
2025-08-01T11:10:00Z,WriteSensor,LS-0001636,1159.1,326.1,8,50
2025-08-01T11:12:00Z,WriteSensor,LS-0001637,1166.9,331.7,8,50
2025-08-01T11:14:00Z,WriteSensor,LS-0001638,1108.4,308.2,8,50
2025-08-01T11:16:00Z,WriteSensor,LS-0001639,1161.8,348.3,8,50
2025-08-01T11:18:00Z,WriteSensor,LS-0001640,1155.2,269.6,8,50
2025-08-01T11:20:00Z,WriteSensor,LS-0001641,1136.5,279.5,8,50
2025-08-01T11:22:00Z,WriteSensor,LS-0001642,1137.3,361.1,8,50
2025-08-01T11:24:00Z,WriteSensor,LS-0001643,1118.1,328.5,8,50
2025-08-01T11:26:00Z,WriteSensor,LS-0001644,1149.2,339.8,8,50
2025-08-01T11:28:00Z,WriteSensor,LS-0001645,1014.2,352.5,8,50
2025-08-01T11:30:00Z,WriteSensor,LS-0001646,1206.3,301.4,8,50
2025-08-01T11:32:00Z,WriteSensor,LS-0001647,1133.5,349.5,8,50
2025-08-01T11:34:00Z,WriteSensor,LS-0001648,1144.2,316.1,8,50
2025-08-01T11:36:00Z,WriteSensor,LS-0001649,1114.2,335.7,8,50
2025-08-01T11:38:00Z,WriteSensor,LS-0001650,1182.6,299.2,8,50
2025-08-01T11:40:00Z,WriteSensor,LS-0001651,1219.8,343.4,8,50
2025-08-01T11:42:00Z,WriteSensor,LS-0001652,1143.1,333.9,8,50
2025-08-01T11:44:00Z,WriteSensor,LS-0001653,1165.1,282.5,8,50
2025-08-01T11:46:00Z,WriteSensor,LS-0001654,1152.3,297.2,8,50
2025-08-01T11:48:00Z,WriteSensor,LS-0001655,1105.0,305.6,8,50
2025-08-01T11:50:00Z,WriteSensor,LS-0001656,1192.0,327.2,8,50
2025-08-01T11:52:00Z,WriteSensor,LS-0001657,1213.5,308.9,8,50
2025-08-01T11:54:00Z,WriteSensor,LS-0001658,1175.3,316.4,8,50
2025-08-01T11:56:00Z,WriteSensor,LS-0001659,1121.7,323.2,8,50
2025-08-01T11:58:00Z,WriteSensor,LS-0001660,1158.3,297.3,8,50
2025-08-01T12:00:00Z,WriteSensor,LS-0001661,1112.2,316.2,8,50
2025-08-01T12:02:00Z,WriteSensor,LS-0001662,1127.2,333.5,8,50
2025-08-01T12:04:00Z,WriteSensor,LS-0001663,1077.7,265.8,8,50
2025-08-01T12:06:00Z,WriteSensor,LS-0001664,1178.1,319.8,8,50
2025-08-01T12:08:00Z,WriteSensor,LS-0001665,1132.0,355.5,8,50
2025-08-01T12:10:00Z,WriteSensor,LS-0001666,1195.1,315.5,8,50
2025-08-01T12:12:00Z,WriteSensor,LS-0001667,1226.0,348.7,8,50
2025-08-01T12:14:00Z,WriteSensor,LS-0001668,1185.1,319.0,8,50
2025-08-01T12:16:00Z,WriteSensor,LS-0001669,1081.7,310.3,8,50
2025-08-01T12:18:00Z,WriteSensor,LS-0001670,1181.7,338.8,8,50
2025-08-01T12:20:00Z,WriteSensor,LS-0001671,1199.0,304.6,8,50
2025-08-01T12:22:00Z,WriteSensor,LS-0001672,1100.1,354.5,8,50
2025-08-01T12:24:00Z,WriteSensor,LS-0001673,1103.9,374.3,8,50
2025-08-01T12:26:00Z,WriteSensor,LS-0001674,1170.6,323.3,8,50
2025-08-01T12:28:00Z,WriteSensor,LS-0001675,1137.0,301.6,8,50
2025-08-01T12:30:00Z,WriteSensor,LS-0001676,1036.4,337.6,8,50
2025-08-01T12:32:00Z,WriteSensor,LS-0001677,1151.2,336.4,8,50
2025-08-01T12:34:00Z,WriteSensor,LS-0001678,1135.3,291.1,8,50
2025-08-01T12:36:00Z,WriteSensor,LS-0001679,1117.8,266.7,8,50
2025-08-01T12:38:00Z,WriteSensor,LS-0001680,1092.1,295.9,8,50
2025-08-01T12:40:00Z,WriteSensor,LS-0001681,1113.7,328.3,8,50
2025-08-01T12:42:00Z,WriteSensor,LS-0001682,994.0,323.4,8,50
2025-08-01T12:44:00Z,WriteSensor,LS-0001683,1196.4,309.0,8,50
2025-08-01T12:46:00Z,WriteSensor,LS-0001684,1178.2,321.1,8,50
2025-08-01T12:48:00Z,WriteSensor,LS-0001685,1092.9,321.7,8,50
2025-08-01T12:50:00Z,WriteSensor,LS-0001686,1134.6,326.6,8,50
2025-08-01T12:52:00Z,WriteSensor,LS-0001687,1121.2,346.8,8,50
2025-08-01T12:54:00Z,WriteSensor,LS-0001688,1171.7,299.5,8,50
2025-08-01T12:56:00Z,WriteSensor,LS-0001689,1190.9,318.6,8,50
2025-08-01T12:58:00Z,WriteSensor,LS-0001690,1274.8,374.8,8,50
2025-08-01T13:00:00Z,WriteSensor,LS-0001691,1066.3,291.5,8,50
2025-08-01T13:02:00Z,WriteSensor,LS-0001692,1057.8,284.9,8,50
2025-08-01T13:04:00Z,WriteSensor,LS-0001693,1183.5,339.4,8,50
2025-08-01T13:06:00Z,WriteSensor,LS-0001694,1086.4,301.5,8,50
2025-08-01T13:08:00Z,WriteSensor,LS-0001695,1085.7,351.9,8,50
2025-08-01T13:10:00Z,WriteSensor,LS-0001696,1190.4,315.5,8,50
2025-08-01T13:12:00Z,WriteSensor,LS-0001697,1161.5,331.8,8,50
2025-08-01T13:14:00Z,WriteSensor,LS-0001698,1136.4,342.8,8,50
2025-08-01T13:16:00Z,WriteSensor,LS-0001699,1263.0,284.5,8,50
2025-08-01T13:18:00Z,WriteSensor,LS-0001700,1194.5,317.2,8,50
2025-08-01T13:20:00Z,WriteSensor,LS-0001701,1231.2,328.0,8,50
2025-08-01T13:22:00Z,WriteSensor,LS-0001702,1171.7,342.2,8,50
2025-08-01T13:24:00Z,WriteSensor,LS-0001703,1127.4,368.0,8,50
2025-08-01T13:26:00Z,WriteSensor,LS-0001704,1184.7,327.7,8,50
2025-08-01T13:28:00Z,WriteSensor,LS-0001705,1214.7,307.8,8,50
2025-08-01T13:30:00Z,WriteSensor,LS-0001706,1175.4,293.2,8,50
2025-08-01T13:32:00Z,WriteSensor,LS-0001707,1112.4,355.1,8,50
2025-08-01T13:34:00Z,WriteSensor,LS-0001708,1142.9,334.8,8,50
2025-08-01T13:36:00Z,WriteSensor,LS-0001709,1182.9,301.5,8,50
2025-08-01T13:38:00Z,WriteSensor,LS-0001710,1062.3,349.0,8,50
2025-08-01T13:40:00Z,WriteSensor,LS-0001711,1130.3,321.6,8,50
2025-08-01T13:42:00Z,WriteSensor,LS-0001712,1111.1,299.2,8,50
2025-08-01T13:44:00Z,WriteSensor,LS-0001713,1170.1,333.6,8,50
2025-08-01T13:46:00Z,WriteSensor,LS-0001714,1078.4,306.9,8,50
2025-08-01T13:48:00Z,WriteSensor,LS-0001715,1214.3,333.4,8,50
2025-08-01T13:50:00Z,WriteSensor,LS-0001716,1052.0,335.1,8,50
2025-08-01T13:52:00Z,WriteSensor,LS-0001717,1202.4,353.2,8,50
2025-08-01T13:54:00Z,WriteSensor,LS-0001718,1036.4,305.3,8,50
2025-08-01T13:56:00Z,WriteSensor,LS-0001719,1125.3,309.0,8,50
2025-08-01T13:58:00Z,WriteSensor,LS-0001720,1109.2,326.5,8,50
2025-08-01T14:00:00Z,WriteSensor,LS-0001721,1268.9,290.0,8,50
2025-08-01T14:02:00Z,WriteSensor,LS-0001722,1144.0,326.9,8,50
2025-08-01T14:04:00Z,WriteSensor,LS-0001723,1062.3,355.3,8,50
2025-08-01T14:06:00Z,WriteSensor,LS-0001724,1090.4,344.5,8,50
2025-08-01T14:08:00Z,WriteSensor,LS-0001725,1165.1,328.9,8,50
2025-08-01T14:10:00Z,WriteSensor,LS-0001726,1173.7,283.8,8,50
2025-08-01T14:12:00Z,WriteSensor,LS-0001727,1150.6,340.0,8,50
2025-08-01T14:14:00Z,WriteSensor,LS-0001728,1209.4,303.4,8,50
2025-08-01T14:16:00Z,WriteSensor,LS-0001729,1184.1,355.1,8,50
2025-08-01T14:18:00Z,WriteSensor,LS-0001730,1143.0,370.6,8,50
2025-08-01T14:20:00Z,WriteSensor,LS-0001731,1126.4,326.1,8,50
2025-08-01T14:22:00Z,WriteSensor,LS-0001732,1246.2,350.7,8,50
2025-08-01T14:24:00Z,WriteSensor,LS-0001733,1148.4,307.7,8,50
2025-08-01T14:26:00Z,WriteSensor,LS-0001734,1101.6,287.5,8,50
2025-08-01T14:28:00Z,WriteSensor,LS-0001735,1144.9,307.7,8,50
2025-08-01T14:30:00Z,WriteSensor,LS-0001736,1122.8,342.8,8,50
2025-08-01T14:32:00Z,WriteSensor,LS-0001737,1213.6,303.2,8,50
2025-08-01T14:34:00Z,WriteSensor,LS-0001738,1224.2,330.5,8,50
2025-08-01T14:36:00Z,WriteSensor,LS-0001739,1191.2,348.7,8,50
2025-08-01T14:38:00Z,WriteSensor,LS-0001740,1221.5,315.4,8,50
2025-08-01T14:40:00Z,WriteSensor,LS-0001741,1116.5,365.8,8,50
2025-08-01T14:42:00Z,WriteSensor,LS-0001742,1170.8,340.3,8,50
2025-08-01T14:44:00Z,WriteSensor,LS-0001743,1186.6,298.5,8,50
2025-08-01T14:46:00Z,WriteSensor,LS-0001744,1130.8,313.3,8,50
2025-08-01T14:48:00Z,WriteSensor,LS-0001745,1098.1,276.9,8,50
2025-08-01T14:50:00Z,WriteSensor,LS-0001746,1116.1,312.9,8,50
2025-08-01T14:52:00Z,WriteSensor,LS-0001747,1167.2,306.9,8,50
2025-08-01T14:54:00Z,WriteSensor,LS-0001748,1065.9,357.7,8,50
2025-08-01T14:56:00Z,WriteSensor,LS-0001749,1007.9,320.4,8,50
2025-08-01T14:58:00Z,WriteSensor,LS-0001750,1138.2,313.6,8,50
2025-08-01T15:00:00Z,WriteSensor,LS-0001751,1098.8,332.7,8,50
2025-08-01T15:02:00Z,WriteSensor,LS-0001752,1256.8,301.4,8,50
2025-08-01T15:04:00Z,WriteSensor,LS-0001753,1101.7,255.2,8,50
2025-08-01T15:06:00Z,WriteSensor,LS-0001754,1125.9,340.7,8,50
2025-08-01T15:08:00Z,WriteSensor,LS-0001755,1172.3,295.7,8,50
2025-08-01T15:10:00Z,WriteSensor,LS-0001756,1103.5,307.3,8,50
2025-08-01T15:12:00Z,WriteSensor,LS-0001757,1117.6,294.7,8,50
2025-08-01T15:14:00Z,WriteSensor,LS-0001758,1143.6,299.3,8,50
2025-08-01T15:16:00Z,WriteSensor,LS-0001759,1137.8,289.7,8,50
2025-08-01T15:18:00Z,WriteSensor,LS-0001760,1125.3,362.0,8,50
2025-08-01T15:20:00Z,WriteSensor,LS-0001761,1162.4,335.1,8,50
2025-08-01T15:22:00Z,WriteSensor,LS-0001762,1103.9,290.8,8,50
2025-08-01T15:24:00Z,WriteSensor,LS-0001763,1111.4,347.1,8,50
2025-08-01T15:26:00Z,WriteSensor,LS-0001764,1148.3,313.3,8,50
2025-08-01T15:28:00Z,WriteSensor,LS-0001765,1106.5,298.5,8,50
2025-08-01T15:30:00Z,WriteSensor,LS-0001766,1137.3,316.1,8,50
2025-08-01T15:32:00Z,WriteSensor,LS-0001767,1173.3,321.0,8,50
2025-08-01T15:34:00Z,WriteSensor,LS-0001768,1239.4,327.2,8,50
2025-08-01T15:36:00Z,WriteSensor,LS-0001769,1127.6,296.3,8,50
2025-08-01T15:38:00Z,WriteSensor,LS-0001770,1154.4,336.5,8,50
2025-08-01T15:40:00Z,WriteSensor,LS-0001771,1127.1,300.4,8,50
2025-08-01T15:42:00Z,WriteSensor,LS-0001772,1118.7,350.9,8,50
2025-08-01T15:44:00Z,WriteSensor,LS-0001773,1169.3,305.6,8,50
2025-08-01T15:46:00Z,WriteSensor,LS-0001774,1193.5,263.5,8,50
2025-08-01T15:48:00Z,WriteSensor,LS-0001775,1157.6,350.4,8,50
2025-08-01T15:50:00Z,WriteSensor,LS-0001776,1167.6,353.4,8,50
2025-08-01T15:52:00Z,WriteSensor,LS-0001777,1267.5,300.7,8,50
2025-08-01T15:54:00Z,WriteSensor,LS-0001778,1218.4,300.8,8,50
2025-08-01T15:56:00Z,WriteSensor,LS-0001779,1240.4,309.6,8,50
2025-08-01T15:58:00Z,WriteSensor,LS-0001780,1141.3,344.6,8,50
2025-08-01T16:00:00Z,WriteSensor,LS-0001781,1097.6,303.8,8,50
2025-08-01T16:02:00Z,WriteSensor,LS-0001782,1175.5,344.0,8,50
2025-08-01T16:04:00Z,WriteSensor,LS-0001783,1237.0,338.2,8,50
2025-08-01T16:06:00Z,WriteSensor,LS-0001784,1128.0,297.9,8,50
2025-08-01T16:08:00Z,WriteSensor,LS-0001785,1084.1,326.3,8,50
2025-08-01T16:10:00Z,WriteSensor,LS-0001786,1132.9,337.0,8,50
2025-08-01T16:12:00Z,WriteSensor,LS-0001787,1205.6,299.8,8,50
2025-08-01T16:14:00Z,WriteSensor,LS-0001788,1093.6,318.2,8,50
2025-08-01T16:16:00Z,WriteSensor,LS-0001789,1192.7,322.0,8,50
2025-08-01T16:18:00Z,WriteSensor,LS-0001790,1226.3,298.0,8,50
2025-08-01T16:20:00Z,WriteSensor,LS-0001791,1190.5,338.3,8,50
2025-08-01T16:22:00Z,WriteSensor,LS-0001792,1182.7,296.0,8,50
2025-08-01T16:24:00Z,WriteSensor,LS-0001793,1130.3,343.6,8,50
2025-08-01T16:26:00Z,WriteSensor,LS-0001794,1178.1,317.4,8,50
2025-08-01T16:28:00Z,WriteSensor,LS-0001795,1168.0,300.3,8,50
2025-08-01T16:30:00Z,WriteSensor,LS-0001796,1179.7,295.1,8,50
2025-08-01T16:32:00Z,WriteSensor,LS-0001797,1149.6,333.9,8,50
2025-08-01T16:34:00Z,WriteSensor,LS-0001798,1211.8,319.4,8,50
2025-08-01T16:36:00Z,WriteSensor,LS-0001799,1092.2,304.0,8,50
2025-08-01T16:38:00Z,WriteSensor,LS-0001800,1139.2,319.6,8,50
2025-08-01T00:00:00Z,WriteSensor,LS-0001801,1100.9,356.0,16,50
2025-08-01T00:02:00Z,WriteSensor,LS-0001802,1042.6,314.7,16,50
2025-08-01T00:04:00Z,WriteSensor,LS-0001803,1136.0,304.3,16,50
2025-08-01T00:06:00Z,WriteSensor,LS-0001804,990.5,294.7,16,50
2025-08-01T00:08:00Z,WriteSensor,LS-0001805,1114.5,314.5,16,50
2025-08-01T00:10:00Z,WriteSensor,LS-0001806,999.7,310.1,16,50
2025-08-01T00:12:00Z,WriteSensor,LS-0001807,1060.6,305.8,16,50
2025-08-01T00:14:00Z,WriteSensor,LS-0001808,1078.6,290.3,16,50
2025-08-01T00:16:00Z,WriteSensor,LS-0001809,1075.0,301.9,16,50
2025-08-01T00:18:00Z,WriteSensor,LS-0001810,1018.0,331.9,16,50
2025-08-01T00:20:00Z,WriteSensor,LS-0001811,1081.4,343.2,16,50
2025-08-01T00:22:00Z,WriteSensor,LS-0001812,1038.0,315.8,16,50
2025-08-01T00:24:00Z,WriteSensor,LS-0001813,1027.4,313.8,16,50
2025-08-01T00:26:00Z,WriteSensor,LS-0001814,994.7,310.2,16,50
2025-08-01T00:28:00Z,WriteSensor,LS-0001815,1050.5,333.8,16,50
2025-08-01T00:30:00Z,WriteSensor,LS-0001816,1030.9,316.1,16,50
2025-08-01T00:32:00Z,WriteSensor,LS-0001817,1010.1,285.6,16,50
2025-08-01T00:34:00Z,WriteSensor,LS-0001818,1142.4,338.9,16,50
2025-08-01T00:36:00Z,WriteSensor,LS-0001819,1170.2,322.4,16,50
2025-08-01T00:38:00Z,WriteSensor,LS-0001820,1137.3,272.0,16,50
2025-08-01T00:40:00Z,WriteSensor,LS-0001821,1065.9,313.4,16,50
2025-08-01T00:42:00Z,WriteSensor,LS-0001822,1024.0,272.4,16,50
2025-08-01T00:44:00Z,WriteSensor,LS-0001823,1036.5,314.4,16,50
2025-08-01T00:46:00Z,WriteSensor,LS-0001824,1111.3,289.6,16,50
2025-08-01T00:48:00Z,WriteSensor,LS-0001825,989.5,312.3,16,50
2025-08-01T00:50:00Z,WriteSensor,LS-0001826,1094.4,303.5,16,50
2025-08-01T00:52:00Z,WriteSensor,LS-0001827,1076.7,341.9,16,50
2025-08-01T00:54:00Z,WriteSensor,LS-0001828,1066.7,285.9,16,50
2025-08-01T00:56:00Z,WriteSensor,LS-0001829,1039.2,323.3,16,50
2025-08-01T00:58:00Z,WriteSensor,LS-0001830,1013.8,341.2,16,50
2025-08-01T01:00:00Z,WriteSensor,LS-0001831,978.0,314.1,16,50
2025-08-01T01:02:00Z,WriteSensor,LS-0001832,982.7,288.7,16,50
2025-08-01T01:04:00Z,WriteSensor,LS-0001833,1091.1,295.7,16,50
2025-08-01T01:06:00Z,WriteSensor,LS-0001834,927.6,326.2,16,50
2025-08-01T01:08:00Z,WriteSensor,LS-0001835,1063.3,330.3,16,50
2025-08-01T01:10:00Z,WriteSensor,LS-0001836,968.3,310.6,16,50
2025-08-01T01:12:00Z,WriteSensor,LS-0001837,1062.7,364.4,16,50
2025-08-01T01:14:00Z,WriteSensor,LS-0001838,1058.2,304.4,16,50
2025-08-01T01:16:00Z,WriteSensor,LS-0001839,1066.4,324.7,16,50
2025-08-01T01:18:00Z,WriteSensor,LS-0001840,1006.7,308.5,16,50
2025-08-01T01:20:00Z,WriteSensor,LS-0001841,897.9,319.0,16,50
2025-08-01T01:22:00Z,WriteSensor,LS-0001842,974.3,338.0,16,50
2025-08-01T01:24:00Z,WriteSensor,LS-0001843,1075.3,342.1,16,50
2025-08-01T01:26:00Z,WriteSensor,LS-0001844,1106.2,286.1,16,50
2025-08-01T01:28:00Z,WriteSensor,LS-0001845,1103.1,352.3,16,50
2025-08-01T01:30:00Z,WriteSensor,LS-0001846,1010.3,308.1,16,50
2025-08-01T01:32:00Z,WriteSensor,LS-0001847,993.6,337.1,16,50
2025-08-01T01:34:00Z,WriteSensor,LS-0001848,1149.5,255.2,16,50
2025-08-01T01:36:00Z,WriteSensor,LS-0001849,1147.8,340.8,16,50
2025-08-01T01:38:00Z,WriteSensor,LS-0001850,934.0,296.7,16,50
2025-08-01T01:40:00Z,WriteSensor,LS-0001851,1070.4,307.0,16,50
2025-08-01T01:42:00Z,WriteSensor,LS-0001852,1129.0,353.3,16,50
2025-08-01T01:44:00Z,WriteSensor,LS-0001853,1077.5,344.6,16,50
2025-08-01T01:46:00Z,WriteSensor,LS-0001854,1152.5,315.1,16,50
2025-08-01T01:48:00Z,WriteSensor,LS-0001855,1040.3,290.5,16,50
2025-08-01T01:50:00Z,WriteSensor,LS-0001856,1036.9,317.8,16,50
2025-08-01T01:52:00Z,WriteSensor,LS-0001857,1017.7,299.0,16,50
2025-08-01T01:54:00Z,WriteSensor,LS-0001858,1021.9,294.7,16,50
2025-08-01T01:56:00Z,WriteSensor,LS-0001859,1007.6,318.5,16,50
2025-08-01T01:58:00Z,WriteSensor,LS-0001860,1016.8,346.3,16,50
2025-08-01T02:00:00Z,WriteSensor,LS-0001861,1126.4,367.0,16,50
2025-08-01T02:02:00Z,WriteSensor,LS-0001862,1157.0,342.8,16,50
2025-08-01T02:04:00Z,WriteSensor,LS-0001863,1090.1,330.9,16,50
2025-08-01T02:06:00Z,WriteSensor,LS-0001864,1009.5,291.4,16,50
2025-08-01T02:08:00Z,WriteSensor,LS-0001865,1016.8,343.1,16,50
2025-08-01T02:10:00Z,WriteSensor,LS-0001866,1031.4,321.0,16,50
2025-08-01T02:12:00Z,WriteSensor,LS-0001867,1025.2,330.8,16,50
2025-08-01T02:14:00Z,WriteSensor,LS-0001868,1127.8,360.0,16,50
2025-08-01T02:16:00Z,WriteSensor,LS-0001869,957.1,292.6,16,50
2025-08-01T02:18:00Z,WriteSensor,LS-0001870,1038.1,304.5,16,50
2025-08-01T02:20:00Z,WriteSensor,LS-0001871,1046.4,348.0,16,50
2025-08-01T02:22:00Z,WriteSensor,LS-0001872,1029.6,336.1,16,50
2025-08-01T02:24:00Z,WriteSensor,LS-0001873,996.6,373.5,16,50
2025-08-01T02:26:00Z,WriteSensor,LS-0001874,1130.9,299.1,16,50
2025-08-01T02:28:00Z,WriteSensor,LS-0001875,995.4,293.5,16,50
2025-08-01T02:30:00Z,WriteSensor,LS-0001876,1041.5,339.8,16,50
2025-08-01T02:32:00Z,WriteSensor,LS-0001877,1114.9,278.8,16,50
2025-08-01T02:34:00Z,WriteSensor,LS-0001878,984.0,316.1,16,50
2025-08-01T02:36:00Z,WriteSensor,LS-0001879,1069.2,349.4,16,50
2025-08-01T02:38:00Z,WriteSensor,LS-0001880,1017.5,313.7,16,50
2025-08-01T02:40:00Z,WriteSensor,LS-0001881,985.9,309.2,16,50
2025-08-01T02:42:00Z,WriteSensor,LS-0001882,1009.5,339.3,16,50
2025-08-01T02:44:00Z,WriteSensor,LS-0001883,1029.2,319.0,16,50
2025-08-01T02:46:00Z,WriteSensor,LS-0001884,1135.4,304.3,16,50
2025-08-01T02:48:00Z,WriteSensor,LS-0001885,1080.9,296.0,16,50
2025-08-01T02:50:00Z,WriteSensor,LS-0001886,977.1,292.6,16,50
2025-08-01T02:52:00Z,WriteSensor,LS-0001887,982.5,241.3,16,50
2025-08-01T02:54:00Z,WriteSensor,LS-0001888,1027.6,276.4,16,50
2025-08-01T02:56:00Z,WriteSensor,LS-0001889,1034.7,283.6,16,50
2025-08-01T02:58:00Z,WriteSensor,LS-0001890,1192.4,310.9,16,50
2025-08-01T03:00:00Z,WriteSensor,LS-0001891,1123.4,270.9,16,50
2025-08-01T03:02:00Z,WriteSensor,LS-0001892,1005.0,324.9,16,50
2025-08-01T03:04:00Z,WriteSensor,LS-0001893,1080.1,326.2,16,50
2025-08-01T03:06:00Z,WriteSensor,LS-0001894,1001.0,355.0,16,50
2025-08-01T03:08:00Z,WriteSensor,LS-0001895,1027.2,349.0,16,50
2025-08-01T03:10:00Z,WriteSensor,LS-0001896,1044.4,326.3,16,50
2025-08-01T03:12:00Z,WriteSensor,LS-0001897,1045.0,294.0,16,50
2025-08-01T03:14:00Z,WriteSensor,LS-0001898,1033.9,332.5,16,50
2025-08-01T03:16:00Z,WriteSensor,LS-0001899,1071.4,299.9,16,50
2025-08-01T03:18:00Z,WriteSensor,LS-0001900,1046.6,343.7,16,50
2025-08-01T03:20:00Z,WriteSensor,LS-0001901,1021.3,288.5,16,50
2025-08-01T03:22:00Z,WriteSensor,LS-0001902,1145.5,356.2,16,50
2025-08-01T03:24:00Z,WriteSensor,LS-0001903,1112.5,363.2,16,50
2025-08-01T03:26:00Z,WriteSensor,LS-0001904,1027.7,351.9,16,50
2025-08-01T03:28:00Z,WriteSensor,LS-0001905,1139.6,310.6,16,50
2025-08-01T03:30:00Z,WriteSensor,LS-0001906,1114.1,316.6,16,50
2025-08-01T03:32:00Z,WriteSensor,LS-0001907,1138.9,345.0,16,50
2025-08-01T03:34:00Z,WriteSensor,LS-0001908,1026.2,351.5,16,50
2025-08-01T03:36:00Z,WriteSensor,LS-0001909,1018.5,255.2,16,50
2025-08-01T03:38:00Z,WriteSensor,LS-0001910,1167.0,298.5,16,50
2025-08-01T03:40:00Z,WriteSensor,LS-0001911,1093.3,308.6,16,50
2025-08-01T03:42:00Z,WriteSensor,LS-0001912,1092.9,303.3,16,50
2025-08-01T03:44:00Z,WriteSensor,LS-0001913,1136.2,334.4,16,50
2025-08-01T03:46:00Z,WriteSensor,LS-0001914,1099.4,314.1,16,50
2025-08-01T03:48:00Z,WriteSensor,LS-0001915,1071.5,304.8,16,50
2025-08-01T03:50:00Z,WriteSensor,LS-0001916,1080.2,287.8,16,50
2025-08-01T03:52:00Z,WriteSensor,LS-0001917,915.9,349.1,16,50
2025-08-01T03:54:00Z,WriteSensor,LS-0001918,978.5,315.4,16,50
2025-08-01T03:56:00Z,WriteSensor,LS-0001919,995.3,317.5,16,50
2025-08-01T03:58:00Z,WriteSensor,LS-0001920,936.1,322.6,16,50
2025-08-01T04:00:00Z,WriteSensor,LS-0001921,1111.1,351.6,16,50
2025-08-01T04:02:00Z,WriteSensor,LS-0001922,1147.9,358.1,16,50
2025-08-01T04:04:00Z,WriteSensor,LS-0001923,1010.7,327.4,16,50
2025-08-01T04:06:00Z,WriteSensor,LS-0001924,1027.8,312.4,16,50
2025-08-01T04:08:00Z,WriteSensor,LS-0001925,952.5,328.5,16,50
2025-08-01T04:10:00Z,WriteSensor,LS-0001926,1014.6,335.6,16,50
2025-08-01T04:12:00Z,WriteSensor,LS-0001927,1033.1,358.8,16,50
2025-08-01T04:14:00Z,WriteSensor,LS-0001928,941.4,326.8,16,50
2025-08-01T04:16:00Z,WriteSensor,LS-0001929,1043.7,350.3,16,50
2025-08-01T04:18:00Z,WriteSensor,LS-0001930,1013.8,303.6,16,50
2025-08-01T04:20:00Z,WriteSensor,LS-0001931,932.6,337.3,16,50
2025-08-01T04:22:00Z,WriteSensor,LS-0001932,1035.8,316.6,16,50
2025-08-01T04:24:00Z,WriteSensor,LS-0001933,975.8,323.8,16,50
2025-08-01T04:26:00Z,WriteSensor,LS-0001934,970.1,328.7,16,50
2025-08-01T04:28:00Z,WriteSensor,LS-0001935,955.2,302.4,16,50
2025-08-01T04:30:00Z,WriteSensor,LS-0001936,940.2,317.3,16,50
2025-08-01T04:32:00Z,WriteSensor,LS-0001937,1198.2,348.1,16,50
2025-08-01T04:34:00Z,WriteSensor,LS-0001938,966.0,333.6,16,50
2025-08-01T04:36:00Z,WriteSensor,LS-0001939,1006.2,319.0,16,50
2025-08-01T04:38:00Z,WriteSensor,LS-0001940,1136.0,265.0,16,50
2025-08-01T04:40:00Z,WriteSensor,LS-0001941,1033.7,315.5,16,50
2025-08-01T04:42:00Z,WriteSensor,LS-0001942,1065.4,281.8,16,50
2025-08-01T04:44:00Z,WriteSensor,LS-0001943,1118.4,325.7,16,50
2025-08-01T04:46:00Z,WriteSensor,LS-0001944,1045.0,331.8,16,50
2025-08-01T04:48:00Z,WriteSensor,LS-0001945,1043.3,312.6,16,50
2025-08-01T04:50:00Z,WriteSensor,LS-0001946,981.3,319.5,16,50
2025-08-01T04:52:00Z,WriteSensor,LS-0001947,1092.2,319.1,16,50
2025-08-01T04:54:00Z,WriteSensor,LS-0001948,947.9,313.8,16,50
2025-08-01T04:56:00Z,WriteSensor,LS-0001949,1005.6,316.9,16,50
2025-08-01T04:58:00Z,WriteSensor,LS-0001950,1016.9,278.7,16,50
2025-08-01T05:00:00Z,WriteSensor,LS-0001951,1032.3,292.6,16,50
2025-08-01T05:02:00Z,WriteSensor,LS-0001952,1001.5,289.4,16,50
2025-08-01T05:04:00Z,WriteSensor,LS-0001953,1111.5,327.1,16,50
2025-08-01T05:06:00Z,WriteSensor,LS-0001954,1108.7,340.4,16,50
2025-08-01T05:08:00Z,WriteSensor,LS-0001955,997.8,314.4,16,50
2025-08-01T05:10:00Z,WriteSensor,LS-0001956,1074.6,315.6,16,50
2025-08-01T05:12:00Z,WriteSensor,LS-0001957,1149.8,305.5,16,50
2025-08-01T05:14:00Z,WriteSensor,LS-0001958,1127.0,310.8,16,50
2025-08-01T05:16:00Z,WriteSensor,LS-0001959,1044.8,339.3,16,50
2025-08-01T05:18:00Z,WriteSensor,LS-0001960,1091.2,327.9,16,50
2025-08-01T05:20:00Z,WriteSensor,LS-0001961,1009.2,387.5,16,50
2025-08-01T05:22:00Z,WriteSensor,LS-0001962,1091.3,309.5,16,50
2025-08-01T05:24:00Z,WriteSensor,LS-0001963,1080.1,299.0,16,50
2025-08-01T05:26:00Z,WriteSensor,LS-0001964,1085.2,307.7,16,50
2025-08-01T05:28:00Z,WriteSensor,LS-0001965,1051.4,320.2,16,50
2025-08-01T05:30:00Z,WriteSensor,LS-0001966,1038.4,360.8,16,50
2025-08-01T05:32:00Z,WriteSensor,LS-0001967,1058.2,308.4,16,50
2025-08-01T05:34:00Z,WriteSensor,LS-0001968,1065.1,314.9,16,50
2025-08-01T05:36:00Z,WriteSensor,LS-0001969,1022.4,356.2,16,50
2025-08-01T05:38:00Z,WriteSensor,LS-0001970,1161.2,258.6,16,50
2025-08-01T05:40:00Z,WriteSensor,LS-0001971,1230.1,337.8,16,50
2025-08-01T05:42:00Z,WriteSensor,LS-0001972,1076.1,350.5,16,50
2025-08-01T05:44:00Z,WriteSensor,LS-0001973,1106.2,320.0,16,50
2025-08-01T05:46:00Z,WriteSensor,LS-0001974,986.5,290.7,16,50
2025-08-01T05:48:00Z,WriteSensor,LS-0001975,1067.8,335.2,16,50
2025-08-01T05:50:00Z,WriteSensor,LS-0001976,1007.8,307.8,16,50
2025-08-01T05:52:00Z,WriteSensor,LS-0001977,1012.4,371.1,16,50
2025-08-01T05:54:00Z,WriteSensor,LS-0001978,1018.2,323.4,16,50
2025-08-01T05:56:00Z,WriteSensor,LS-0001979,1065.0,285.2,16,50
2025-08-01T05:58:00Z,WriteSensor,LS-0001980,1019.5,343.8,16,50
2025-08-01T06:00:00Z,WriteSensor,LS-0001981,1037.1,336.8,16,50
2025-08-01T06:02:00Z,WriteSensor,LS-0001982,1036.4,351.1,16,50
2025-08-01T06:04:00Z,WriteSensor,LS-0001983,1122.3,345.8,16,50
2025-08-01T06:06:00Z,WriteSensor,LS-0001984,1093.2,343.5,16,50
2025-08-01T06:08:00Z,WriteSensor,LS-0001985,1030.9,311.6,16,50
2025-08-01T06:10:00Z,WriteSensor,LS-0001986,982.2,369.8,16,50
2025-08-01T06:12:00Z,WriteSensor,LS-0001987,1025.0,323.7,16,50
2025-08-01T06:14:00Z,WriteSensor,LS-0001988,1043.7,292.8,16,50
2025-08-01T06:16:00Z,WriteSensor,LS-0001989,981.5,333.0,16,50
2025-08-01T06:18:00Z,WriteSensor,LS-0001990,1085.4,329.8,16,50
2025-08-01T06:20:00Z,WriteSensor,LS-0001991,1010.9,301.2,16,50
2025-08-01T06:22:00Z,WriteSensor,LS-0001992,1018.7,390.2,16,50
2025-08-01T06:24:00Z,WriteSensor,LS-0001993,1021.8,286.4,16,50
2025-08-01T06:26:00Z,WriteSensor,LS-0001994,1063.1,317.7,16,50
2025-08-01T06:28:00Z,WriteSensor,LS-0001995,1015.1,290.7,16,50
2025-08-01T06:30:00Z,WriteSensor,LS-0001996,1080.8,327.6,16,50
2025-08-01T06:32:00Z,WriteSensor,LS-0001997,1057.1,334.3,16,50
2025-08-01T06:34:00Z,WriteSensor,LS-0001998,1193.4,348.1,16,50
2025-08-01T06:36:00Z,WriteSensor,LS-0001999,1095.9,325.3,16,50
2025-08-01T06:38:00Z,WriteSensor,LS-0002000,1084.7,350.8,16,50
2025-08-01T06:40:00Z,WriteSensor,LS-0002001,1042.8,332.9,16,50
2025-08-01T06:42:00Z,WriteSensor,LS-0002002,1063.3,348.2,16,50
2025-08-01T06:44:00Z,WriteSensor,LS-0002003,1092.5,351.8,16,50
2025-08-01T06:46:00Z,WriteSensor,LS-0002004,1125.9,331.8,16,50
2025-08-01T06:48:00Z,WriteSensor,LS-0002005,947.6,331.3,16,50
2025-08-01T06:50:00Z,WriteSensor,LS-0002006,1016.1,330.0,16,50
2025-08-01T06:52:00Z,WriteSensor,LS-0002007,1101.2,330.3,16,50
2025-08-01T06:54:00Z,WriteSensor,LS-0002008,1019.6,314.3,16,50
2025-08-01T06:56:00Z,WriteSensor,LS-0002009,1031.3,326.4,16,50
2025-08-01T06:58:00Z,WriteSensor,LS-0002010,991.0,332.5,16,50
2025-08-01T07:00:00Z,WriteSensor,LS-0002011,980.7,309.0,16,50
2025-08-01T07:02:00Z,WriteSensor,LS-0002012,1006.3,329.0,16,50
2025-08-01T07:04:00Z,WriteSensor,LS-0002013,1111.6,311.3,16,50
2025-08-01T07:06:00Z,WriteSensor,LS-0002014,1034.8,340.9,16,50
2025-08-01T07:08:00Z,WriteSensor,LS-0002015,1054.9,302.2,16,50
2025-08-01T07:10:00Z,WriteSensor,LS-0002016,1026.8,335.9,16,50
2025-08-01T07:12:00Z,WriteSensor,LS-0002017,1043.5,279.9,16,50
2025-08-01T07:14:00Z,WriteSensor,LS-0002018,1106.9,300.5,16,50
2025-08-01T07:16:00Z,WriteSensor,LS-0002019,1013.6,293.3,16,50
2025-08-01T07:18:00Z,WriteSensor,LS-0002020,1071.3,300.4,16,50
2025-08-01T07:20:00Z,WriteSensor,LS-0002021,935.1,340.1,16,50
2025-08-01T07:22:00Z,WriteSensor,LS-0002022,997.1,348.1,16,50
2025-08-01T07:24:00Z,WriteSensor,LS-0002023,1010.0,326.7,16,50
2025-08-01T07:26:00Z,WriteSensor,LS-0002024,973.3,307.1,16,50
2025-08-01T07:28:00Z,WriteSensor,LS-0002025,1053.5,320.2,16,50
2025-08-01T07:30:00Z,WriteSensor,LS-0002026,1068.9,306.4,16,50
2025-08-01T07:32:00Z,WriteSensor,LS-0002027,1066.2,350.2,16,50
2025-08-01T07:34:00Z,WriteSensor,LS-0002028,1040.7,308.9,16,50
2025-08-01T07:36:00Z,WriteSensor,LS-0002029,1063.4,290.6,16,50
2025-08-01T07:38:00Z,WriteSensor,LS-0002030,987.9,307.0,16,50
2025-08-01T07:40:00Z,WriteSensor,LS-0002031,1040.8,313.7,16,50
2025-08-01T07:42:00Z,WriteSensor,LS-0002032,974.1,306.6,16,50
2025-08-01T07:44:00Z,WriteSensor,LS-0002033,1116.3,346.2,16,50
2025-08-01T07:46:00Z,WriteSensor,LS-0002034,1049.4,292.3,16,50
2025-08-01T07:48:00Z,WriteSensor,LS-0002035,1107.5,325.0,16,50
2025-08-01T07:50:00Z,WriteSensor,LS-0002036,1045.4,337.0,16,50
2025-08-01T07:52:00Z,WriteSensor,LS-0002037,1084.6,312.0,16,50
2025-08-01T07:54:00Z,WriteSensor,LS-0002038,1089.1,307.0,16,50
2025-08-01T07:56:00Z,WriteSensor,LS-0002039,996.0,327.0,16,50
2025-08-01T07:58:00Z,WriteSensor,LS-0002040,990.3,322.9,16,50
2025-08-01T08:00:00Z,WriteSensor,LS-0002041,1014.5,325.9,16,50
2025-08-01T08:02:00Z,WriteSensor,LS-0002042,1070.2,297.2,16,50
2025-08-01T08:04:00Z,WriteSensor,LS-0002043,1017.8,333.8,16,50
2025-08-01T08:06:00Z,WriteSensor,LS-0002044,1031.0,320.4,16,50
2025-08-01T08:08:00Z,WriteSensor,LS-0002045,1144.2,292.5,16,50
2025-08-01T08:10:00Z,WriteSensor,LS-0002046,1084.2,315.3,16,50
2025-08-01T08:12:00Z,WriteSensor,LS-0002047,1051.4,345.9,16,50
2025-08-01T08:14:00Z,WriteSensor,LS-0002048,1024.9,296.0,16,50
2025-08-01T08:16:00Z,WriteSensor,LS-0002049,973.6,306.3,16,50
2025-08-01T08:18:00Z,WriteSensor,LS-0002050,1142.0,326.0,16,50
2025-08-01T08:20:00Z,WriteSensor,LS-0002051,977.2,276.8,16,50
2025-08-01T08:22:00Z,WriteSensor,LS-0002052,1126.5,344.0,16,50
2025-08-01T08:24:00Z,WriteSensor,LS-0002053,1083.1,330.3,16,50
2025-08-01T08:26:00Z,WriteSensor,LS-0002054,1060.6,307.8,16,50
2025-08-01T08:28:00Z,WriteSensor,LS-0002055,1136.6,319.8,16,50
2025-08-01T08:30:00Z,WriteSensor,LS-0002056,1115.4,310.7,16,50
2025-08-01T08:32:00Z,WriteSensor,LS-0002057,1099.0,327.4,16,50
2025-08-01T08:34:00Z,WriteSensor,LS-0002058,1055.2,338.6,16,50
2025-08-01T08:36:00Z,WriteSensor,LS-0002059,1069.7,323.7,16,50
2025-08-01T08:38:00Z,WriteSensor,LS-0002060,1078.7,324.9,16,50
2025-08-01T08:40:00Z,WriteSensor,LS-0002061,942.6,298.6,16,50
2025-08-01T08:42:00Z,WriteSensor,LS-0002062,1000.3,318.8,16,50
2025-08-01T08:44:00Z,WriteSensor,LS-0002063,1068.3,295.9,16,50
2025-08-01T08:46:00Z,WriteSensor,LS-0002064,1043.9,274.8,16,50
2025-08-01T08:48:00Z,WriteSensor,LS-0002065,1074.8,328.5,16,50
2025-08-01T08:50:00Z,WriteSensor,LS-0002066,991.9,348.3,16,50
2025-08-01T08:52:00Z,WriteSensor,LS-0002067,1133.3,303.2,16,50
2025-08-01T08:54:00Z,WriteSensor,LS-0002068,1087.9,288.8,16,50
2025-08-01T08:56:00Z,WriteSensor,LS-0002069,1009.7,340.8,16,50
2025-08-01T08:58:00Z,WriteSensor,LS-0002070,1056.6,318.8,16,50
2025-08-01T09:00:00Z,WriteSensor,LS-0002071,947.1,308.2,16,50
2025-08-01T09:02:00Z,WriteSensor,LS-0002072,1008.1,317.5,16,50
2025-08-01T09:04:00Z,WriteSensor,LS-0002073,1078.1,329.8,16,50
2025-08-01T09:06:00Z,WriteSensor,LS-0002074,1034.2,299.9,16,50
2025-08-01T09:08:00Z,WriteSensor,LS-0002075,998.0,322.7,16,50
2025-08-01T09:10:00Z,WriteSensor,LS-0002076,1080.8,328.8,16,50
2025-08-01T09:12:00Z,WriteSensor,LS-0002077,1081.2,316.4,16,50
2025-08-01T09:14:00Z,WriteSensor,LS-0002078,1091.6,355.4,16,50
2025-08-01T09:16:00Z,WriteSensor,LS-0002079,1064.5,332.9,16,50
2025-08-01T09:18:00Z,WriteSensor,LS-0002080,982.5,298.7,16,50
2025-08-01T09:20:00Z,WriteSensor,LS-0002081,923.0,305.6,16,50
2025-08-01T09:22:00Z,WriteSensor,LS-0002082,1018.4,291.6,16,50
2025-08-01T09:24:00Z,WriteSensor,LS-0002083,1113.1,321.1,16,50
2025-08-01T09:26:00Z,WriteSensor,LS-0002084,1012.2,289.6,16,50
2025-08-01T09:28:00Z,WriteSensor,LS-0002085,1030.1,339.0,16,50
2025-08-01T09:30:00Z,WriteSensor,LS-0002086,1053.6,248.6,16,50
2025-08-01T09:32:00Z,WriteSensor,LS-0002087,1015.1,331.5,16,50
2025-08-01T09:34:00Z,WriteSensor,LS-0002088,975.4,322.7,16,50
2025-08-01T09:36:00Z,WriteSensor,LS-0002089,991.7,335.4,16,50
2025-08-01T09:38:00Z,WriteSensor,LS-0002090,950.1,296.7,16,50
2025-08-01T09:40:00Z,WriteSensor,LS-0002091,1111.9,345.1,16,50
2025-08-01T09:42:00Z,WriteSensor,LS-0002092,977.3,347.7,16,50
2025-08-01T09:44:00Z,WriteSensor,LS-0002093,1131.2,325.0,16,50
2025-08-01T09:46:00Z,WriteSensor,LS-0002094,1094.4,314.8,16,50
2025-08-01T09:48:00Z,WriteSensor,LS-0002095,1044.3,325.7,16,50
2025-08-01T09:50:00Z,WriteSensor,LS-0002096,1074.9,317.5,16,50
2025-08-01T09:52:00Z,WriteSensor,LS-0002097,1051.1,305.2,16,50
2025-08-01T09:54:00Z,WriteSensor,LS-0002098,912.4,281.4,16,50
2025-08-01T09:56:00Z,WriteSensor,LS-0002099,1093.8,292.4,16,50
2025-08-01T09:58:00Z,WriteSensor,LS-0002100,1058.6,302.4,16,50
2025-08-01T10:00:00Z,WriteSensor,LS-0002101,988.0,324.1,16,50
2025-08-01T10:02:00Z,WriteSensor,LS-0002102,1041.8,364.9,16,50
2025-08-01T10:04:00Z,WriteSensor,LS-0002103,1072.5,336.5,16,50
2025-08-01T10:06:00Z,WriteSensor,LS-0002104,1113.6,314.6,16,50
2025-08-01T10:08:00Z,WriteSensor,LS-0002105,1110.9,321.9,16,50
2025-08-01T10:10:00Z,WriteSensor,LS-0002106,1058.3,334.8,16,50
2025-08-01T10:12:00Z,WriteSensor,LS-0002107,1111.7,310.9,16,50
2025-08-01T10:14:00Z,WriteSensor,LS-0002108,1143.3,317.5,16,50
2025-08-01T10:16:00Z,WriteSensor,LS-0002109,1074.6,296.9,16,50
2025-08-01T10:18:00Z,WriteSensor,LS-0002110,1022.3,282.2,16,50
2025-08-01T10:20:00Z,WriteSensor,LS-0002111,1065.6,346.9,16,50
2025-08-01T10:22:00Z,WriteSensor,LS-0002112,1016.2,306.3,16,50
2025-08-01T10:24:00Z,WriteSensor,LS-0002113,1165.2,329.9,16,50
2025-08-01T10:26:00Z,WriteSensor,LS-0002114,1038.3,331.2,16,50
2025-08-01T10:28:00Z,WriteSensor,LS-0002115,1043.8,347.8,16,50
2025-08-01T10:30:00Z,WriteSensor,LS-0002116,968.4,319.6,16,50
2025-08-01T10:32:00Z,WriteSensor,LS-0002117,1008.1,316.8,16,50
2025-08-01T10:34:00Z,WriteSensor,LS-0002118,1067.1,363.2,16,50
2025-08-01T10:36:00Z,WriteSensor,LS-0002119,950.9,271.1,16,50
2025-08-01T10:38:00Z,WriteSensor,LS-0002120,976.4,284.4,16,50
2025-08-01T10:40:00Z,WriteSensor,LS-0002121,1056.5,344.9,16,50
2025-08-01T10:42:00Z,WriteSensor,LS-0002122,1065.6,342.6,16,50
2025-08-01T10:44:00Z,WriteSensor,LS-0002123,1038.8,324.9,16,50
2025-08-01T10:46:00Z,WriteSensor,LS-0002124,988.4,355.1,16,50
2025-08-01T10:48:00Z,WriteSensor,LS-0002125,1101.2,359.5,16,50
2025-08-01T10:50:00Z,WriteSensor,LS-0002126,985.1,322.1,16,50
2025-08-01T10:52:00Z,WriteSensor,LS-0002127,1147.0,296.7,16,50
2025-08-01T10:54:00Z,WriteSensor,LS-0002128,1040.9,288.0,16,50
2025-08-01T10:56:00Z,WriteSensor,LS-0002129,1060.0,345.6,16,50
2025-08-01T10:58:00Z,WriteSensor,LS-0002130,1034.3,295.7,16,50
2025-08-01T11:00:00Z,WriteSensor,LS-0002131,1054.7,287.1,16,50
2025-08-01T11:02:00Z,WriteSensor,LS-0002132,1088.5,323.6,16,50
2025-08-01T11:04:00Z,WriteSensor,LS-0002133,1055.5,297.0,16,50
2025-08-01T11:06:00Z,WriteSensor,LS-0002134,1116.9,281.8,16,50
2025-08-01T11:08:00Z,WriteSensor,LS-0002135,1072.8,269.5,16,50
2025-08-01T11:10:00Z,WriteSensor,LS-0002136,1134.3,301.9,16,50
2025-08-01T11:12:00Z,WriteSensor,LS-0002137,1001.2,343.9,16,50
2025-08-01T11:14:00Z,WriteSensor,LS-0002138,911.5,327.8,16,50
2025-08-01T11:16:00Z,WriteSensor,LS-0002139,1112.3,241.7,16,50
2025-08-01T11:18:00Z,WriteSensor,LS-0002140,1045.3,326.1,16,50
2025-08-01T11:20:00Z,WriteSensor,LS-0002141,1167.6,307.6,16,50
2025-08-01T11:22:00Z,WriteSensor,LS-0002142,1035.7,336.0,16,50
2025-08-01T11:24:00Z,WriteSensor,LS-0002143,1011.3,274.7,16,50
2025-08-01T11:26:00Z,WriteSensor,LS-0002144,1057.7,331.5,16,50
2025-08-01T11:28:00Z,WriteSensor,LS-0002145,1053.8,295.5,16,50
2025-08-01T11:30:00Z,WriteSensor,LS-0002146,1089.2,283.1,16,50
2025-08-01T11:32:00Z,WriteSensor,LS-0002147,1007.5,315.8,16,50
2025-08-01T11:34:00Z,WriteSensor,LS-0002148,1050.4,303.4,16,50
2025-08-01T11:36:00Z,WriteSensor,LS-0002149,1122.8,274.5,16,50
2025-08-01T11:38:00Z,WriteSensor,LS-0002150,1114.9,308.3,16,50
2025-08-01T11:40:00Z,WriteSensor,LS-0002151,1083.8,321.8,16,50
2025-08-01T11:42:00Z,WriteSensor,LS-0002152,1004.0,343.5,16,50
2025-08-01T11:44:00Z,WriteSensor,LS-0002153,994.9,279.8,16,50
2025-08-01T11:46:00Z,WriteSensor,LS-0002154,977.8,335.2,16,50
2025-08-01T11:48:00Z,WriteSensor,LS-0002155,1128.2,340.9,16,50
2025-08-01T11:50:00Z,WriteSensor,LS-0002156,994.6,301.1,16,50
2025-08-01T11:52:00Z,WriteSensor,LS-0002157,1074.0,296.5,16,50
2025-08-01T11:54:00Z,WriteSensor,LS-0002158,1072.8,304.5,16,50
2025-08-01T11:56:00Z,WriteSensor,LS-0002159,1091.3,295.2,16,50
2025-08-01T11:58:00Z,WriteSensor,LS-0002160,1011.8,301.3,16,50
2025-08-01T12:00:00Z,WriteSensor,LS-0002161,1143.3,352.6,16,50
2025-08-01T12:02:00Z,WriteSensor,LS-0002162,1038.6,345.2,16,50
2025-08-01T12:04:00Z,WriteSensor,LS-0002163,1036.6,347.5,16,50
2025-08-01T12:06:00Z,WriteSensor,LS-0002164,1118.7,371.2,16,50
2025-08-01T12:08:00Z,WriteSensor,LS-0002165,1043.0,265.4,16,50
2025-08-01T12:10:00Z,WriteSensor,LS-0002166,1065.0,324.1,16,50
2025-08-01T12:12:00Z,WriteSensor,LS-0002167,1071.8,347.8,16,50
2025-08-01T12:14:00Z,WriteSensor,LS-0002168,1098.4,294.3,16,50
2025-08-01T12:16:00Z,WriteSensor,LS-0002169,1051.1,291.1,16,50
2025-08-01T12:18:00Z,WriteSensor,LS-0002170,1059.8,323.0,16,50
2025-08-01T12:20:00Z,WriteSensor,LS-0002171,1089.8,308.4,16,50
2025-08-01T12:22:00Z,WriteSensor,LS-0002172,1140.3,320.7,16,50
2025-08-01T12:24:00Z,WriteSensor,LS-0002173,1021.5,311.8,16,50
2025-08-01T12:26:00Z,WriteSensor,LS-0002174,1029.7,350.6,16,50
2025-08-01T12:28:00Z,WriteSensor,LS-0002175,1096.8,360.7,16,50
2025-08-01T12:30:00Z,WriteSensor,LS-0002176,1053.9,307.7,16,50
2025-08-01T12:32:00Z,WriteSensor,LS-0002177,992.7,315.3,16,50
2025-08-01T12:34:00Z,WriteSensor,LS-0002178,1085.2,300.8,16,50
2025-08-01T12:36:00Z,WriteSensor,LS-0002179,1071.7,314.0,16,50
2025-08-01T12:38:00Z,WriteSensor,LS-0002180,1063.4,284.7,16,50
2025-08-01T12:40:00Z,WriteSensor,LS-0002181,1095.8,332.7,16,50
2025-08-01T12:42:00Z,WriteSensor,LS-0002182,1006.2,274.0,16,50
2025-08-01T12:44:00Z,WriteSensor,LS-0002183,999.7,338.0,16,50
2025-08-01T12:46:00Z,WriteSensor,LS-0002184,1063.7,318.0,16,50
2025-08-01T12:48:00Z,WriteSensor,LS-0002185,994.8,312.5,16,50
2025-08-01T12:50:00Z,WriteSensor,LS-0002186,1047.9,303.5,16,50
2025-08-01T12:52:00Z,WriteSensor,LS-0002187,1043.0,406.2,16,50
2025-08-01T12:54:00Z,WriteSensor,LS-0002188,1025.2,323.3,16,50
2025-08-01T12:56:00Z,WriteSensor,LS-0002189,1044.8,330.1,16,50
2025-08-01T12:58:00Z,WriteSensor,LS-0002190,1119.4,284.6,16,50
2025-08-01T13:00:00Z,WriteSensor,LS-0002191,1098.7,304.4,16,50
2025-08-01T13:02:00Z,WriteSensor,LS-0002192,984.6,328.0,16,50
2025-08-01T13:04:00Z,WriteSensor,LS-0002193,1037.3,333.7,16,50
2025-08-01T13:06:00Z,WriteSensor,LS-0002194,1110.4,332.0,16,50
2025-08-01T13:08:00Z,WriteSensor,LS-0002195,992.5,310.9,16,50
2025-08-01T13:10:00Z,WriteSensor,LS-0002196,991.9,348.9,16,50
2025-08-01T13:12:00Z,WriteSensor,LS-0002197,1073.6,325.1,16,50
2025-08-01T13:14:00Z,WriteSensor,LS-0002198,1066.2,326.3,16,50
2025-08-01T13:16:00Z,WriteSensor,LS-0002199,1078.2,298.6,16,50
2025-08-01T13:18:00Z,WriteSensor,LS-0002200,1024.0,332.9,16,50
2025-08-01T13:20:00Z,WriteSensor,LS-0002201,1052.0,357.8,16,50
2025-08-01T13:22:00Z,WriteSensor,LS-0002202,1147.2,272.4,16,50
2025-08-01T13:24:00Z,WriteSensor,LS-0002203,1092.4,335.1,16,50
2025-08-01T13:26:00Z,WriteSensor,LS-0002204,987.5,320.4,16,50
2025-08-01T13:28:00Z,WriteSensor,LS-0002205,1087.1,345.6,16,50
2025-08-01T13:30:00Z,WriteSensor,LS-0002206,976.3,294.8,16,50
2025-08-01T13:32:00Z,WriteSensor,LS-0002207,1074.3,348.5,16,50
2025-08-01T13:34:00Z,WriteSensor,LS-0002208,984.3,329.2,16,50
2025-08-01T13:36:00Z,WriteSensor,LS-0002209,1052.0,326.1,16,50
2025-08-01T13:38:00Z,WriteSensor,LS-0002210,962.1,305.1,16,50
2025-08-01T13:40:00Z,WriteSensor,LS-0002211,1052.1,288.1,16,50
2025-08-01T13:42:00Z,WriteSensor,LS-0002212,941.0,322.6,16,50
2025-08-01T13:44:00Z,WriteSensor,LS-0002213,1067.6,289.2,16,50
2025-08-01T13:46:00Z,WriteSensor,LS-0002214,1091.6,307.9,16,50
2025-08-01T13:48:00Z,WriteSensor,LS-0002215,1088.4,317.9,16,50
2025-08-01T13:50:00Z,WriteSensor,LS-0002216,990.9,340.8,16,50
2025-08-01T13:52:00Z,WriteSensor,LS-0002217,1120.4,311.2,16,50
2025-08-01T13:54:00Z,WriteSensor,LS-0002218,1019.4,306.8,16,50
2025-08-01T13:56:00Z,WriteSensor,LS-0002219,1079.0,311.6,16,50
2025-08-01T13:58:00Z,WriteSensor,LS-0002220,1041.7,295.8,16,50
2025-08-01T14:00:00Z,WriteSensor,LS-0002221,1123.1,353.5,16,50
2025-08-01T14:02:00Z,WriteSensor,LS-0002222,1112.1,312.1,16,50
2025-08-01T14:04:00Z,WriteSensor,LS-0002223,1123.8,307.7,16,50
2025-08-01T14:06:00Z,WriteSensor,LS-0002224,1028.1,356.9,16,50
2025-08-01T14:08:00Z,WriteSensor,LS-0002225,1062.3,355.3,16,50
2025-08-01T14:10:00Z,WriteSensor,LS-0002226,1183.1,355.5,16,50
2025-08-01T14:12:00Z,WriteSensor,LS-0002227,1143.5,291.7,16,50
2025-08-01T14:14:00Z,WriteSensor,LS-0002228,1046.9,310.3,16,50
2025-08-01T14:16:00Z,WriteSensor,LS-0002229,1128.5,324.7,16,50
2025-08-01T14:18:00Z,WriteSensor,LS-0002230,1149.7,313.2,16,50
2025-08-01T14:20:00Z,WriteSensor,LS-0002231,998.6,316.5,16,50
2025-08-01T14:22:00Z,WriteSensor,LS-0002232,1003.5,299.2,16,50
2025-08-01T14:24:00Z,WriteSensor,LS-0002233,1118.7,330.0,16,50
2025-08-01T14:26:00Z,WriteSensor,LS-0002234,989.5,300.1,16,50
2025-08-01T14:28:00Z,WriteSensor,LS-0002235,982.8,293.2,16,50
2025-08-01T14:30:00Z,WriteSensor,LS-0002236,1077.5,367.7,16,50
2025-08-01T14:32:00Z,WriteSensor,LS-0002237,1067.5,347.8,16,50
2025-08-01T14:34:00Z,WriteSensor,LS-0002238,1093.4,302.5,16,50
2025-08-01T14:36:00Z,WriteSensor,LS-0002239,1110.0,267.9,16,50
2025-08-01T14:38:00Z,WriteSensor,LS-0002240,1054.2,313.9,16,50
2025-08-01T14:40:00Z,WriteSensor,LS-0002241,1088.5,305.3,16,50
2025-08-01T14:42:00Z,WriteSensor,LS-0002242,1115.8,336.2,16,50
2025-08-01T14:44:00Z,WriteSensor,LS-0002243,1014.0,317.5,16,50
2025-08-01T14:46:00Z,WriteSensor,LS-0002244,1022.0,341.8,16,50
2025-08-01T14:48:00Z,WriteSensor,LS-0002245,1010.4,293.5,16,50
2025-08-01T14:50:00Z,WriteSensor,LS-0002246,1117.5,327.0,16,50
2025-08-01T14:52:00Z,WriteSensor,LS-0002247,1067.5,317.5,16,50
2025-08-01T14:54:00Z,WriteSensor,LS-0002248,1086.5,326.6,16,50
2025-08-01T14:56:00Z,WriteSensor,LS-0002249,1009.4,312.4,16,50
2025-08-01T14:58:00Z,WriteSensor,LS-0002250,971.5,325.8,16,50
2025-08-01T15:00:00Z,WriteSensor,LS-0002251,1026.5,309.5,16,50
2025-08-01T15:02:00Z,WriteSensor,LS-0002252,910.1,319.4,16,50
2025-08-01T15:04:00Z,WriteSensor,LS-0002253,942.4,335.3,16,50
2025-08-01T15:06:00Z,WriteSensor,LS-0002254,1106.1,343.4,16,50
2025-08-01T15:08:00Z,WriteSensor,LS-0002255,1090.6,321.7,16,50
2025-08-01T15:10:00Z,WriteSensor,LS-0002256,1018.0,332.4,16,50
2025-08-01T15:12:00Z,WriteSensor,LS-0002257,1068.5,326.7,16,50
2025-08-01T15:14:00Z,WriteSensor,LS-0002258,978.3,338.7,16,50
2025-08-01T15:16:00Z,WriteSensor,LS-0002259,1124.7,364.1,16,50
2025-08-01T15:18:00Z,WriteSensor,LS-0002260,1026.9,336.8,16,50
2025-08-01T15:20:00Z,WriteSensor,LS-0002261,1141.0,312.5,16,50
2025-08-01T15:22:00Z,WriteSensor,LS-0002262,1020.9,326.6,16,50
2025-08-01T15:24:00Z,WriteSensor,LS-0002263,1089.1,327.0,16,50
2025-08-01T15:26:00Z,WriteSensor,LS-0002264,1085.9,378.9,16,50
2025-08-01T15:28:00Z,WriteSensor,LS-0002265,1043.5,317.0,16,50
2025-08-01T15:30:00Z,WriteSensor,LS-0002266,992.2,304.1,16,50
2025-08-01T15:32:00Z,WriteSensor,LS-0002267,1041.5,311.8,16,50
2025-08-01T15:34:00Z,WriteSensor,LS-0002268,1051.4,309.8,16,50
2025-08-01T15:36:00Z,WriteSensor,LS-0002269,1139.3,280.1,16,50
2025-08-01T15:38:00Z,WriteSensor,LS-0002270,1050.6,333.5,16,50
2025-08-01T15:40:00Z,WriteSensor,LS-0002271,1052.8,310.1,16,50
2025-08-01T15:42:00Z,WriteSensor,LS-0002272,1038.1,296.2,16,50
2025-08-01T15:44:00Z,WriteSensor,LS-0002273,956.7,346.6,16,50
2025-08-01T15:46:00Z,WriteSensor,LS-0002274,1051.8,365.1,16,50
2025-08-01T15:48:00Z,WriteSensor,LS-0002275,1122.1,304.2,16,50
2025-08-01T15:50:00Z,WriteSensor,LS-0002276,1081.8,311.1,16,50
2025-08-01T15:52:00Z,WriteSensor,LS-0002277,1050.8,320.7,16,50
2025-08-01T15:54:00Z,WriteSensor,LS-0002278,1036.9,292.1,16,50
2025-08-01T15:56:00Z,WriteSensor,LS-0002279,998.9,308.1,16,50
2025-08-01T15:58:00Z,WriteSensor,LS-0002280,1098.5,348.9,16,50
2025-08-01T16:00:00Z,WriteSensor,LS-0002281,1011.4,327.9,16,50
2025-08-01T16:02:00Z,WriteSensor,LS-0002282,1076.3,333.2,16,50
2025-08-01T16:04:00Z,WriteSensor,LS-0002283,1041.1,333.0,16,50
2025-08-01T16:06:00Z,WriteSensor,LS-0002284,964.4,332.4,16,50
2025-08-01T16:08:00Z,WriteSensor,LS-0002285,1002.1,324.3,16,50
2025-08-01T16:10:00Z,WriteSensor,LS-0002286,1046.3,315.4,16,50
2025-08-01T16:12:00Z,WriteSensor,LS-0002287,1166.0,305.9,16,50
2025-08-01T16:14:00Z,WriteSensor,LS-0002288,1017.3,310.3,16,50
2025-08-01T16:16:00Z,WriteSensor,LS-0002289,1068.4,363.1,16,50
2025-08-01T16:18:00Z,WriteSensor,LS-0002290,1076.3,371.5,16,50
2025-08-01T16:20:00Z,WriteSensor,LS-0002291,1072.7,323.1,16,50
2025-08-01T16:22:00Z,WriteSensor,LS-0002292,1102.9,296.6,16,50
2025-08-01T16:24:00Z,WriteSensor,LS-0002293,1047.5,322.1,16,50
2025-08-01T16:26:00Z,WriteSensor,LS-0002294,1016.5,336.8,16,50
2025-08-01T16:28:00Z,WriteSensor,LS-0002295,987.9,301.7,16,50
2025-08-01T16:30:00Z,WriteSensor,LS-0002296,998.6,324.9,16,50
2025-08-01T16:32:00Z,WriteSensor,LS-0002297,1059.3,283.2,16,50
2025-08-01T16:34:00Z,WriteSensor,LS-0002298,1004.9,321.1,16,50
2025-08-01T16:36:00Z,WriteSensor,LS-0002299,1004.8,275.1,16,50
2025-08-01T16:38:00Z,WriteSensor,LS-0002300,1078.8,255.9,16,50
2025-08-01T00:00:00Z,WriteSensor,LS-0002301,810.8,265.7,32,50
2025-08-01T00:02:00Z,WriteSensor,LS-0002302,865.5,275.6,32,50
2025-08-01T00:04:00Z,WriteSensor,LS-0002303,804.4,295.9,32,50
2025-08-01T00:06:00Z,WriteSensor,LS-0002304,866.2,281.5,32,50
2025-08-01T00:08:00Z,WriteSensor,LS-0002305,741.8,310.8,32,50
2025-08-01T00:10:00Z,WriteSensor,LS-0002306,887.1,314.9,32,50
2025-08-01T00:12:00Z,WriteSensor,LS-0002307,764.7,320.7,32,50
2025-08-01T00:14:00Z,WriteSensor,LS-0002308,791.7,311.5,32,50
2025-08-01T00:16:00Z,WriteSensor,LS-0002309,847.6,304.2,32,50
2025-08-01T00:18:00Z,WriteSensor,LS-0002310,867.3,334.6,32,50
2025-08-01T00:20:00Z,WriteSensor,LS-0002311,879.6,310.0,32,50
2025-08-01T00:22:00Z,WriteSensor,LS-0002312,841.8,345.5,32,50
2025-08-01T00:24:00Z,WriteSensor,LS-0002313,820.9,333.6,32,50
2025-08-01T00:26:00Z,WriteSensor,LS-0002314,847.2,323.3,32,50
2025-08-01T00:28:00Z,WriteSensor,LS-0002315,809.6,334.1,32,50
2025-08-01T00:30:00Z,WriteSensor,LS-0002316,794.8,295.8,32,50
2025-08-01T00:32:00Z,WriteSensor,LS-0002317,819.9,351.6,32,50
2025-08-01T00:34:00Z,WriteSensor,LS-0002318,744.6,309.2,32,50
2025-08-01T00:36:00Z,WriteSensor,LS-0002319,840.0,345.7,32,50
2025-08-01T00:38:00Z,WriteSensor,LS-0002320,811.9,346.2,32,50
2025-08-01T00:40:00Z,WriteSensor,LS-0002321,832.4,332.7,32,50
2025-08-01T00:42:00Z,WriteSensor,LS-0002322,872.3,285.2,32,50
2025-08-01T00:44:00Z,WriteSensor,LS-0002323,806.8,351.3,32,50
2025-08-01T00:46:00Z,WriteSensor,LS-0002324,877.1,260.4,32,50
2025-08-01T00:48:00Z,WriteSensor,LS-0002325,817.1,331.9,32,50
2025-08-01T00:50:00Z,WriteSensor,LS-0002326,749.8,326.7,32,50
2025-08-01T00:52:00Z,WriteSensor,LS-0002327,812.0,353.5,32,50
2025-08-01T00:54:00Z,WriteSensor,LS-0002328,815.8,321.2,32,50
2025-08-01T00:56:00Z,WriteSensor,LS-0002329,798.9,336.2,32,50
2025-08-01T00:58:00Z,WriteSensor,LS-0002330,777.4,303.2,32,50
2025-08-01T01:00:00Z,WriteSensor,LS-0002331,872.6,321.9,32,50
2025-08-01T01:02:00Z,WriteSensor,LS-0002332,807.2,311.1,32,50
2025-08-01T01:04:00Z,WriteSensor,LS-0002333,816.8,312.6,32,50
2025-08-01T01:06:00Z,WriteSensor,LS-0002334,860.3,335.1,32,50
2025-08-01T01:08:00Z,WriteSensor,LS-0002335,904.7,278.6,32,50
2025-08-01T01:10:00Z,WriteSensor,LS-0002336,790.6,321.3,32,50
2025-08-01T01:12:00Z,WriteSensor,LS-0002337,846.5,301.4,32,50
2025-08-01T01:14:00Z,WriteSensor,LS-0002338,809.5,366.8,32,50
2025-08-01T01:16:00Z,WriteSensor,LS-0002339,861.9,322.4,32,50
2025-08-01T01:18:00Z,WriteSensor,LS-0002340,844.6,308.6,32,50
2025-08-01T01:20:00Z,WriteSensor,LS-0002341,802.7,295.4,32,50
2025-08-01T01:22:00Z,WriteSensor,LS-0002342,847.1,340.3,32,50
2025-08-01T01:24:00Z,WriteSensor,LS-0002343,811.4,354.8,32,50
2025-08-01T01:26:00Z,WriteSensor,LS-0002344,821.8,335.1,32,50
2025-08-01T01:28:00Z,WriteSensor,LS-0002345,778.3,355.3,32,50
2025-08-01T01:30:00Z,WriteSensor,LS-0002346,793.9,325.8,32,50
2025-08-01T01:32:00Z,WriteSensor,LS-0002347,896.4,327.8,32,50
2025-08-01T01:34:00Z,WriteSensor,LS-0002348,825.4,283.7,32,50
2025-08-01T01:36:00Z,WriteSensor,LS-0002349,837.6,330.9,32,50
2025-08-01T01:38:00Z,WriteSensor,LS-0002350,864.8,310.2,32,50
2025-08-01T01:40:00Z,WriteSensor,LS-0002351,862.9,329.4,32,50
2025-08-01T01:42:00Z,WriteSensor,LS-0002352,894.2,335.5,32,50
2025-08-01T01:44:00Z,WriteSensor,LS-0002353,829.1,306.4,32,50
2025-08-01T01:46:00Z,WriteSensor,LS-0002354,940.1,358.7,32,50
2025-08-01T01:48:00Z,WriteSensor,LS-0002355,869.1,339.2,32,50
2025-08-01T01:50:00Z,WriteSensor,LS-0002356,855.4,331.4,32,50
2025-08-01T01:52:00Z,WriteSensor,LS-0002357,890.3,267.4,32,50
2025-08-01T01:54:00Z,WriteSensor,LS-0002358,885.8,293.0,32,50
2025-08-01T01:56:00Z,WriteSensor,LS-0002359,733.6,313.1,32,50
2025-08-01T01:58:00Z,WriteSensor,LS-0002360,799.7,359.3,32,50
2025-08-01T02:00:00Z,WriteSensor,LS-0002361,845.6,302.8,32,50
2025-08-01T02:02:00Z,WriteSensor,LS-0002362,965.1,278.4,32,50
2025-08-01T02:04:00Z,WriteSensor,LS-0002363,811.8,323.9,32,50
2025-08-01T02:06:00Z,WriteSensor,LS-0002364,854.0,294.5,32,50
2025-08-01T02:08:00Z,WriteSensor,LS-0002365,715.5,348.1,32,50
2025-08-01T02:10:00Z,WriteSensor,LS-0002366,812.9,301.9,32,50
2025-08-01T02:12:00Z,WriteSensor,LS-0002367,879.5,315.2,32,50
2025-08-01T02:14:00Z,WriteSensor,LS-0002368,785.6,339.7,32,50
2025-08-01T02:16:00Z,WriteSensor,LS-0002369,803.1,280.2,32,50
2025-08-01T02:18:00Z,WriteSensor,LS-0002370,806.3,304.2,32,50
2025-08-01T02:20:00Z,WriteSensor,LS-0002371,873.7,345.3,32,50
2025-08-01T02:22:00Z,WriteSensor,LS-0002372,918.2,342.2,32,50
2025-08-01T02:24:00Z,WriteSensor,LS-0002373,850.5,307.1,32,50
2025-08-01T02:26:00Z,WriteSensor,LS-0002374,839.5,303.5,32,50
2025-08-01T02:28:00Z,WriteSensor,LS-0002375,853.0,355.2,32,50
2025-08-01T02:30:00Z,WriteSensor,LS-0002376,861.9,336.9,32,50
2025-08-01T02:32:00Z,WriteSensor,LS-0002377,866.7,334.0,32,50
2025-08-01T02:34:00Z,WriteSensor,LS-0002378,732.2,323.9,32,50
2025-08-01T02:36:00Z,WriteSensor,LS-0002379,785.8,351.5,32,50
2025-08-01T02:38:00Z,WriteSensor,LS-0002380,873.9,303.1,32,50
2025-08-01T02:40:00Z,WriteSensor,LS-0002381,850.0,315.0,32,50
2025-08-01T02:42:00Z,WriteSensor,LS-0002382,803.4,325.2,32,50
2025-08-01T02:44:00Z,WriteSensor,LS-0002383,853.2,321.1,32,50
2025-08-01T02:46:00Z,WriteSensor,LS-0002384,850.4,275.2,32,50
2025-08-01T02:48:00Z,WriteSensor,LS-0002385,796.4,299.6,32,50
2025-08-01T02:50:00Z,WriteSensor,LS-0002386,766.9,338.5,32,50
2025-08-01T02:52:00Z,WriteSensor,LS-0002387,881.0,299.5,32,50
2025-08-01T02:54:00Z,WriteSensor,LS-0002388,911.5,304.9,32,50
2025-08-01T02:56:00Z,WriteSensor,LS-0002389,691.6,286.8,32,50
2025-08-01T02:58:00Z,WriteSensor,LS-0002390,928.1,306.4,32,50
2025-08-01T03:00:00Z,WriteSensor,LS-0002391,877.6,363.4,32,50
2025-08-01T03:02:00Z,WriteSensor,LS-0002392,975.9,327.3,32,50
2025-08-01T03:04:00Z,WriteSensor,LS-0002393,782.9,344.0,32,50
2025-08-01T03:06:00Z,WriteSensor,LS-0002394,880.0,299.8,32,50
2025-08-01T03:08:00Z,WriteSensor,LS-0002395,850.5,348.3,32,50
2025-08-01T03:10:00Z,WriteSensor,LS-0002396,781.0,355.8,32,50
2025-08-01T03:12:00Z,WriteSensor,LS-0002397,815.6,333.3,32,50
2025-08-01T03:14:00Z,WriteSensor,LS-0002398,891.8,295.3,32,50
2025-08-01T03:16:00Z,WriteSensor,LS-0002399,868.3,330.7,32,50
2025-08-01T03:18:00Z,WriteSensor,LS-0002400,728.6,302.1,32,50
2025-08-01T03:20:00Z,WriteSensor,LS-0002401,826.3,322.2,32,50
2025-08-01T03:22:00Z,WriteSensor,LS-0002402,739.7,350.7,32,50
2025-08-01T03:24:00Z,WriteSensor,LS-0002403,791.7,274.7,32,50
2025-08-01T03:26:00Z,WriteSensor,LS-0002404,723.8,352.4,32,50
2025-08-01T03:28:00Z,WriteSensor,LS-0002405,881.1,289.3,32,50
2025-08-01T03:30:00Z,WriteSensor,LS-0002406,890.5,348.9,32,50
2025-08-01T03:32:00Z,WriteSensor,LS-0002407,776.1,365.0,32,50
2025-08-01T03:34:00Z,WriteSensor,LS-0002408,808.4,321.0,32,50
2025-08-01T03:36:00Z,WriteSensor,LS-0002409,869.7,324.0,32,50
2025-08-01T03:38:00Z,WriteSensor,LS-0002410,807.9,254.3,32,50
2025-08-01T03:40:00Z,WriteSensor,LS-0002411,705.4,315.9,32,50
2025-08-01T03:42:00Z,WriteSensor,LS-0002412,911.2,306.4,32,50
2025-08-01T03:44:00Z,WriteSensor,LS-0002413,746.4,357.5,32,50
2025-08-01T03:46:00Z,WriteSensor,LS-0002414,765.6,331.4,32,50
2025-08-01T03:48:00Z,WriteSensor,LS-0002415,824.8,344.9,32,50
2025-08-01T03:50:00Z,WriteSensor,LS-0002416,868.0,291.0,32,50
2025-08-01T03:52:00Z,WriteSensor,LS-0002417,745.2,362.3,32,50
2025-08-01T03:54:00Z,WriteSensor,LS-0002418,813.5,332.1,32,50
2025-08-01T03:56:00Z,WriteSensor,LS-0002419,858.3,326.1,32,50
2025-08-01T03:58:00Z,WriteSensor,LS-0002420,724.2,358.1,32,50
2025-08-01T04:00:00Z,WriteSensor,LS-0002421,876.4,288.7,32,50
2025-08-01T04:02:00Z,WriteSensor,LS-0002422,821.3,301.7,32,50
2025-08-01T04:04:00Z,WriteSensor,LS-0002423,877.3,330.0,32,50
2025-08-01T04:06:00Z,WriteSensor,LS-0002424,740.9,301.0,32,50
2025-08-01T04:08:00Z,WriteSensor,LS-0002425,795.0,352.7,32,50
2025-08-01T04:10:00Z,WriteSensor,LS-0002426,851.9,312.1,32,50
2025-08-01T04:12:00Z,WriteSensor,LS-0002427,791.4,303.7,32,50
2025-08-01T04:14:00Z,WriteSensor,LS-0002428,817.6,330.5,32,50
2025-08-01T04:16:00Z,WriteSensor,LS-0002429,790.3,334.6,32,50
2025-08-01T04:18:00Z,WriteSensor,LS-0002430,827.3,326.3,32,50
2025-08-01T04:20:00Z,WriteSensor,LS-0002431,848.2,318.4,32,50
2025-08-01T04:22:00Z,WriteSensor,LS-0002432,894.7,374.3,32,50
2025-08-01T04:24:00Z,WriteSensor,LS-0002433,837.1,317.6,32,50
2025-08-01T04:26:00Z,WriteSensor,LS-0002434,813.6,294.3,32,50
2025-08-01T04:28:00Z,WriteSensor,LS-0002435,753.6,292.9,32,50
2025-08-01T04:30:00Z,WriteSensor,LS-0002436,880.1,328.4,32,50
2025-08-01T04:32:00Z,WriteSensor,LS-0002437,763.5,305.9,32,50
2025-08-01T04:34:00Z,WriteSensor,LS-0002438,764.5,317.7,32,50
2025-08-01T04:36:00Z,WriteSensor,LS-0002439,797.9,343.5,32,50
2025-08-01T04:38:00Z,WriteSensor,LS-0002440,819.4,321.8,32,50
2025-08-01T04:40:00Z,WriteSensor,LS-0002441,909.8,324.5,32,50
2025-08-01T04:42:00Z,WriteSensor,LS-0002442,834.5,308.6,32,50
2025-08-01T04:44:00Z,WriteSensor,LS-0002443,846.7,298.7,32,50
2025-08-01T04:46:00Z,WriteSensor,LS-0002444,854.0,379.2,32,50
2025-08-01T04:48:00Z,WriteSensor,LS-0002445,865.4,307.1,32,50
2025-08-01T04:50:00Z,WriteSensor,LS-0002446,785.6,350.8,32,50
2025-08-01T04:52:00Z,WriteSensor,LS-0002447,903.2,341.2,32,50
2025-08-01T04:54:00Z,WriteSensor,LS-0002448,843.5,303.2,32,50
2025-08-01T04:56:00Z,WriteSensor,LS-0002449,814.1,295.2,32,50
2025-08-01T04:58:00Z,WriteSensor,LS-0002450,833.7,306.4,32,50
2025-08-01T05:00:00Z,WriteSensor,LS-0002451,761.7,293.3,32,50
2025-08-01T05:02:00Z,WriteSensor,LS-0002452,916.7,350.1,32,50
2025-08-01T05:04:00Z,WriteSensor,LS-0002453,796.7,307.7,32,50
2025-08-01T05:06:00Z,WriteSensor,LS-0002454,762.9,339.1,32,50
2025-08-01T05:08:00Z,WriteSensor,LS-0002455,916.3,330.7,32,50
2025-08-01T05:10:00Z,WriteSensor,LS-0002456,840.3,346.8,32,50
2025-08-01T05:12:00Z,WriteSensor,LS-0002457,865.7,319.9,32,50
2025-08-01T05:14:00Z,WriteSensor,LS-0002458,865.1,260.3,32,50
2025-08-01T05:16:00Z,WriteSensor,LS-0002459,858.2,339.3,32,50
2025-08-01T05:18:00Z,WriteSensor,LS-0002460,895.9,322.2,32,50
2025-08-01T05:20:00Z,WriteSensor,LS-0002461,853.6,338.5,32,50
2025-08-01T05:22:00Z,WriteSensor,LS-0002462,803.0,293.6,32,50
2025-08-01T05:24:00Z,WriteSensor,LS-0002463,783.4,298.1,32,50
2025-08-01T05:26:00Z,WriteSensor,LS-0002464,826.9,320.4,32,50
2025-08-01T05:28:00Z,WriteSensor,LS-0002465,811.3,316.1,32,50
2025-08-01T05:30:00Z,WriteSensor,LS-0002466,882.0,309.6,32,50
2025-08-01T05:32:00Z,WriteSensor,LS-0002467,837.3,307.0,32,50
2025-08-01T05:34:00Z,WriteSensor,LS-0002468,834.1,351.6,32,50
2025-08-01T05:36:00Z,WriteSensor,LS-0002469,824.5,318.1,32,50
2025-08-01T05:38:00Z,WriteSensor,LS-0002470,920.3,319.9,32,50
2025-08-01T05:40:00Z,WriteSensor,LS-0002471,825.5,346.1,32,50
2025-08-01T05:42:00Z,WriteSensor,LS-0002472,788.1,288.7,32,50
2025-08-01T05:44:00Z,WriteSensor,LS-0002473,847.4,301.3,32,50
2025-08-01T05:46:00Z,WriteSensor,LS-0002474,908.9,328.5,32,50
2025-08-01T05:48:00Z,WriteSensor,LS-0002475,804.1,320.1,32,50
2025-08-01T05:50:00Z,WriteSensor,LS-0002476,850.0,293.0,32,50
2025-08-01T05:52:00Z,WriteSensor,LS-0002477,796.4,339.5,32,50
2025-08-01T05:54:00Z,WriteSensor,LS-0002478,865.7,309.9,32,50
2025-08-01T05:56:00Z,WriteSensor,LS-0002479,812.6,303.2,32,50
2025-08-01T05:58:00Z,WriteSensor,LS-0002480,885.6,302.6,32,50
2025-08-01T06:00:00Z,WriteSensor,LS-0002481,801.0,296.0,32,50
2025-08-01T06:02:00Z,WriteSensor,LS-0002482,818.0,306.4,32,50
2025-08-01T06:04:00Z,WriteSensor,LS-0002483,775.9,331.8,32,50
2025-08-01T06:06:00Z,WriteSensor,LS-0002484,797.1,318.2,32,50
2025-08-01T06:08:00Z,WriteSensor,LS-0002485,841.9,350.3,32,50
2025-08-01T06:10:00Z,WriteSensor,LS-0002486,862.3,278.4,32,50
2025-08-01T06:12:00Z,WriteSensor,LS-0002487,836.3,325.3,32,50
2025-08-01T06:14:00Z,WriteSensor,LS-0002488,759.5,329.7,32,50
2025-08-01T06:16:00Z,WriteSensor,LS-0002489,854.5,269.8,32,50
2025-08-01T06:18:00Z,WriteSensor,LS-0002490,820.9,270.6,32,50
2025-08-01T06:20:00Z,WriteSensor,LS-0002491,851.2,315.2,32,50
2025-08-01T06:22:00Z,WriteSensor,LS-0002492,917.5,270.1,32,50
2025-08-01T06:24:00Z,WriteSensor,LS-0002493,851.2,308.7,32,50
2025-08-01T06:26:00Z,WriteSensor,LS-0002494,799.6,300.3,32,50
2025-08-01T06:28:00Z,WriteSensor,LS-0002495,804.0,305.9,32,50
2025-08-01T06:30:00Z,WriteSensor,LS-0002496,778.9,320.5,32,50
2025-08-01T06:32:00Z,WriteSensor,LS-0002497,846.0,294.2,32,50
2025-08-01T06:34:00Z,WriteSensor,LS-0002498,839.0,311.1,32,50
2025-08-01T06:36:00Z,WriteSensor,LS-0002499,797.4,331.2,32,50
2025-08-01T06:38:00Z,WriteSensor,LS-0002500,765.4,315.3,32,50
2025-08-01T06:40:00Z,WriteSensor,LS-0002501,793.9,337.3,32,50
2025-08-01T06:42:00Z,WriteSensor,LS-0002502,795.6,303.6,32,50
2025-08-01T06:44:00Z,WriteSensor,LS-0002503,830.1,323.2,32,50
2025-08-01T06:46:00Z,WriteSensor,LS-0002504,824.3,331.0,32,50
2025-08-01T06:48:00Z,WriteSensor,LS-0002505,754.3,314.7,32,50
2025-08-01T06:50:00Z,WriteSensor,LS-0002506,850.5,307.6,32,50
2025-08-01T06:52:00Z,WriteSensor,LS-0002507,817.2,316.1,32,50
2025-08-01T06:54:00Z,WriteSensor,LS-0002508,826.1,303.6,32,50
2025-08-01T06:56:00Z,WriteSensor,LS-0002509,827.8,324.4,32,50
2025-08-01T06:58:00Z,WriteSensor,LS-0002510,793.2,310.7,32,50
2025-08-01T07:00:00Z,WriteSensor,LS-0002511,773.0,333.1,32,50
2025-08-01T07:02:00Z,WriteSensor,LS-0002512,830.4,349.3,32,50
2025-08-01T07:04:00Z,WriteSensor,LS-0002513,847.9,343.6,32,50
2025-08-01T07:06:00Z,WriteSensor,LS-0002514,831.7,333.8,32,50
2025-08-01T07:08:00Z,WriteSensor,LS-0002515,931.7,324.4,32,50
2025-08-01T07:10:00Z,WriteSensor,LS-0002516,832.3,323.5,32,50
2025-08-01T07:12:00Z,WriteSensor,LS-0002517,809.5,371.4,32,50
2025-08-01T07:14:00Z,WriteSensor,LS-0002518,764.2,293.6,32,50
2025-08-01T07:16:00Z,WriteSensor,LS-0002519,823.8,305.8,32,50
2025-08-01T07:18:00Z,WriteSensor,LS-0002520,865.7,330.7,32,50
2025-08-01T07:20:00Z,WriteSensor,LS-0002521,701.4,323.6,32,50
2025-08-01T07:22:00Z,WriteSensor,LS-0002522,881.1,313.5,32,50
2025-08-01T07:24:00Z,WriteSensor,LS-0002523,809.4,301.4,32,50
2025-08-01T07:26:00Z,WriteSensor,LS-0002524,830.8,292.5,32,50
2025-08-01T07:28:00Z,WriteSensor,LS-0002525,801.5,322.2,32,50
2025-08-01T07:30:00Z,WriteSensor,LS-0002526,775.3,307.6,32,50
2025-08-01T07:32:00Z,WriteSensor,LS-0002527,775.8,270.0,32,50
2025-08-01T07:34:00Z,WriteSensor,LS-0002528,821.2,296.6,32,50
2025-08-01T07:36:00Z,WriteSensor,LS-0002529,846.0,288.1,32,50
2025-08-01T07:38:00Z,WriteSensor,LS-0002530,811.4,336.7,32,50
2025-08-01T07:40:00Z,WriteSensor,LS-0002531,791.0,282.4,32,50
2025-08-01T07:42:00Z,WriteSensor,LS-0002532,768.6,331.5,32,50
2025-08-01T07:44:00Z,WriteSensor,LS-0002533,780.6,309.4,32,50
2025-08-01T07:46:00Z,WriteSensor,LS-0002534,864.3,329.6,32,50
2025-08-01T07:48:00Z,WriteSensor,LS-0002535,758.1,337.0,32,50
2025-08-01T07:50:00Z,WriteSensor,LS-0002536,837.9,333.9,32,50
2025-08-01T07:52:00Z,WriteSensor,LS-0002537,904.2,309.4,32,50
2025-08-01T07:54:00Z,WriteSensor,LS-0002538,836.1,301.6,32,50
2025-08-01T07:56:00Z,WriteSensor,LS-0002539,888.1,294.5,32,50
2025-08-01T07:58:00Z,WriteSensor,LS-0002540,807.4,315.2,32,50
2025-08-01T08:00:00Z,WriteSensor,LS-0002541,810.7,315.3,32,50
2025-08-01T08:02:00Z,WriteSensor,LS-0002542,827.3,275.5,32,50
2025-08-01T08:04:00Z,WriteSensor,LS-0002543,806.1,312.3,32,50
2025-08-01T08:06:00Z,WriteSensor,LS-0002544,783.2,382.7,32,50
2025-08-01T08:08:00Z,WriteSensor,LS-0002545,867.7,292.6,32,50
2025-08-01T08:10:00Z,WriteSensor,LS-0002546,705.5,319.1,32,50
2025-08-01T08:12:00Z,WriteSensor,LS-0002547,843.8,346.9,32,50
2025-08-01T08:14:00Z,WriteSensor,LS-0002548,773.6,311.8,32,50
2025-08-01T08:16:00Z,WriteSensor,LS-0002549,818.8,299.1,32,50
2025-08-01T08:18:00Z,WriteSensor,LS-0002550,734.9,325.8,32,50
2025-08-01T08:20:00Z,WriteSensor,LS-0002551,819.3,329.2,32,50
2025-08-01T08:22:00Z,WriteSensor,LS-0002552,841.5,290.1,32,50
2025-08-01T08:24:00Z,WriteSensor,LS-0002553,729.4,347.7,32,50
2025-08-01T08:26:00Z,WriteSensor,LS-0002554,798.1,269.0,32,50
2025-08-01T08:28:00Z,WriteSensor,LS-0002555,836.5,331.1,32,50
2025-08-01T08:30:00Z,WriteSensor,LS-0002556,853.1,313.9,32,50
2025-08-01T08:32:00Z,WriteSensor,LS-0002557,923.4,351.4,32,50
2025-08-01T08:34:00Z,WriteSensor,LS-0002558,798.4,298.5,32,50
2025-08-01T08:36:00Z,WriteSensor,LS-0002559,789.2,299.8,32,50
2025-08-01T08:38:00Z,WriteSensor,LS-0002560,763.5,316.1,32,50
2025-08-01T08:40:00Z,WriteSensor,LS-0002561,833.9,288.4,32,50
2025-08-01T08:42:00Z,WriteSensor,LS-0002562,780.9,301.9,32,50
2025-08-01T08:44:00Z,WriteSensor,LS-0002563,829.0,294.5,32,50
2025-08-01T08:46:00Z,WriteSensor,LS-0002564,848.6,287.3,32,50
2025-08-01T08:48:00Z,WriteSensor,LS-0002565,788.4,291.0,32,50
2025-08-01T08:50:00Z,WriteSensor,LS-0002566,761.2,354.1,32,50
2025-08-01T08:52:00Z,WriteSensor,LS-0002567,796.3,326.2,32,50
2025-08-01T08:54:00Z,WriteSensor,LS-0002568,782.5,295.2,32,50
2025-08-01T08:56:00Z,WriteSensor,LS-0002569,816.7,314.4,32,50
2025-08-01T08:58:00Z,WriteSensor,LS-0002570,739.9,345.4,32,50
2025-08-01T09:00:00Z,WriteSensor,LS-0002571,843.6,279.1,32,50
2025-08-01T09:02:00Z,WriteSensor,LS-0002572,752.2,335.0,32,50
2025-08-01T09:04:00Z,WriteSensor,LS-0002573,831.1,298.9,32,50
2025-08-01T09:06:00Z,WriteSensor,LS-0002574,792.3,304.8,32,50
2025-08-01T09:08:00Z,WriteSensor,LS-0002575,894.7,343.8,32,50
2025-08-01T09:10:00Z,WriteSensor,LS-0002576,866.8,277.8,32,50
2025-08-01T09:12:00Z,WriteSensor,LS-0002577,797.8,323.0,32,50
2025-08-01T09:14:00Z,WriteSensor,LS-0002578,825.2,376.1,32,50
2025-08-01T09:16:00Z,WriteSensor,LS-0002579,701.0,329.0,32,50
2025-08-01T09:18:00Z,WriteSensor,LS-0002580,830.5,331.2,32,50
2025-08-01T09:20:00Z,WriteSensor,LS-0002581,853.7,325.2,32,50
2025-08-01T09:22:00Z,WriteSensor,LS-0002582,756.2,283.4,32,50
2025-08-01T09:24:00Z,WriteSensor,LS-0002583,766.5,322.3,32,50
2025-08-01T09:26:00Z,WriteSensor,LS-0002584,795.7,302.2,32,50
2025-08-01T09:28:00Z,WriteSensor,LS-0002585,782.3,315.0,32,50
2025-08-01T09:30:00Z,WriteSensor,LS-0002586,784.1,336.3,32,50
2025-08-01T09:32:00Z,WriteSensor,LS-0002587,735.0,322.7,32,50
2025-08-01T09:34:00Z,WriteSensor,LS-0002588,856.1,337.5,32,50
2025-08-01T09:36:00Z,WriteSensor,LS-0002589,768.3,377.3,32,50
2025-08-01T09:38:00Z,WriteSensor,LS-0002590,847.4,307.5,32,50
2025-08-01T09:40:00Z,WriteSensor,LS-0002591,837.9,341.3,32,50
2025-08-01T09:42:00Z,WriteSensor,LS-0002592,843.3,265.7,32,50
2025-08-01T09:44:00Z,WriteSensor,LS-0002593,728.1,325.7,32,50
2025-08-01T09:46:00Z,WriteSensor,LS-0002594,763.1,303.8,32,50
2025-08-01T09:48:00Z,WriteSensor,LS-0002595,880.1,284.4,32,50
2025-08-01T09:50:00Z,WriteSensor,LS-0002596,803.3,352.9,32,50
2025-08-01T09:52:00Z,WriteSensor,LS-0002597,879.1,333.5,32,50
2025-08-01T09:54:00Z,WriteSensor,LS-0002598,868.6,327.1,32,50
2025-08-01T09:56:00Z,WriteSensor,LS-0002599,797.5,296.9,32,50
2025-08-01T09:58:00Z,WriteSensor,LS-0002600,859.1,310.9,32,50
2025-08-01T10:00:00Z,WriteSensor,LS-0002601,846.1,274.4,32,50
2025-08-01T10:02:00Z,WriteSensor,LS-0002602,820.0,320.3,32,50
2025-08-01T10:04:00Z,WriteSensor,LS-0002603,854.2,327.8,32,50
2025-08-01T10:06:00Z,WriteSensor,LS-0002604,849.1,334.4,32,50
2025-08-01T10:08:00Z,WriteSensor,LS-0002605,821.6,301.1,32,50
2025-08-01T10:10:00Z,WriteSensor,LS-0002606,781.8,304.8,32,50
2025-08-01T10:12:00Z,WriteSensor,LS-0002607,852.1,335.2,32,50
2025-08-01T10:14:00Z,WriteSensor,LS-0002608,771.7,343.8,32,50
2025-08-01T10:16:00Z,WriteSensor,LS-0002609,797.7,303.4,32,50
2025-08-01T10:18:00Z,WriteSensor,LS-0002610,888.1,330.7,32,50
2025-08-01T10:20:00Z,WriteSensor,LS-0002611,803.9,343.2,32,50
2025-08-01T10:22:00Z,WriteSensor,LS-0002612,853.2,361.4,32,50
2025-08-01T10:24:00Z,WriteSensor,LS-0002613,780.9,291.3,32,50
2025-08-01T10:26:00Z,WriteSensor,LS-0002614,811.7,314.7,32,50
2025-08-01T10:28:00Z,WriteSensor,LS-0002615,847.4,307.9,32,50
2025-08-01T10:30:00Z,WriteSensor,LS-0002616,804.5,320.8,32,50
2025-08-01T10:32:00Z,WriteSensor,LS-0002617,854.4,318.7,32,50
2025-08-01T10:34:00Z,WriteSensor,LS-0002618,793.9,356.3,32,50
2025-08-01T10:36:00Z,WriteSensor,LS-0002619,863.4,347.1,32,50
2025-08-01T10:38:00Z,WriteSensor,LS-0002620,841.4,346.6,32,50
2025-08-01T10:40:00Z,WriteSensor,LS-0002621,818.1,268.4,32,50
2025-08-01T10:42:00Z,WriteSensor,LS-0002622,871.9,294.2,32,50
2025-08-01T10:44:00Z,WriteSensor,LS-0002623,809.1,284.1,32,50
2025-08-01T10:46:00Z,WriteSensor,LS-0002624,770.4,342.5,32,50
2025-08-01T10:48:00Z,WriteSensor,LS-0002625,798.4,279.9,32,50
2025-08-01T10:50:00Z,WriteSensor,LS-0002626,853.2,298.6,32,50
2025-08-01T10:52:00Z,WriteSensor,LS-0002627,837.8,297.2,32,50
2025-08-01T10:54:00Z,WriteSensor,LS-0002628,866.3,337.1,32,50
2025-08-01T10:56:00Z,WriteSensor,LS-0002629,699.2,290.4,32,50
2025-08-01T10:58:00Z,WriteSensor,LS-0002630,761.9,302.8,32,50
2025-08-01T11:00:00Z,WriteSensor,LS-0002631,717.4,301.5,32,50
2025-08-01T11:02:00Z,WriteSensor,LS-0002632,759.7,315.5,32,50
2025-08-01T11:04:00Z,WriteSensor,LS-0002633,890.9,316.0,32,50
2025-08-01T11:06:00Z,WriteSensor,LS-0002634,894.5,324.4,32,50
2025-08-01T11:08:00Z,WriteSensor,LS-0002635,873.0,357.4,32,50
2025-08-01T11:10:00Z,WriteSensor,LS-0002636,738.1,317.2,32,50
2025-08-01T11:12:00Z,WriteSensor,LS-0002637,898.1,266.2,32,50
2025-08-01T11:14:00Z,WriteSensor,LS-0002638,855.5,306.2,32,50
2025-08-01T11:16:00Z,WriteSensor,LS-0002639,789.7,313.3,32,50
2025-08-01T11:18:00Z,WriteSensor,LS-0002640,845.1,311.6,32,50
2025-08-01T11:20:00Z,WriteSensor,LS-0002641,856.8,321.5,32,50
2025-08-01T11:22:00Z,WriteSensor,LS-0002642,917.3,317.6,32,50
2025-08-01T11:24:00Z,WriteSensor,LS-0002643,789.1,310.0,32,50
2025-08-01T11:26:00Z,WriteSensor,LS-0002644,730.8,333.8,32,50
2025-08-01T11:28:00Z,WriteSensor,LS-0002645,856.3,344.3,32,50
2025-08-01T11:30:00Z,WriteSensor,LS-0002646,816.1,334.8,32,50
2025-08-01T11:32:00Z,WriteSensor,LS-0002647,843.4,278.0,32,50
2025-08-01T11:34:00Z,WriteSensor,LS-0002648,898.8,367.5,32,50
2025-08-01T11:36:00Z,WriteSensor,LS-0002649,855.0,308.5,32,50
2025-08-01T11:38:00Z,WriteSensor,LS-0002650,865.6,323.3,32,50
2025-08-01T11:40:00Z,WriteSensor,LS-0002651,875.9,333.5,32,50
2025-08-01T11:42:00Z,WriteSensor,LS-0002652,915.1,331.9,32,50
2025-08-01T11:44:00Z,WriteSensor,LS-0002653,831.6,324.9,32,50
2025-08-01T11:46:00Z,WriteSensor,LS-0002654,890.3,357.4,32,50
2025-08-01T11:48:00Z,WriteSensor,LS-0002655,856.8,310.8,32,50
2025-08-01T11:50:00Z,WriteSensor,LS-0002656,874.0,340.1,32,50
2025-08-01T11:52:00Z,WriteSensor,LS-0002657,875.5,284.0,32,50
2025-08-01T11:54:00Z,WriteSensor,LS-0002658,837.5,334.0,32,50
2025-08-01T11:56:00Z,WriteSensor,LS-0002659,732.2,282.1,32,50
2025-08-01T11:58:00Z,WriteSensor,LS-0002660,879.1,321.2,32,50
2025-08-01T12:00:00Z,WriteSensor,LS-0002661,823.8,297.1,32,50
2025-08-01T12:02:00Z,WriteSensor,LS-0002662,829.6,318.0,32,50
2025-08-01T12:04:00Z,WriteSensor,LS-0002663,858.7,297.5,32,50
2025-08-01T12:06:00Z,WriteSensor,LS-0002664,810.1,309.7,32,50
2025-08-01T12:08:00Z,WriteSensor,LS-0002665,797.0,384.6,32,50
2025-08-01T12:10:00Z,WriteSensor,LS-0002666,796.9,330.7,32,50
2025-08-01T12:12:00Z,WriteSensor,LS-0002667,858.9,306.1,32,50
2025-08-01T12:14:00Z,WriteSensor,LS-0002668,813.1,317.1,32,50
2025-08-01T12:16:00Z,WriteSensor,LS-0002669,852.9,324.6,32,50
2025-08-01T12:18:00Z,WriteSensor,LS-0002670,801.9,326.4,32,50
2025-08-01T12:20:00Z,WriteSensor,LS-0002671,787.1,305.0,32,50
2025-08-01T12:22:00Z,WriteSensor,LS-0002672,771.4,288.3,32,50
2025-08-01T12:24:00Z,WriteSensor,LS-0002673,879.8,290.8,32,50
2025-08-01T12:26:00Z,WriteSensor,LS-0002674,839.8,318.5,32,50
2025-08-01T12:28:00Z,WriteSensor,LS-0002675,872.0,288.6,32,50
2025-08-01T12:30:00Z,WriteSensor,LS-0002676,904.0,311.7,32,50
2025-08-01T12:32:00Z,WriteSensor,LS-0002677,791.4,330.9,32,50
2025-08-01T12:34:00Z,WriteSensor,LS-0002678,793.0,316.4,32,50
2025-08-01T12:36:00Z,WriteSensor,LS-0002679,837.9,347.5,32,50
2025-08-01T12:38:00Z,WriteSensor,LS-0002680,873.2,337.5,32,50
2025-08-01T12:40:00Z,WriteSensor,LS-0002681,804.7,314.4,32,50
2025-08-01T12:42:00Z,WriteSensor,LS-0002682,862.0,357.8,32,50
2025-08-01T12:44:00Z,WriteSensor,LS-0002683,961.7,343.5,32,50
2025-08-01T12:46:00Z,WriteSensor,LS-0002684,765.3,316.4,32,50
2025-08-01T12:48:00Z,WriteSensor,LS-0002685,734.5,283.1,32,50
2025-08-01T12:50:00Z,WriteSensor,LS-0002686,941.6,300.1,32,50
2025-08-01T12:52:00Z,WriteSensor,LS-0002687,814.0,287.7,32,50
2025-08-01T12:54:00Z,WriteSensor,LS-0002688,884.3,279.6,32,50
2025-08-01T12:56:00Z,WriteSensor,LS-0002689,937.9,325.5,32,50
2025-08-01T12:58:00Z,WriteSensor,LS-0002690,833.1,338.7,32,50
2025-08-01T13:00:00Z,WriteSensor,LS-0002691,830.3,287.5,32,50
2025-08-01T13:02:00Z,WriteSensor,LS-0002692,827.9,316.2,32,50
2025-08-01T13:04:00Z,WriteSensor,LS-0002693,854.7,316.1,32,50
2025-08-01T13:06:00Z,WriteSensor,LS-0002694,864.6,301.9,32,50
2025-08-01T13:08:00Z,WriteSensor,LS-0002695,781.2,332.8,32,50
2025-08-01T13:10:00Z,WriteSensor,LS-0002696,769.3,285.4,32,50
2025-08-01T13:12:00Z,WriteSensor,LS-0002697,827.0,289.6,32,50
2025-08-01T13:14:00Z,WriteSensor,LS-0002698,855.8,289.5,32,50
2025-08-01T13:16:00Z,WriteSensor,LS-0002699,791.3,320.2,32,50
2025-08-01T13:18:00Z,WriteSensor,LS-0002700,745.9,298.7,32,50
2025-08-01T13:20:00Z,WriteSensor,LS-0002701,880.0,304.4,32,50
2025-08-01T13:22:00Z,WriteSensor,LS-0002702,873.2,345.1,32,50
2025-08-01T13:24:00Z,WriteSensor,LS-0002703,765.5,298.8,32,50
2025-08-01T13:26:00Z,WriteSensor,LS-0002704,758.0,282.5,32,50
2025-08-01T13:28:00Z,WriteSensor,LS-0002705,767.4,334.6,32,50
2025-08-01T13:30:00Z,WriteSensor,LS-0002706,812.5,318.1,32,50
2025-08-01T13:32:00Z,WriteSensor,LS-0002707,852.7,307.5,32,50
2025-08-01T13:34:00Z,WriteSensor,LS-0002708,799.7,356.1,32,50
2025-08-01T13:36:00Z,WriteSensor,LS-0002709,817.8,338.1,32,50
2025-08-01T13:38:00Z,WriteSensor,LS-0002710,787.3,333.1,32,50
2025-08-01T13:40:00Z,WriteSensor,LS-0002711,924.3,291.1,32,50
2025-08-01T13:42:00Z,WriteSensor,LS-0002712,834.8,304.2,32,50
2025-08-01T13:44:00Z,WriteSensor,LS-0002713,911.0,295.2,32,50
2025-08-01T13:46:00Z,WriteSensor,LS-0002714,758.5,238.6,32,50
2025-08-01T13:48:00Z,WriteSensor,LS-0002715,752.7,318.9,32,50
2025-08-01T13:50:00Z,WriteSensor,LS-0002716,911.3,323.2,32,50
2025-08-01T13:52:00Z,WriteSensor,LS-0002717,769.5,260.3,32,50
2025-08-01T13:54:00Z,WriteSensor,LS-0002718,825.3,310.8,32,50
2025-08-01T13:56:00Z,WriteSensor,LS-0002719,752.8,299.3,32,50
2025-08-01T13:58:00Z,WriteSensor,LS-0002720,780.7,326.6,32,50
2025-08-01T14:00:00Z,WriteSensor,LS-0002721,805.9,315.9,32,50
2025-08-01T14:02:00Z,WriteSensor,LS-0002722,799.3,310.3,32,50
2025-08-01T14:04:00Z,WriteSensor,LS-0002723,813.3,311.7,32,50
2025-08-01T14:06:00Z,WriteSensor,LS-0002724,849.0,268.2,32,50
2025-08-01T14:08:00Z,WriteSensor,LS-0002725,804.9,302.9,32,50
2025-08-01T14:10:00Z,WriteSensor,LS-0002726,861.1,315.1,32,50
2025-08-01T14:12:00Z,WriteSensor,LS-0002727,783.3,318.9,32,50
2025-08-01T14:14:00Z,WriteSensor,LS-0002728,792.7,285.0,32,50
2025-08-01T14:16:00Z,WriteSensor,LS-0002729,846.4,349.1,32,50
2025-08-01T14:18:00Z,WriteSensor,LS-0002730,759.5,349.4,32,50
2025-08-01T14:20:00Z,WriteSensor,LS-0002731,765.9,331.3,32,50
2025-08-01T14:22:00Z,WriteSensor,LS-0002732,787.1,372.8,32,50
2025-08-01T14:24:00Z,WriteSensor,LS-0002733,783.9,320.0,32,50
2025-08-01T14:26:00Z,WriteSensor,LS-0002734,841.4,308.4,32,50
2025-08-01T14:28:00Z,WriteSensor,LS-0002735,825.8,344.7,32,50
2025-08-01T14:30:00Z,WriteSensor,LS-0002736,856.8,331.8,32,50
2025-08-01T14:32:00Z,WriteSensor,LS-0002737,843.6,259.2,32,50
2025-08-01T14:34:00Z,WriteSensor,LS-0002738,816.4,315.3,32,50
2025-08-01T14:36:00Z,WriteSensor,LS-0002739,819.1,296.4,32,50
2025-08-01T14:38:00Z,WriteSensor,LS-0002740,779.4,308.2,32,50
2025-08-01T14:40:00Z,WriteSensor,LS-0002741,767.4,331.7,32,50
2025-08-01T14:42:00Z,WriteSensor,LS-0002742,812.1,345.0,32,50
2025-08-01T14:44:00Z,WriteSensor,LS-0002743,886.3,291.2,32,50
2025-08-01T14:46:00Z,WriteSensor,LS-0002744,830.6,278.7,32,50
2025-08-01T14:48:00Z,WriteSensor,LS-0002745,835.6,378.3,32,50
2025-08-01T14:50:00Z,WriteSensor,LS-0002746,874.4,340.4,32,50
2025-08-01T14:52:00Z,WriteSensor,LS-0002747,851.9,335.2,32,50
2025-08-01T14:54:00Z,WriteSensor,LS-0002748,881.5,324.7,32,50
2025-08-01T14:56:00Z,WriteSensor,LS-0002749,852.8,266.0,32,50
2025-08-01T14:58:00Z,WriteSensor,LS-0002750,929.6,322.6,32,50
2025-08-01T15:00:00Z,WriteSensor,LS-0002751,883.3,260.8,32,50
2025-08-01T15:02:00Z,WriteSensor,LS-0002752,853.0,326.4,32,50
2025-08-01T15:04:00Z,WriteSensor,LS-0002753,843.4,381.9,32,50
2025-08-01T15:06:00Z,WriteSensor,LS-0002754,838.5,305.7,32,50
2025-08-01T15:08:00Z,WriteSensor,LS-0002755,833.3,309.0,32,50
2025-08-01T15:10:00Z,WriteSensor,LS-0002756,830.7,386.8,32,50
2025-08-01T15:12:00Z,WriteSensor,LS-0002757,899.0,307.0,32,50
2025-08-01T15:14:00Z,WriteSensor,LS-0002758,766.9,342.9,32,50
2025-08-01T15:16:00Z,WriteSensor,LS-0002759,861.5,352.0,32,50
2025-08-01T15:18:00Z,WriteSensor,LS-0002760,838.5,335.1,32,50
2025-08-01T15:20:00Z,WriteSensor,LS-0002761,785.9,341.3,32,50
2025-08-01T15:22:00Z,WriteSensor,LS-0002762,788.0,315.5,32,50
2025-08-01T15:24:00Z,WriteSensor,LS-0002763,867.3,326.4,32,50
2025-08-01T15:26:00Z,WriteSensor,LS-0002764,875.4,234.4,32,50
2025-08-01T15:28:00Z,WriteSensor,LS-0002765,837.3,339.4,32,50
2025-08-01T15:30:00Z,WriteSensor,LS-0002766,730.0,338.2,32,50
2025-08-01T15:32:00Z,WriteSensor,LS-0002767,909.8,322.3,32,50
2025-08-01T15:34:00Z,WriteSensor,LS-0002768,768.0,296.1,32,50
2025-08-01T15:36:00Z,WriteSensor,LS-0002769,798.2,351.2,32,50
2025-08-01T15:38:00Z,WriteSensor,LS-0002770,809.8,367.6,32,50
2025-08-01T15:40:00Z,WriteSensor,LS-0002771,785.1,300.8,32,50
2025-08-01T15:42:00Z,WriteSensor,LS-0002772,877.9,315.3,32,50
2025-08-01T15:44:00Z,WriteSensor,LS-0002773,863.8,301.4,32,50
2025-08-01T15:46:00Z,WriteSensor,LS-0002774,797.9,281.5,32,50
2025-08-01T15:48:00Z,WriteSensor,LS-0002775,782.4,295.6,32,50
2025-08-01T15:50:00Z,WriteSensor,LS-0002776,841.2,315.7,32,50
2025-08-01T15:52:00Z,WriteSensor,LS-0002777,825.7,345.9,32,50
2025-08-01T15:54:00Z,WriteSensor,LS-0002778,797.7,294.0,32,50
2025-08-01T15:56:00Z,WriteSensor,LS-0002779,754.0,310.0,32,50
2025-08-01T15:58:00Z,WriteSensor,LS-0002780,835.8,347.0,32,50
2025-08-01T16:00:00Z,WriteSensor,LS-0002781,810.9,300.2,32,50
2025-08-01T16:02:00Z,WriteSensor,LS-0002782,828.0,301.3,32,50
2025-08-01T16:04:00Z,WriteSensor,LS-0002783,842.7,279.8,32,50
2025-08-01T16:06:00Z,WriteSensor,LS-0002784,766.9,323.3,32,50
2025-08-01T16:08:00Z,WriteSensor,LS-0002785,910.4,345.1,32,50
2025-08-01T16:10:00Z,WriteSensor,LS-0002786,781.4,328.2,32,50
2025-08-01T16:12:00Z,WriteSensor,LS-0002787,802.3,335.6,32,50
2025-08-01T16:14:00Z,WriteSensor,LS-0002788,853.2,356.8,32,50
2025-08-01T16:16:00Z,WriteSensor,LS-0002789,762.6,284.9,32,50
2025-08-01T16:18:00Z,WriteSensor,LS-0002790,796.0,362.9,32,50
2025-08-01T16:20:00Z,WriteSensor,LS-0002791,755.2,316.6,32,50
2025-08-01T16:22:00Z,WriteSensor,LS-0002792,894.7,318.0,32,50
2025-08-01T16:24:00Z,WriteSensor,LS-0002793,682.4,358.2,32,50
2025-08-01T16:26:00Z,WriteSensor,LS-0002794,754.7,324.4,32,50
2025-08-01T16:28:00Z,WriteSensor,LS-0002795,776.3,323.2,32,50
2025-08-01T16:30:00Z,WriteSensor,LS-0002796,939.0,334.6,32,50
2025-08-01T16:32:00Z,WriteSensor,LS-0002797,772.8,309.9,32,50
2025-08-01T16:34:00Z,WriteSensor,LS-0002798,720.3,337.7,32,50
2025-08-01T16:36:00Z,WriteSensor,LS-0002799,853.4,337.3,32,50
2025-08-01T16:38:00Z,WriteSensor,LS-0002800,780.0,263.5,32,50
2025-08-01T16:40:00Z,WriteSensor,LS-0002801,769.9,358.1,32,50
2025-08-01T16:42:00Z,WriteSensor,LS-0002802,823.6,354.7,32,50
2025-08-01T16:44:00Z,WriteSensor,LS-0002803,845.7,320.7,32,50
2025-08-01T16:46:00Z,WriteSensor,LS-0002804,778.5,301.1,32,50
2025-08-01T16:48:00Z,WriteSensor,LS-0002805,786.5,297.0,32,50
2025-08-01T16:50:00Z,WriteSensor,LS-0002806,730.2,311.8,32,50
2025-08-01T16:52:00Z,WriteSensor,LS-0002807,774.6,323.6,32,50
2025-08-01T16:54:00Z,WriteSensor,LS-0002808,871.8,301.2,32,50
2025-08-01T16:56:00Z,WriteSensor,LS-0002809,736.4,302.8,32,50
2025-08-01T16:58:00Z,WriteSensor,LS-0002810,793.8,311.8,32,50
2025-08-01T17:00:00Z,WriteSensor,LS-0002811,868.2,317.5,32,50
2025-08-01T17:02:00Z,WriteSensor,LS-0002812,809.6,296.5,32,50
2025-08-01T17:04:00Z,WriteSensor,LS-0002813,892.7,326.8,32,50
2025-08-01T17:06:00Z,WriteSensor,LS-0002814,836.9,286.9,32,50
2025-08-01T17:08:00Z,WriteSensor,LS-0002815,754.4,316.4,32,50
2025-08-01T17:10:00Z,WriteSensor,LS-0002816,782.4,359.8,32,50
2025-08-01T17:12:00Z,WriteSensor,LS-0002817,832.2,356.6,32,50
2025-08-01T17:14:00Z,WriteSensor,LS-0002818,827.6,332.5,32,50
2025-08-01T17:16:00Z,WriteSensor,LS-0002819,919.0,306.6,32,50
2025-08-01T17:18:00Z,WriteSensor,LS-0002820,820.0,297.8,32,50
2025-08-01T17:20:00Z,WriteSensor,LS-0002821,823.4,274.9,32,50
2025-08-01T17:22:00Z,WriteSensor,LS-0002822,857.0,331.1,32,50
2025-08-01T17:24:00Z,WriteSensor,LS-0002823,845.0,332.6,32,50
2025-08-01T17:26:00Z,WriteSensor,LS-0002824,849.7,300.9,32,50
2025-08-01T17:28:00Z,WriteSensor,LS-0002825,795.4,333.6,32,50
2025-08-01T17:30:00Z,WriteSensor,LS-0002826,854.2,307.1,32,50
2025-08-01T17:32:00Z,WriteSensor,LS-0002827,823.2,327.1,32,50
2025-08-01T17:34:00Z,WriteSensor,LS-0002828,867.3,272.2,32,50
2025-08-01T17:36:00Z,WriteSensor,LS-0002829,813.4,323.6,32,50
2025-08-01T17:38:00Z,WriteSensor,LS-0002830,764.7,342.7,32,50
2025-08-01T17:40:00Z,WriteSensor,LS-0002831,796.9,335.0,32,50
2025-08-01T17:42:00Z,WriteSensor,LS-0002832,777.8,342.7,32,50
2025-08-01T17:44:00Z,WriteSensor,LS-0002833,852.7,340.6,32,50
2025-08-01T17:46:00Z,WriteSensor,LS-0002834,829.4,333.2,32,50
2025-08-01T17:48:00Z,WriteSensor,LS-0002835,849.2,353.5,32,50
2025-08-01T17:50:00Z,WriteSensor,LS-0002836,938.3,291.3,32,50
2025-08-01T17:52:00Z,WriteSensor,LS-0002837,796.4,319.7,32,50
2025-08-01T17:54:00Z,WriteSensor,LS-0002838,817.4,323.3,32,50
2025-08-01T17:56:00Z,WriteSensor,LS-0002839,819.4,312.3,32,50
2025-08-01T17:58:00Z,WriteSensor,LS-0002840,891.9,342.8,32,50
2025-08-01T18:00:00Z,WriteSensor,LS-0002841,823.3,315.4,32,50
2025-08-01T18:02:00Z,WriteSensor,LS-0002842,773.2,282.2,32,50
2025-08-01T18:04:00Z,WriteSensor,LS-0002843,834.9,335.9,32,50
2025-08-01T18:06:00Z,WriteSensor,LS-0002844,825.3,280.0,32,50
2025-08-01T18:08:00Z,WriteSensor,LS-0002845,845.3,318.5,32,50
2025-08-01T18:10:00Z,WriteSensor,LS-0002846,796.2,315.2,32,50
2025-08-01T18:12:00Z,WriteSensor,LS-0002847,865.1,331.7,32,50
2025-08-01T18:14:00Z,WriteSensor,LS-0002848,803.4,301.3,32,50
2025-08-01T18:16:00Z,WriteSensor,LS-0002849,818.9,319.8,32,50
2025-08-01T18:18:00Z,WriteSensor,LS-0002850,856.2,312.3,32,50
2025-08-01T18:20:00Z,WriteSensor,LS-0002851,848.3,301.0,32,50
2025-08-01T18:22:00Z,WriteSensor,LS-0002852,740.2,332.7,32,50
2025-08-01T18:24:00Z,WriteSensor,LS-0002853,836.3,315.5,32,50
2025-08-01T18:26:00Z,WriteSensor,LS-0002854,730.9,310.3,32,50
2025-08-01T18:28:00Z,WriteSensor,LS-0002855,823.1,310.0,32,50
2025-08-01T18:30:00Z,WriteSensor,LS-0002856,852.1,290.7,32,50
2025-08-01T18:32:00Z,WriteSensor,LS-0002857,909.2,293.1,32,50
2025-08-01T18:34:00Z,WriteSensor,LS-0002858,821.9,315.7,32,50
2025-08-01T18:36:00Z,WriteSensor,LS-0002859,877.4,352.3,32,50
2025-08-01T18:38:00Z,WriteSensor,LS-0002860,850.3,311.5,32,50
2025-08-01T18:40:00Z,WriteSensor,LS-0002861,920.0,315.8,32,50
2025-08-01T18:42:00Z,WriteSensor,LS-0002862,762.7,317.2,32,50
2025-08-01T18:44:00Z,WriteSensor,LS-0002863,832.5,266.3,32,50
2025-08-01T18:46:00Z,WriteSensor,LS-0002864,857.8,290.4,32,50
2025-08-01T18:48:00Z,WriteSensor,LS-0002865,747.2,318.5,32,50
2025-08-01T18:50:00Z,WriteSensor,LS-0002866,862.6,270.5,32,50
2025-08-01T18:52:00Z,WriteSensor,LS-0002867,815.8,341.1,32,50
2025-08-01T18:54:00Z,WriteSensor,LS-0002868,756.5,343.9,32,50
2025-08-01T18:56:00Z,WriteSensor,LS-0002869,897.2,319.8,32,50
2025-08-01T18:58:00Z,WriteSensor,LS-0002870,783.7,320.4,32,50
2025-08-01T19:00:00Z,WriteSensor,LS-0002871,784.2,332.0,32,50
2025-08-01T19:02:00Z,WriteSensor,LS-0002872,836.3,347.3,32,50
2025-08-01T19:04:00Z,WriteSensor,LS-0002873,797.7,295.4,32,50
2025-08-01T19:06:00Z,WriteSensor,LS-0002874,753.1,290.0,32,50
2025-08-01T19:08:00Z,WriteSensor,LS-0002875,688.9,338.3,32,50
2025-08-01T19:10:00Z,WriteSensor,LS-0002876,843.2,321.7,32,50
2025-08-01T19:12:00Z,WriteSensor,LS-0002877,801.5,315.7,32,50
2025-08-01T19:14:00Z,WriteSensor,LS-0002878,753.7,310.5,32,50
2025-08-01T19:16:00Z,WriteSensor,LS-0002879,891.7,335.3,32,50
2025-08-01T19:18:00Z,WriteSensor,LS-0002880,773.7,364.8,32,50
2025-08-01T19:20:00Z,WriteSensor,LS-0002881,789.2,326.2,32,50
2025-08-01T19:22:00Z,WriteSensor,LS-0002882,837.5,366.2,32,50
2025-08-01T19:24:00Z,WriteSensor,LS-0002883,897.9,302.8,32,50
2025-08-01T19:26:00Z,WriteSensor,LS-0002884,878.7,342.9,32,50
2025-08-01T19:28:00Z,WriteSensor,LS-0002885,833.6,304.6,32,50
2025-08-01T19:30:00Z,WriteSensor,LS-0002886,821.7,292.0,32,50
2025-08-01T19:32:00Z,WriteSensor,LS-0002887,785.8,337.6,32,50
2025-08-01T19:34:00Z,WriteSensor,LS-0002888,762.3,328.6,32,50
2025-08-01T19:36:00Z,WriteSensor,LS-0002889,872.3,276.9,32,50
2025-08-01T19:38:00Z,WriteSensor,LS-0002890,818.5,337.1,32,50
2025-08-01T19:40:00Z,WriteSensor,LS-0002891,795.8,325.3,32,50
2025-08-01T19:42:00Z,WriteSensor,LS-0002892,861.0,335.6,32,50
2025-08-01T19:44:00Z,WriteSensor,LS-0002893,882.1,325.3,32,50
2025-08-01T19:46:00Z,WriteSensor,LS-0002894,773.5,321.0,32,50
2025-08-01T19:48:00Z,WriteSensor,LS-0002895,776.1,283.9,32,50
2025-08-01T19:50:00Z,WriteSensor,LS-0002896,769.9,278.6,32,50
2025-08-01T19:52:00Z,WriteSensor,LS-0002897,733.5,303.0,32,50
2025-08-01T19:54:00Z,WriteSensor,LS-0002898,763.2,340.9,32,50
2025-08-01T19:56:00Z,WriteSensor,LS-0002899,797.1,335.6,32,50
2025-08-01T19:58:00Z,WriteSensor,LS-0002900,840.8,322.5,32,50
2025-08-01T20:00:00Z,WriteSensor,LS-0002901,818.4,377.0,32,50
2025-08-01T20:02:00Z,WriteSensor,LS-0002902,828.8,358.9,32,50
2025-08-01T20:04:00Z,WriteSensor,LS-0002903,783.6,310.2,32,50
2025-08-01T20:06:00Z,WriteSensor,LS-0002904,951.2,339.7,32,50
2025-08-01T20:08:00Z,WriteSensor,LS-0002905,777.4,313.5,32,50
2025-08-01T20:10:00Z,WriteSensor,LS-0002906,786.3,281.1,32,50
2025-08-01T20:12:00Z,WriteSensor,LS-0002907,917.9,307.2,32,50
2025-08-01T20:14:00Z,WriteSensor,LS-0002908,829.3,359.0,32,50
2025-08-01T20:16:00Z,WriteSensor,LS-0002909,832.0,356.6,32,50
2025-08-01T20:18:00Z,WriteSensor,LS-0002910,871.5,319.0,32,50
2025-08-01T20:20:00Z,WriteSensor,LS-0002911,830.6,329.8,32,50
2025-08-01T20:22:00Z,WriteSensor,LS-0002912,829.9,325.1,32,50
2025-08-01T20:24:00Z,WriteSensor,LS-0002913,795.4,278.3,32,50
2025-08-01T20:26:00Z,WriteSensor,LS-0002914,766.6,285.1,32,50
2025-08-01T20:28:00Z,WriteSensor,LS-0002915,741.1,296.8,32,50
2025-08-01T20:30:00Z,WriteSensor,LS-0002916,856.9,307.0,32,50
2025-08-01T20:32:00Z,WriteSensor,LS-0002917,834.0,346.4,32,50
2025-08-01T20:34:00Z,WriteSensor,LS-0002918,856.2,329.5,32,50
2025-08-01T20:36:00Z,WriteSensor,LS-0002919,790.9,356.1,32,50
2025-08-01T20:38:00Z,WriteSensor,LS-0002920,786.4,324.2,32,50
2025-08-01T20:40:00Z,WriteSensor,LS-0002921,828.7,338.7,32,50
2025-08-01T20:42:00Z,WriteSensor,LS-0002922,743.9,278.2,32,50
2025-08-01T20:44:00Z,WriteSensor,LS-0002923,848.3,302.4,32,50
2025-08-01T20:46:00Z,WriteSensor,LS-0002924,800.6,377.7,32,50
2025-08-01T20:48:00Z,WriteSensor,LS-0002925,829.6,327.5,32,50
2025-08-01T20:50:00Z,WriteSensor,LS-0002926,886.1,301.8,32,50
2025-08-01T20:52:00Z,WriteSensor,LS-0002927,867.6,303.9,32,50
2025-08-01T20:54:00Z,WriteSensor,LS-0002928,867.8,304.7,32,50
2025-08-01T20:56:00Z,WriteSensor,LS-0002929,864.0,327.5,32,50
2025-08-01T20:58:00Z,WriteSensor,LS-0002930,821.2,304.0,32,50
2025-08-01T21:00:00Z,WriteSensor,LS-0002931,785.8,315.6,32,50
2025-08-01T21:02:00Z,WriteSensor,LS-0002932,738.8,323.3,32,50
2025-08-01T21:04:00Z,WriteSensor,LS-0002933,800.9,329.3,32,50
2025-08-01T21:06:00Z,WriteSensor,LS-0002934,807.6,345.6,32,50
2025-08-01T21:08:00Z,WriteSensor,LS-0002935,849.0,337.5,32,50
2025-08-01T21:10:00Z,WriteSensor,LS-0002936,811.0,301.1,32,50
2025-08-01T21:12:00Z,WriteSensor,LS-0002937,742.5,294.1,32,50
2025-08-01T21:14:00Z,WriteSensor,LS-0002938,809.1,296.8,32,50
2025-08-01T21:16:00Z,WriteSensor,LS-0002939,778.7,324.9,32,50
2025-08-01T21:18:00Z,WriteSensor,LS-0002940,789.1,350.1,32,50
2025-08-01T21:20:00Z,WriteSensor,LS-0002941,791.5,303.0,32,50
2025-08-01T21:22:00Z,WriteSensor,LS-0002942,817.0,306.3,32,50
2025-08-01T21:24:00Z,WriteSensor,LS-0002943,832.4,345.6,32,50
2025-08-01T21:26:00Z,WriteSensor,LS-0002944,809.1,336.1,32,50
2025-08-01T21:28:00Z,WriteSensor,LS-0002945,866.6,275.9,32,50
2025-08-01T21:30:00Z,WriteSensor,LS-0002946,796.1,333.6,32,50
2025-08-01T21:32:00Z,WriteSensor,LS-0002947,752.4,316.3,32,50
2025-08-01T21:34:00Z,WriteSensor,LS-0002948,829.1,329.0,32,50
2025-08-01T21:36:00Z,WriteSensor,LS-0002949,795.2,314.3,32,50
2025-08-01T21:38:00Z,WriteSensor,LS-0002950,814.2,293.4,32,50
2025-08-01T21:40:00Z,WriteSensor,LS-0002951,849.8,324.2,32,50
2025-08-01T21:42:00Z,WriteSensor,LS-0002952,853.1,290.9,32,50
2025-08-01T21:44:00Z,WriteSensor,LS-0002953,784.8,337.9,32,50
2025-08-01T21:46:00Z,WriteSensor,LS-0002954,833.1,338.0,32,50
2025-08-01T21:48:00Z,WriteSensor,LS-0002955,874.7,321.4,32,50
2025-08-01T21:50:00Z,WriteSensor,LS-0002956,934.7,331.5,32,50
2025-08-01T21:52:00Z,WriteSensor,LS-0002957,788.9,300.1,32,50
2025-08-01T21:54:00Z,WriteSensor,LS-0002958,667.8,314.3,32,50
2025-08-01T21:56:00Z,WriteSensor,LS-0002959,775.5,324.8,32,50
2025-08-01T21:58:00Z,WriteSensor,LS-0002960,821.0,335.9,32,50
2025-08-01T22:00:00Z,WriteSensor,LS-0002961,714.5,299.8,32,50
2025-08-01T22:02:00Z,WriteSensor,LS-0002962,833.3,290.0,32,50
2025-08-01T22:04:00Z,WriteSensor,LS-0002963,854.6,267.0,32,50
2025-08-01T22:06:00Z,WriteSensor,LS-0002964,865.4,325.9,32,50
2025-08-01T22:08:00Z,WriteSensor,LS-0002965,819.3,341.8,32,50
2025-08-01T22:10:00Z,WriteSensor,LS-0002966,738.6,334.9,32,50
2025-08-01T22:12:00Z,WriteSensor,LS-0002967,791.6,327.4,32,50
2025-08-01T22:14:00Z,WriteSensor,LS-0002968,849.0,291.6,32,50
2025-08-01T22:16:00Z,WriteSensor,LS-0002969,786.8,331.3,32,50
2025-08-01T22:18:00Z,WriteSensor,LS-0002970,829.0,311.5,32,50
2025-08-01T22:20:00Z,WriteSensor,LS-0002971,841.1,329.7,32,50
2025-08-01T22:22:00Z,WriteSensor,LS-0002972,768.0,276.3,32,50
2025-08-01T22:24:00Z,WriteSensor,LS-0002973,767.8,332.1,32,50
2025-08-01T22:26:00Z,WriteSensor,LS-0002974,843.8,284.3,32,50
2025-08-01T22:28:00Z,WriteSensor,LS-0002975,726.4,341.0,32,50
2025-08-01T22:30:00Z,WriteSensor,LS-0002976,802.1,315.9,32,50
2025-08-01T22:32:00Z,WriteSensor,LS-0002977,812.5,335.4,32,50
2025-08-01T22:34:00Z,WriteSensor,LS-0002978,768.1,379.1,32,50
2025-08-01T22:36:00Z,WriteSensor,LS-0002979,767.7,314.3,32,50
2025-08-01T22:38:00Z,WriteSensor,LS-0002980,784.6,295.4,32,50
2025-08-01T22:40:00Z,WriteSensor,LS-0002981,825.7,338.9,32,50
2025-08-01T22:42:00Z,WriteSensor,LS-0002982,833.2,327.9,32,50
2025-08-01T22:44:00Z,WriteSensor,LS-0002983,734.7,276.3,32,50
2025-08-01T22:46:00Z,WriteSensor,LS-0002984,754.7,306.6,32,50
2025-08-01T22:48:00Z,WriteSensor,LS-0002985,797.9,341.7,32,50
2025-08-01T22:50:00Z,WriteSensor,LS-0002986,755.2,338.8,32,50
2025-08-01T22:52:00Z,WriteSensor,LS-0002987,810.5,341.4,32,50
2025-08-01T22:54:00Z,WriteSensor,LS-0002988,865.5,311.3,32,50
2025-08-01T22:56:00Z,WriteSensor,LS-0002989,769.0,324.7,32,50
2025-08-01T22:58:00Z,WriteSensor,LS-0002990,832.4,342.8,32,50
2025-08-01T23:00:00Z,WriteSensor,LS-0002991,804.5,321.6,32,50
2025-08-01T23:02:00Z,WriteSensor,LS-0002992,774.2,340.9,32,50
2025-08-01T23:04:00Z,WriteSensor,LS-0002993,875.1,351.8,32,50
2025-08-01T23:06:00Z,WriteSensor,LS-0002994,778.7,354.9,32,50
2025-08-01T23:08:00Z,WriteSensor,LS-0002995,774.3,347.2,32,50
2025-08-01T23:10:00Z,WriteSensor,LS-0002996,744.0,375.2,32,50
2025-08-01T23:12:00Z,WriteSensor,LS-0002997,770.9,348.0,32,50
2025-08-01T23:14:00Z,WriteSensor,LS-0002998,820.4,380.9,32,50
2025-08-01T23:16:00Z,WriteSensor,LS-0002999,814.4,304.5,32,50
2025-08-01T23:18:00Z,WriteSensor,LS-0003000,846.5,323.8,32,50
2025-08-01T23:20:00Z,WriteSensor,LS-0003001,845.4,368.3,32,50
2025-08-01T23:22:00Z,WriteSensor,LS-0003002,822.8,285.6,32,50
2025-08-01T23:24:00Z,WriteSensor,LS-0003003,873.6,305.3,32,50
2025-08-01T23:26:00Z,WriteSensor,LS-0003004,773.8,333.6,32,50
2025-08-01T23:28:00Z,WriteSensor,LS-0003005,796.1,337.1,32,50
2025-08-01T23:30:00Z,WriteSensor,LS-0003006,810.2,343.5,32,50
2025-08-01T23:32:00Z,WriteSensor,LS-0003007,859.6,313.3,32,50
2025-08-01T23:34:00Z,WriteSensor,LS-0003008,836.3,356.8,32,50
2025-08-01T23:36:00Z,WriteSensor,LS-0003009,836.1,326.1,32,50
2025-08-01T23:38:00Z,WriteSensor,LS-0003010,786.5,318.0,32,50
2025-08-01T23:40:00Z,WriteSensor,LS-0003011,832.7,313.8,32,50
2025-08-01T23:42:00Z,WriteSensor,LS-0003012,822.0,284.5,32,50
2025-08-01T23:44:00Z,WriteSensor,LS-0003013,786.0,345.0,32,50
2025-08-01T23:46:00Z,WriteSensor,LS-0003014,831.3,300.6,32,50
2025-08-01T23:48:00Z,WriteSensor,LS-0003015,809.6,357.7,32,50
2025-08-01T23:50:00Z,WriteSensor,LS-0003016,839.5,262.9,32,50
2025-08-01T23:52:00Z,WriteSensor,LS-0003017,836.6,312.1,32,50
2025-08-01T23:54:00Z,WriteSensor,LS-0003018,811.0,324.3,32,50
2025-08-01T23:56:00Z,WriteSensor,LS-0003019,811.0,339.2,32,50
2025-08-01T23:58:00Z,WriteSensor,LS-0003020,847.3,327.7,32,50
2025-08-02T00:00:00Z,WriteSensor,LS-0003021,771.0,313.1,32,50
2025-08-02T00:02:00Z,WriteSensor,LS-0003022,853.7,300.8,32,50
2025-08-02T00:04:00Z,WriteSensor,LS-0003023,969.0,279.4,32,50
2025-08-02T00:06:00Z,WriteSensor,LS-0003024,795.6,306.5,32,50
2025-08-02T00:08:00Z,WriteSensor,LS-0003025,800.8,300.5,32,50
2025-08-02T00:10:00Z,WriteSensor,LS-0003026,777.7,315.5,32,50
2025-08-02T00:12:00Z,WriteSensor,LS-0003027,828.9,328.0,32,50
2025-08-02T00:14:00Z,WriteSensor,LS-0003028,806.0,352.7,32,50
2025-08-02T00:16:00Z,WriteSensor,LS-0003029,901.4,340.5,32,50
2025-08-02T00:18:00Z,WriteSensor,LS-0003030,782.5,305.0,32,50
2025-08-02T00:20:00Z,WriteSensor,LS-0003031,884.3,343.7,32,50
2025-08-02T00:22:00Z,WriteSensor,LS-0003032,782.1,354.6,32,50
2025-08-02T00:24:00Z,WriteSensor,LS-0003033,786.9,313.1,32,50
2025-08-02T00:26:00Z,WriteSensor,LS-0003034,843.9,333.0,32,50
2025-08-02T00:28:00Z,WriteSensor,LS-0003035,803.1,286.3,32,50
2025-08-02T00:30:00Z,WriteSensor,LS-0003036,796.7,270.6,32,50
2025-08-02T00:32:00Z,WriteSensor,LS-0003037,872.8,301.1,32,50
2025-08-02T00:34:00Z,WriteSensor,LS-0003038,858.5,321.6,32,50
2025-08-02T00:36:00Z,WriteSensor,LS-0003039,791.6,304.4,32,50
2025-08-02T00:38:00Z,WriteSensor,LS-0003040,795.1,313.2,32,50
2025-08-02T00:40:00Z,WriteSensor,LS-0003041,802.1,302.4,32,50
2025-08-02T00:42:00Z,WriteSensor,LS-0003042,824.1,291.4,32,50
2025-08-02T00:44:00Z,WriteSensor,LS-0003043,786.6,293.3,32,50
2025-08-02T00:46:00Z,WriteSensor,LS-0003044,761.8,302.7,32,50
2025-08-02T00:48:00Z,WriteSensor,LS-0003045,814.3,330.8,32,50
2025-08-02T00:50:00Z,WriteSensor,LS-0003046,768.8,292.1,32,50
2025-08-02T00:52:00Z,WriteSensor,LS-0003047,749.3,312.3,32,50
2025-08-02T00:54:00Z,WriteSensor,LS-0003048,855.3,313.3,32,50
2025-08-02T00:56:00Z,WriteSensor,LS-0003049,754.9,355.3,32,50
2025-08-02T00:58:00Z,WriteSensor,LS-0003050,803.1,254.3,32,50
2025-08-02T01:00:00Z,WriteSensor,LS-0003051,847.0,306.0,32,50
2025-08-02T01:02:00Z,WriteSensor,LS-0003052,815.8,259.3,32,50
2025-08-02T01:04:00Z,WriteSensor,LS-0003053,751.4,349.8,32,50
2025-08-02T01:06:00Z,WriteSensor,LS-0003054,787.2,323.3,32,50
2025-08-02T01:08:00Z,WriteSensor,LS-0003055,772.1,299.5,32,50
2025-08-02T01:10:00Z,WriteSensor,LS-0003056,813.8,364.5,32,50
2025-08-02T01:12:00Z,WriteSensor,LS-0003057,768.1,302.2,32,50
2025-08-02T01:14:00Z,WriteSensor,LS-0003058,891.8,270.0,32,50
2025-08-02T01:16:00Z,WriteSensor,LS-0003059,765.5,334.3,32,50
2025-08-02T01:18:00Z,WriteSensor,LS-0003060,812.3,338.9,32,50
2025-08-02T01:20:00Z,WriteSensor,LS-0003061,860.0,269.4,32,50
2025-08-02T01:22:00Z,WriteSensor,LS-0003062,766.5,283.6,32,50
2025-08-02T01:24:00Z,WriteSensor,LS-0003063,857.8,268.6,32,50
2025-08-02T01:26:00Z,WriteSensor,LS-0003064,800.4,344.5,32,50
2025-08-02T01:28:00Z,WriteSensor,LS-0003065,753.3,323.3,32,50
2025-08-02T01:30:00Z,WriteSensor,LS-0003066,780.1,287.9,32,50
2025-08-02T01:32:00Z,WriteSensor,LS-0003067,830.1,282.9,32,50
2025-08-02T01:34:00Z,WriteSensor,LS-0003068,846.5,309.1,32,50
2025-08-02T01:36:00Z,WriteSensor,LS-0003069,808.0,312.6,32,50
2025-08-02T01:38:00Z,WriteSensor,LS-0003070,813.1,330.1,32,50
2025-08-02T01:40:00Z,WriteSensor,LS-0003071,756.5,316.2,32,50
2025-08-02T01:42:00Z,WriteSensor,LS-0003072,834.1,299.4,32,50
2025-08-02T01:44:00Z,WriteSensor,LS-0003073,827.0,301.1,32,50
2025-08-02T01:46:00Z,WriteSensor,LS-0003074,794.9,331.0,32,50
2025-08-02T01:48:00Z,WriteSensor,LS-0003075,790.3,299.6,32,50
2025-08-02T01:50:00Z,WriteSensor,LS-0003076,858.7,299.1,32,50
2025-08-02T01:52:00Z,WriteSensor,LS-0003077,837.8,309.4,32,50
2025-08-02T01:54:00Z,WriteSensor,LS-0003078,909.5,314.1,32,50
2025-08-02T01:56:00Z,WriteSensor,LS-0003079,759.1,390.5,32,50
2025-08-02T01:58:00Z,WriteSensor,LS-0003080,802.6,280.8,32,50
2025-08-02T02:00:00Z,WriteSensor,LS-0003081,756.7,295.0,32,50
2025-08-02T02:02:00Z,WriteSensor,LS-0003082,817.1,309.5,32,50
2025-08-02T02:04:00Z,WriteSensor,LS-0003083,886.5,335.4,32,50
2025-08-02T02:06:00Z,WriteSensor,LS-0003084,778.7,309.8,32,50
2025-08-02T02:08:00Z,WriteSensor,LS-0003085,762.2,291.7,32,50
2025-08-02T02:10:00Z,WriteSensor,LS-0003086,883.0,289.1,32,50
2025-08-02T02:12:00Z,WriteSensor,LS-0003087,771.8,280.4,32,50
2025-08-02T02:14:00Z,WriteSensor,LS-0003088,839.9,367.5,32,50
2025-08-02T02:16:00Z,WriteSensor,LS-0003089,779.4,296.5,32,50
2025-08-02T02:18:00Z,WriteSensor,LS-0003090,844.3,300.0,32,50
2025-08-02T02:20:00Z,WriteSensor,LS-0003091,810.0,283.5,32,50
2025-08-02T02:22:00Z,WriteSensor,LS-0003092,916.4,308.6,32,50
2025-08-02T02:24:00Z,WriteSensor,LS-0003093,698.7,256.6,32,50
2025-08-02T02:26:00Z,WriteSensor,LS-0003094,772.1,368.4,32,50
2025-08-02T02:28:00Z,WriteSensor,LS-0003095,784.3,320.1,32,50
2025-08-02T02:30:00Z,WriteSensor,LS-0003096,791.7,309.6,32,50
2025-08-02T02:32:00Z,WriteSensor,LS-0003097,778.6,289.1,32,50
2025-08-02T02:34:00Z,WriteSensor,LS-0003098,812.6,285.9,32,50
2025-08-02T02:36:00Z,WriteSensor,LS-0003099,790.2,308.4,32,50
2025-08-02T02:38:00Z,WriteSensor,LS-0003100,813.3,358.0,32,50
